path,label,nuc_area,nuc_perimeter,nuc_circularity,nuc_eccentricity,nuc_solidity,nuc_extent,nuc_major_minor_ratio,nuc_roughness,nuc_convexity,cell_area,cell_perimeter,cell_circularity,cell_eccentricity,cell_solidity,cell_extent,cell_major_minor_ratio,cell_roughness,cell_convexity,ring1_area,ring1_perimeter,ring1_circularity,ring1_eccentricity,ring1_solidity,ring1_extent,ring1_major_minor_ratio,ring1_roughness,ring1_convexity,ring2_area,ring2_perimeter,ring2_circularity,ring2_eccentricity,ring2_solidity,ring2_extent,ring2_major_minor_ratio,ring2_roughness,ring2_convexity,nuc_area_frac,nuc_mean_b,nuc_mean_g,nuc_mean_r,nuc_std_b,nuc_std_g,nuc_std_r,nuc_mean_gray,nuc_std_gray,cell_area_frac,cell_mean_b,cell_mean_g,cell_mean_r,cell_std_b,cell_std_g,cell_std_r,cell_mean_gray,cell_std_gray,ring1_area_frac,ring1_mean_b,ring1_mean_g,ring1_mean_r,ring1_std_b,ring1_std_g,ring1_std_r,ring1_mean_gray,ring1_std_gray,ring2_area_frac,ring2_mean_b,ring2_mean_g,ring2_mean_r,ring2_std_b,ring2_std_g,ring2_std_r,ring2_mean_gray,ring2_std_gray,delta1_mean_b,delta1_std_b,delta2_mean_b,delta2_std_b,delta1_mean_g,delta1_std_g,delta2_mean_g,delta2_std_g,delta1_mean_r,delta1_std_r,delta2_mean_r,delta2_std_r,delta1_mean_gray,delta1_std_gray,delta2_mean_gray,delta2_std_gray,ratio_nuc_cell,ratio_ring1_cell,ratio_ring2_cell,ratio_nuc_ring1,ratio_nuc_ring2,lbp_nuc_00,lbp_nuc_01,lbp_nuc_02,lbp_nuc_03,lbp_nuc_04,lbp_nuc_05,lbp_nuc_06,lbp_nuc_07,lbp_nuc_08,lbp_nuc_09,lbp_nuc_10,lbp_nuc_11,lbp_nuc_12,lbp_nuc_13,lbp_nuc_14,lbp_nuc_15,lbp_nuc_16,lbp_nuc_17,lbp_nuc_18,lbp_nuc_19,lbp_nuc_20,lbp_nuc_21,lbp_nuc_22,lbp_nuc_23,lbp_nuc_24,lbp_nuc_25,lbp_nuc_26,lbp_nuc_27,lbp_nuc_28,lbp_nuc_29,lbp_nuc_30,lbp_nuc_31,lbp_ring1_00,lbp_ring1_01,lbp_ring1_02,lbp_ring1_03,lbp_ring1_04,lbp_ring1_05,lbp_ring1_06,lbp_ring1_07,lbp_ring1_08,lbp_ring1_09,lbp_ring1_10,lbp_ring1_11,lbp_ring1_12,lbp_ring1_13,lbp_ring1_14,lbp_ring1_15,lbp_ring1_16,lbp_ring1_17,lbp_ring1_18,lbp_ring1_19,lbp_ring1_20,lbp_ring1_21,lbp_ring1_22,lbp_ring1_23,lbp_ring1_24,lbp_ring1_25,lbp_ring1_26,lbp_ring1_27,lbp_ring1_28,lbp_ring1_29,lbp_ring1_30,lbp_ring1_31,lbp_ring2_00,lbp_ring2_01,lbp_ring2_02,lbp_ring2_03,lbp_ring2_04,lbp_ring2_05,lbp_ring2_06,lbp_ring2_07,lbp_ring2_08,lbp_ring2_09,lbp_ring2_10,lbp_ring2_11,lbp_ring2_12,lbp_ring2_13,lbp_ring2_14,lbp_ring2_15,lbp_ring2_16,lbp_ring2_17,lbp_ring2_18,lbp_ring2_19,lbp_ring2_20,lbp_ring2_21,lbp_ring2_22,lbp_ring2_23,lbp_ring2_24,lbp_ring2_25,lbp_ring2_26,lbp_ring2_27,lbp_ring2_28,lbp_ring2_29,lbp_ring2_30,lbp_ring2_31,nuc_glcm_contrast,nuc_glcm_homogeneity,nuc_glcm_energy,nuc_glcm_correlation,ring1_glcm_contrast,ring1_glcm_homogeneity,ring1_glcm_energy,ring1_glcm_correlation,ring2_glcm_contrast,ring2_glcm_homogeneity,ring2_glcm_energy,ring2_glcm_correlation
/home/ubuntu/all-idb/dataset/leukemia/Im001_1.tif,1,13180.500000,438.516815,0.861329,0.412495,0.985605,0.746644,1.097743,3.819621,0.939874,13489.000000,437.931030,0.883849,0.406220,0.989292,0.747396,1.094361,3.770647,0.949791,8.500000,33.698483,0.094061,0.990132,0.472222,0.059028,7.135699,11.558485,0.941913,0.000000,0.000000,0.000000,0.000000,0.000000,0.000000,0.000000,0.000000,0.000000,0.203964,121.208496,34.628788,77.120224,11.820476,25.722536,14.853046,57.202740,20.202404,0.208664,121.615135,36.035759,77.856087,12.096866,27.095526,15.557549,58.295795,21.263771,0.004700,139.262985,97.097404,109.792206,10.705275,8.184773,11.332447,105.733765,7.744325,0.000000,0.000000,0.000000,0.000000,0.000000,0.000000,0.000000,0.000000,0.000000,-18.054489,1.115201,121.208496,11.820476,-62.468616,17.537762,34.628788,25.722536,-32.671982,3.520599,77.120224,14.853046,-48.531025,12.458078,57.202740,20.202404,0.977477,0.022523,0.000000,43.399349,13367000432640.000000,0.070248,0.047505,0.013466,0.072417,0.005686,0.001870,0.012419,0.074811,0.012868,0.004638,0.002095,0.003965,0.014813,0.003666,0.029476,0.077355,0.051694,0.023715,0.003890,0.022144,0.001795,0.000898,0.004189,0.019376,0.069948,0.021845,0.004414,0.016010,0.071893,0.019002,0.065609,0.156280,0.016234,0.068182,0.000000,0.100649,0.003247,0.000000,0.000000,0.110390,0.000000,0.000000,0.000000,0.000000,0.000000,0.000000,0.003247,0.126623,0.107143,0.038961,0.000000,0.003247,0.000000,0.000000,0.000000,0.006494,0.136364,0.009740,0.000000,0.000000,0.123377,0.000000,0.110390,0.035714,0.000000,0.000000,0.000000,0.000000,0.000000,0.000000,0.000000,0.000000,0.000000,0.000000,0.000000,0.000000,0.000000,0.000000,0.000000,0.000000,0.000000,0.000000,0.000000,0.000000,0.000000,0.000000,0.000000,0.000000,0.000000,0.000000,0.000000,0.000000,0.000000,0.000000,0.000000,0.000000,0.000000,0.000000,0.000000,0.000000,0.000000,0.000000,0.000000,0.000000,0.000000,0.000000,0.000000,0.000000
/home/ubuntu/all-idb/dataset/leukemia/Im002_1.tif,1,10314.500000,432.031525,0.694428,0.674848,0.928858,0.670208,1.355093,4.253940,0.894692,10818.000000,426.475189,0.747428,0.629566,0.940532,0.691688,1.287089,4.100344,0.917150,120.000000,143.338089,0.073395,0.991105,0.388350,0.064865,7.514054,13.084918,0.859959,0.000000,0.000000,0.000000,0.000000,0.000000,0.000000,0.000000,0.000000,0.000000,0.160202,121.583481,27.240690,79.432899,12.017440,20.884783,14.924585,53.600342,17.388346,0.167877,122.499092,30.520451,81.281677,13.110588,25.452574,16.940607,56.182331,20.809927,0.007675,141.610336,98.978134,119.870773,19.039335,12.440615,8.210283,110.075546,10.837965,0.000000,0.000000,0.000000,0.000000,0.000000,0.000000,0.000000,0.000000,0.000000,-20.026855,-7.021895,121.583481,12.017440,-71.737442,8.444168,27.240690,20.884783,-40.437874,6.714302,79.432899,14.924585,-56.475204,6.550381,53.600342,17.388346,0.954281,0.045719,0.000000,20.872763,10499000369152.000000,0.072959,0.048862,0.013239,0.073436,0.004762,0.002667,0.014382,0.084008,0.015049,0.004286,0.002191,0.004953,0.014668,0.003334,0.029717,0.092390,0.047814,0.030479,0.003238,0.021907,0.001810,0.000571,0.004000,0.020478,0.052957,0.020859,0.004286,0.015335,0.051148,0.018954,0.059053,0.166206,0.045726,0.045726,0.000000,0.095427,0.000000,0.000000,0.005964,0.063618,0.003976,0.001988,0.001988,0.000000,0.000000,0.000000,0.017893,0.099404,0.123260,0.027833,0.000000,0.009940,0.001988,0.000000,0.000000,0.009940,0.141153,0.009940,0.000000,0.003976,0.139165,0.003976,0.071571,0.075547,0.000000,0.000000,0.000000,0.000000,0.000000,0.000000,0.000000,0.000000,0.000000,0.000000,0.000000,0.000000,0.000000,0.000000,0.000000,0.000000,0.000000,0.000000,0.000000,0.000000,0.000000,0.000000,0.000000,0.000000,0.000000,0.000000,0.000000,0.000000,0.000000,0.000000,0.000000,0.000000,0.000000,0.000000,0.000000,0.000000,0.000000,0.000000,0.000000,0.000000,0.000000,0.000000,0.000000,0.000000
/home/ubuntu/all-idb/dataset/leukemia/Im003_1.tif,1,8237.500000,351.605133,0.837327,0.389763,0.976238,0.740916,1.085876,3.873981,0.931061,8508.500000,353.261963,0.856780,0.360217,0.982109,0.737050,1.071963,3.829750,0.940023,31.500000,69.355339,0.082293,0.957348,0.257143,0.071267,3.460940,12.357329,0.870523,0.000000,0.000000,0.000000,0.000000,0.000000,0.000000,0.000000,0.000000,0.000000,0.127991,114.044708,21.741774,68.839294,10.332331,17.484451,14.065407,46.346329,15.222781,0.132126,114.763596,24.011894,70.262848,11.258797,21.430033,16.014948,48.186512,18.226019,0.004135,137.014755,94.276756,114.324722,15.323082,10.722299,8.211104,105.143913,9.618054,0.000000,0.000000,0.000000,0.000000,0.000000,0.000000,0.000000,0.000000,0.000000,-22.970047,-4.990751,114.044708,10.332331,-72.534981,6.762153,21.741774,17.484451,-45.485428,5.854302,68.839294,14.065407,-58.797585,5.604727,46.346329,15.222781,0.968703,0.031297,0.000000,30.952030,8387999825920.000000,0.064974,0.050906,0.014902,0.085360,0.004769,0.002027,0.014425,0.075227,0.013114,0.004053,0.002146,0.005842,0.015141,0.004649,0.026586,0.070935,0.039223,0.021817,0.004053,0.019433,0.001192,0.001788,0.003338,0.019194,0.062709,0.022175,0.003457,0.014425,0.072485,0.020863,0.072723,0.166071,0.025830,0.107011,0.003690,0.084871,0.003690,0.000000,0.003690,0.059041,0.003690,0.000000,0.000000,0.000000,0.000000,0.000000,0.011070,0.070111,0.114391,0.022140,0.000000,0.011070,0.000000,0.000000,0.000000,0.003690,0.162362,0.014760,0.003690,0.000000,0.143911,0.007380,0.114391,0.029520,0.000000,0.000000,0.000000,0.000000,0.000000,0.000000,0.000000,0.000000,0.000000,0.000000,0.000000,0.000000,0.000000,0.000000,0.000000,0.000000,0.000000,0.000000,0.000000,0.000000,0.000000,0.000000,0.000000,0.000000,0.000000,0.000000,0.000000,0.000000,0.000000,0.000000,0.000000,0.000000,0.000000,0.000000,0.000000,0.000000,0.000000,0.000000,0.000000,0.000000,0.000000,0.000000,0.000000,0.000000
/home/ubuntu/all-idb/dataset/leukemia/Im004_1.tif,1,8204.500000,387.404114,0.686963,0.425086,0.956960,0.730458,1.104785,4.276989,0.851198,8503.500000,368.090393,0.788676,0.382188,0.972941,0.735979,1.082152,3.991679,0.904415,86.000000,84.426407,0.151618,0.892012,0.378855,0.236264,2.212335,9.103933,0.754312,0.000000,0.000000,0.000000,0.000000,0.000000,0.000000,0.000000,0.000000,0.000000,0.127716,110.546478,21.830227,62.075268,12.205618,21.633423,13.916865,43.975269,17.467340,0.132156,111.471771,24.372475,63.757996,13.181013,25.372993,16.520376,46.075626,20.606186,0.004440,138.085907,97.494843,112.158073,12.370407,12.925207,11.322017,106.487976,9.243314,0.000000,0.000000,0.000000,0.000000,0.000000,0.000000,0.000000,0.000000,0.000000,-27.539429,-0.164789,110.546478,12.205618,-75.664612,8.708216,21.830227,21.633423,-50.082806,2.594849,62.075268,13.916865,-62.512707,8.224027,43.975269,17.467340,0.966401,0.033599,0.000000,28.762886,8369999970304.000000,0.066428,0.040621,0.013142,0.068100,0.005018,0.001434,0.015054,0.077778,0.013978,0.003704,0.001673,0.005496,0.015532,0.003943,0.028196,0.074194,0.041697,0.023178,0.004301,0.022461,0.002031,0.001912,0.004062,0.019952,0.080526,0.022342,0.005018,0.016487,0.070012,0.022461,0.059618,0.169654,0.041237,0.085911,0.003436,0.085911,0.000000,0.003436,0.006873,0.068729,0.010309,0.000000,0.000000,0.000000,0.003436,0.000000,0.017182,0.106529,0.123711,0.024055,0.000000,0.010309,0.000000,0.000000,0.000000,0.003436,0.164948,0.017182,0.000000,0.000000,0.158076,0.006873,0.037801,0.020619,0.000000,0.000000,0.000000,0.000000,0.000000,0.000000,0.000000,0.000000,0.000000,0.000000,0.000000,0.000000,0.000000,0.000000,0.000000,0.000000,0.000000,0.000000,0.000000,0.000000,0.000000,0.000000,0.000000,0.000000,0.000000,0.000000,0.000000,0.000000,0.000000,0.000000,0.000000,0.000000,0.000000,0.000000,0.000000,0.000000,0.000000,0.000000,0.000000,0.000000,0.000000,0.000000,0.000000,0.000000
/home/ubuntu/all-idb/dataset/leukemia/Im005_1.tif,1,8224.000000,342.877197,0.879054,0.218993,0.985500,0.775191,1.024878,3.780916,0.949272,8417.000000,345.220337,0.887512,0.212653,0.989072,0.785754,1.023408,3.762857,0.952104,3.000000,104.225395,0.003470,0.928631,0.013857,0.002778,2.695377,60.174561,0.926369,0.000000,0.000000,0.000000,0.000000,0.000000,0.000000,0.000000,0.000000,0.000000,0.127747,108.241875,20.049690,64.920090,9.113234,13.806428,10.817182,43.516125,11.204846,0.130722,108.486984,21.467024,65.785225,9.476321,16.617605,12.159512,44.634876,13.371099,0.002975,119.010254,82.317947,102.928207,16.317677,12.611003,7.764151,92.666664,10.181767,0.000000,0.000000,0.000000,0.000000,0.000000,0.000000,0.000000,0.000000,0.000000,-10.768379,-7.204443,108.241875,9.113234,-62.268257,1.195425,20.049690,13.806428,-38.008118,3.053031,64.920090,10.817182,-49.150539,1.023080,43.516125,11.204846,0.977238,0.022762,0.000000,42.933334,8372000129024.000000,0.068084,0.045628,0.013020,0.077759,0.005853,0.002986,0.015409,0.079909,0.016484,0.003703,0.002031,0.004300,0.014333,0.004419,0.026875,0.069756,0.042881,0.024128,0.004539,0.019709,0.002628,0.001075,0.004658,0.022456,0.062351,0.023172,0.005256,0.013378,0.065695,0.019947,0.071070,0.166507,0.000000,0.082051,0.000000,0.071795,0.000000,0.000000,0.000000,0.097436,0.000000,0.000000,0.000000,0.000000,0.000000,0.000000,0.000000,0.117949,0.071795,0.005128,0.000000,0.000000,0.000000,0.000000,0.000000,0.000000,0.169231,0.000000,0.000000,0.000000,0.158974,0.000000,0.220513,0.005128,0.000000,0.000000,0.000000,0.000000,0.000000,0.000000,0.000000,0.000000,0.000000,0.000000,0.000000,0.000000,0.000000,0.000000,0.000000,0.000000,0.000000,0.000000,0.000000,0.000000,0.000000,0.000000,0.000000,0.000000,0.000000,0.000000,0.000000,0.000000,0.000000,0.000000,0.000000,0.000000,0.000000,0.000000,0.000000,0.000000,0.000000,0.000000,0.000000,0.000000,0.000000,0.000000,0.000000,0.000000
/home/ubuntu/all-idb/dataset/leukemia/Im006_1.tif,1,8727.000000,354.048767,0.874880,0.244028,0.982549,0.776700,1.031174,3.789925,0.948040,8994.000000,357.705627,0.883306,0.236389,0.985590,0.778297,1.029168,3.771806,0.950672,10.000000,42.828426,0.068509,1.000000,0.666667,0.227273,999001.000000,13.543538,0.984628,0.000000,0.000000,0.000000,0.000000,0.000000,0.000000,0.000000,0.000000,0.000000,0.135513,107.720413,21.877041,63.304359,9.757335,16.820564,13.215315,44.045830,14.380368,0.139603,108.497978,23.922396,64.561157,10.679624,20.358152,14.969079,45.711334,17.139698,0.004089,134.264923,91.701492,106.208954,7.395590,6.342854,8.669791,100.902985,6.155169,0.000000,0.000000,0.000000,0.000000,0.000000,0.000000,0.000000,0.000000,0.000000,-26.544510,2.361745,107.720413,9.757335,-69.824448,10.477711,21.877041,16.820564,-42.904594,4.545524,63.304359,13.215315,-56.857155,8.225199,44.045830,14.380368,0.970707,0.029293,0.000000,33.138062,8881000415232.000000,0.067447,0.051571,0.013287,0.079045,0.005630,0.002252,0.014751,0.071614,0.012048,0.002928,0.001126,0.003941,0.013625,0.003265,0.025222,0.065646,0.044927,0.021732,0.003603,0.020718,0.001802,0.001576,0.004054,0.015426,0.074992,0.020043,0.004279,0.014300,0.081860,0.021844,0.075555,0.159892,0.014925,0.074627,0.000000,0.108209,0.000000,0.000000,0.000000,0.097015,0.000000,0.003731,0.000000,0.000000,0.000000,0.000000,0.011194,0.119403,0.100746,0.026119,0.000000,0.000000,0.000000,0.000000,0.000000,0.000000,0.130597,0.003731,0.000000,0.000000,0.149254,0.000000,0.145522,0.014925,0.000000,0.000000,0.000000,0.000000,0.000000,0.000000,0.000000,0.000000,0.000000,0.000000,0.000000,0.000000,0.000000,0.000000,0.000000,0.000000,0.000000,0.000000,0.000000,0.000000,0.000000,0.000000,0.000000,0.000000,0.000000,0.000000,0.000000,0.000000,0.000000,0.000000,0.000000,0.000000,0.000000,0.000000,0.000000,0.000000,0.000000,0.000000,0.000000,0.000000,0.000000,0.000000,0.000000,0.000000
/home/ubuntu/all-idb/dataset/leukemia/Im007_1.tif,1,9161.500000,447.546234,0.574779,0.763564,0.821291,0.589543,1.548631,4.675786,0.893560,9401.000000,446.132019,0.593550,0.744691,0.826825,0.591109,1.498330,4.601256,0.902814,15.000000,125.941124,0.011884,0.994159,0.082192,0.021186,9.265923,32.517860,0.941680,0.000000,0.000000,0.000000,0.000000,0.000000,0.000000,0.000000,0.000000,0.000000,0.142746,134.682739,31.389204,89.116196,13.607118,21.033127,16.115213,60.425869,17.488281,0.146393,134.662811,32.910675,89.984154,13.930641,22.964380,16.891687,61.575672,18.821516,0.003647,133.882843,92.464432,123.958160,23.284372,14.697999,10.236447,106.581589,13.108200,0.000000,0.000000,0.000000,0.000000,0.000000,0.000000,0.000000,0.000000,0.000000,0.799896,-9.677255,134.682739,13.607118,-61.075226,6.335128,31.389204,21.033127,-34.841965,5.878766,89.116196,16.115213,-46.155720,4.380081,60.425869,17.488281,0.975089,0.024911,0.000000,39.142258,9354999758848.000000,0.064564,0.049813,0.013896,0.083485,0.005345,0.001924,0.014965,0.089043,0.011331,0.004062,0.002031,0.004383,0.011972,0.003100,0.027579,0.106253,0.043399,0.019989,0.004276,0.019455,0.002886,0.001390,0.002779,0.018707,0.064244,0.017745,0.002993,0.012507,0.059540,0.018813,0.059433,0.158097,0.029289,0.033473,0.000000,0.062762,0.000000,0.000000,0.000000,0.046025,0.000000,0.000000,0.000000,0.000000,0.000000,0.000000,0.012552,0.029289,0.129707,0.033473,0.000000,0.000000,0.000000,0.000000,0.000000,0.000000,0.184100,0.000000,0.000000,0.000000,0.288703,0.000000,0.121339,0.029289,0.000000,0.000000,0.000000,0.000000,0.000000,0.000000,0.000000,0.000000,0.000000,0.000000,0.000000,0.000000,0.000000,0.000000,0.000000,0.000000,0.000000,0.000000,0.000000,0.000000,0.000000,0.000000,0.000000,0.000000,0.000000,0.000000,0.000000,0.000000,0.000000,0.000000,0.000000,0.000000,0.000000,0.000000,0.000000,0.000000,0.000000,0.000000,0.000000,0.000000,0.000000,0.000000,0.000000,0.000000
/home/ubuntu/all-idb/dataset/leukemia/Im008_1.tif,1,8592.500000,372.575684,0.777858,0.573040,0.958022,0.657522,1.220215,4.019340,0.932166,8820.000000,377.989899,0.775743,0.565771,0.956720,0.657865,1.212764,4.024815,0.929556,33.000000,167.480225,0.014784,0.758004,0.067347,0.011332,1.533155,29.154566,0.914586,0.000000,0.000000,0.000000,0.000000,0.000000,0.000000,0.000000,0.000000,0.000000,0.133530,130.650787,26.642670,81.213005,11.405335,18.361532,15.415367,54.813049,15.761348,0.137039,130.583893,28.202427,82.235054,11.497389,20.584089,16.558134,56.027390,17.337976,0.003510,128.039124,87.547829,121.121742,14.344314,10.131091,10.604468,102.230438,9.763016,0.000000,0.000000,0.000000,0.000000,0.000000,0.000000,0.000000,0.000000,0.000000,2.611664,-2.938978,130.650787,11.405335,-60.905159,8.230441,26.642670,18.361532,-39.908737,4.810899,81.213005,15.415367,-47.417389,5.998332,54.813049,15.761348,0.974390,0.025610,0.000000,38.047825,8751000059904.000000,0.067649,0.047537,0.013484,0.072335,0.005714,0.002285,0.014056,0.101703,0.012341,0.004114,0.001714,0.004114,0.013827,0.004000,0.025483,0.098389,0.040910,0.027311,0.003885,0.021712,0.001257,0.001486,0.002971,0.021140,0.057136,0.019084,0.003428,0.014398,0.059536,0.015084,0.061250,0.160667,0.030435,0.182609,0.000000,0.047826,0.000000,0.000000,0.000000,0.017391,0.000000,0.000000,0.000000,0.000000,0.000000,0.000000,0.008696,0.008696,0.200000,0.065217,0.000000,0.000000,0.000000,0.000000,0.000000,0.000000,0.165217,0.000000,0.000000,0.000000,0.213043,0.000000,0.060870,0.000000,0.000000,0.000000,0.000000,0.000000,0.000000,0.000000,0.000000,0.000000,0.000000,0.000000,0.000000,0.000000,0.000000,0.000000,0.000000,0.000000,0.000000,0.000000,0.000000,0.000000,0.000000,0.000000,0.000000,0.000000,0.000000,0.000000,0.000000,0.000000,0.000000,0.000000,0.000000,0.000000,0.000000,0.000000,0.000000,0.000000,0.000000,0.000000,0.000000,0.000000,0.000000,0.000000,0.000000,0.000000
/home/ubuntu/all-idb/dataset/leukemia/Im009_1.tif,1,11942.000000,448.274170,0.746792,0.629060,0.941650,0.686361,1.286410,4.102090,0.909721,12233.000000,442.960449,0.783453,0.637737,0.950985,0.697992,1.298272,4.004962,0.926254,28.500000,43.698483,0.187552,0.983418,0.619565,0.143939,5.514024,8.185476,0.929814,0.000000,0.000000,0.000000,0.000000,0.000000,0.000000,0.000000,0.000000,0.000000,0.185150,134.963745,34.780533,88.694656,10.416718,22.991400,12.972622,62.319267,17.599323,0.189575,135.340149,36.335320,89.383850,10.756609,24.883804,13.635474,63.481167,18.988586,0.004425,151.089661,101.389656,118.220688,12.761157,8.762965,8.512035,112.096550,8.211702,0.000000,0.000000,0.000000,0.000000,0.000000,0.000000,0.000000,0.000000,0.000000,-16.125916,-2.344440,134.963745,10.416718,-66.609123,14.228435,34.780533,22.991400,-29.526031,4.460587,88.694656,12.972622,-49.777283,9.387621,62.319267,17.599323,0.976658,0.023342,0.000000,41.841381,12133999837184.000000,0.069062,0.052827,0.011950,0.074172,0.005274,0.002143,0.014093,0.076891,0.012444,0.003297,0.001154,0.003873,0.012032,0.002720,0.025713,0.073760,0.052415,0.024312,0.003873,0.021675,0.002720,0.001319,0.003132,0.016400,0.090077,0.021839,0.003214,0.012609,0.076397,0.018378,0.069145,0.141091,0.013793,0.089655,0.000000,0.113793,0.000000,0.000000,0.000000,0.062069,0.000000,0.000000,0.000000,0.000000,0.000000,0.000000,0.024138,0.179310,0.068966,0.027586,0.003448,0.003448,0.000000,0.000000,0.000000,0.003448,0.100000,0.010345,0.003448,0.003448,0.124138,0.000000,0.082759,0.086207,0.000000,0.000000,0.000000,0.000000,0.000000,0.000000,0.000000,0.000000,0.000000,0.000000,0.000000,0.000000,0.000000,0.000000,0.000000,0.000000,0.000000,0.000000,0.000000,0.000000,0.000000,0.000000,0.000000,0.000000,0.000000,0.000000,0.000000,0.000000,0.000000,0.000000,0.000000,0.000000,0.000000,0.000000,0.000000,0.000000,0.000000,0.000000,0.000000,0.000000,0.000000,0.000000,0.000000,0.000000
/home/ubuntu/all-idb/dataset/leukemia/Im010_1.tif,1,9357.500000,415.404114,0.681441,0.619822,0.945680,0.677932,1.274303,4.294285,0.882888,9598.500000,406.090393,0.731422,0.624798,0.952185,0.684776,1.280760,4.144967,0.911861,35.500000,39.213203,0.290117,0.743267,0.489655,0.273077,1.494779,6.581398,0.854105,0.000000,0.000000,0.000000,0.000000,0.000000,0.000000,0.000000,0.000000,0.000000,0.145523,136.045303,32.033447,90.385864,12.479811,21.718046,15.462117,61.338787,17.875130,0.149155,136.127975,33.639385,91.304863,12.831375,23.874363,16.395187,62.564911,19.408440,0.003632,139.441177,97.991600,128.130249,22.582499,16.276495,8.365335,111.697479,13.900036,0.000000,0.000000,0.000000,0.000000,0.000000,0.000000,0.000000,0.000000,0.000000,-3.395874,-10.102688,136.045303,12.479811,-65.958153,5.441551,32.033447,21.718046,-37.744385,7.096783,90.385864,15.462117,-50.358692,3.975094,61.338787,17.875130,0.975652,0.024348,0.000000,40.071430,9537000046592.000000,0.069414,0.056726,0.013212,0.084828,0.004404,0.001887,0.012373,0.115131,0.010381,0.003565,0.002831,0.004614,0.011639,0.002726,0.026423,0.072140,0.054420,0.026214,0.002936,0.022544,0.002202,0.002097,0.003460,0.019293,0.060082,0.019608,0.003775,0.009961,0.062179,0.017930,0.056726,0.144280,0.025210,0.050420,0.004202,0.029412,0.000000,0.000000,0.000000,0.029412,0.000000,0.000000,0.000000,0.000000,0.004202,0.000000,0.016807,0.075630,0.113445,0.004202,0.000000,0.004202,0.000000,0.000000,0.000000,0.000000,0.155462,0.000000,0.000000,0.000000,0.336134,0.000000,0.130252,0.021008,0.000000,0.000000,0.000000,0.000000,0.000000,0.000000,0.000000,0.000000,0.000000,0.000000,0.000000,0.000000,0.000000,0.000000,0.000000,0.000000,0.000000,0.000000,0.000000,0.000000,0.000000,0.000000,0.000000,0.000000,0.000000,0.000000,0.000000,0.000000,0.000000,0.000000,0.000000,0.000000,0.000000,0.000000,0.000000,0.000000,0.000000,0.000000,0.000000,0.000000,0.000000,0.000000,0.000000,0.000000
/home/ubuntu/all-idb/dataset/leukemia/Im011_1.tif,1,8618.500000,373.261963,0.777345,0.695937,0.959050,0.725463,1.392558,4.020665,0.934490,8830.000000,376.190918,0.784068,0.689266,0.963343,0.729812,1.380246,4.003390,0.935649,33.000000,170.024384,0.014345,0.977935,0.056897,0.013682,4.786815,29.597446,0.905598,0.000000,0.000000,0.000000,0.000000,0.000000,0.000000,0.000000,0.000000,0.000000,0.133957,133.148651,29.781410,86.305161,11.747490,18.396296,17.126625,58.466000,16.239454,0.137222,133.075394,31.240410,87.126877,11.835612,20.501583,17.780888,59.559437,17.570568,0.003265,130.070099,91.093460,120.836449,14.699792,10.490791,9.436278,104.415886,9.686677,0.000000,0.000000,0.000000,0.000000,0.000000,0.000000,0.000000,0.000000,0.000000,3.078552,-2.952302,133.148651,11.747490,-61.312050,7.905504,29.781410,18.396296,-34.531288,7.690347,86.305161,17.126625,-45.949886,6.552777,58.466000,16.239454,0.976204,0.023796,0.000000,41.023365,8779000184832.000000,0.061624,0.052739,0.013213,0.126552,0.004670,0.003076,0.012416,0.091582,0.011049,0.002620,0.001481,0.004556,0.011391,0.003873,0.025743,0.069028,0.039526,0.018567,0.002848,0.021415,0.001936,0.001025,0.002848,0.016175,0.073699,0.017997,0.003531,0.013213,0.059118,0.015719,0.066864,0.149903,0.004673,0.046729,0.000000,0.023364,0.000000,0.000000,0.000000,0.032710,0.000000,0.000000,0.000000,0.000000,0.000000,0.000000,0.000000,0.084112,0.121495,0.014019,0.000000,0.000000,0.000000,0.000000,0.000000,0.000000,0.275701,0.000000,0.000000,0.000000,0.247664,0.000000,0.140187,0.009346,0.000000,0.000000,0.000000,0.000000,0.000000,0.000000,0.000000,0.000000,0.000000,0.000000,0.000000,0.000000,0.000000,0.000000,0.000000,0.000000,0.000000,0.000000,0.000000,0.000000,0.000000,0.000000,0.000000,0.000000,0.000000,0.000000,0.000000,0.000000,0.000000,0.000000,0.000000,0.000000,0.000000,0.000000,0.000000,0.000000,0.000000,0.000000,0.000000,0.000000,0.000000,0.000000,0.000000,0.000000
/home/ubuntu/all-idb/dataset/leukemia/Im012_1.tif,1,12232.000000,445.931030,0.772987,0.723445,0.971758,0.687114,1.448473,4.031985,0.924471,12610.000000,446.416290,0.795142,0.714414,0.976346,0.687268,1.429136,3.975415,0.933323,46.000000,142.166519,0.028600,0.996429,0.216981,0.021749,11.843219,20.961309,0.900969,0.000000,0.000000,0.000000,0.000000,0.000000,0.000000,0.000000,0.000000,0.000000,0.189545,133.719376,35.066978,89.731445,9.874643,21.829041,13.072843,62.663258,16.916344,0.195297,134.242447,37.175716,90.699196,10.532456,24.780731,14.194077,64.249550,19.111847,0.005753,151.477448,106.657822,122.586205,15.722229,13.150311,12.695939,116.517242,12.520131,0.000000,0.000000,0.000000,0.000000,0.000000,0.000000,0.000000,0.000000,0.000000,-17.758072,-5.847586,133.719376,9.874643,-71.590843,8.678730,35.066978,21.829041,-32.854759,0.376904,89.731445,13.072843,-53.853985,4.396213,62.663258,16.916344,0.970545,0.029455,0.000000,32.949600,12421999624192.000000,0.078651,0.062470,0.013766,0.074948,0.005474,0.001852,0.013927,0.066978,0.016825,0.004347,0.002093,0.003784,0.014893,0.003784,0.029142,0.063033,0.047738,0.031315,0.003703,0.023346,0.002657,0.001047,0.003945,0.019643,0.058364,0.020689,0.002898,0.015456,0.062792,0.020448,0.069957,0.160039,0.045093,0.079576,0.013263,0.068966,0.002653,0.000000,0.002653,0.074271,0.000000,0.002653,0.000000,0.000000,0.000000,0.000000,0.037135,0.103448,0.053050,0.023873,0.000000,0.013263,0.000000,0.000000,0.000000,0.000000,0.061008,0.000000,0.002653,0.000000,0.204244,0.000000,0.143236,0.068966,0.000000,0.000000,0.000000,0.000000,0.000000,0.000000,0.000000,0.000000,0.000000,0.000000,0.000000,0.000000,0.000000,0.000000,0.000000,0.000000,0.000000,0.000000,0.000000,0.000000,0.000000,0.000000,0.000000,0.000000,0.000000,0.000000,0.000000,0.000000,0.000000,0.000000,0.000000,0.000000,0.000000,0.000000,0.000000,0.000000,0.000000,0.000000,0.000000,0.000000,0.000000,0.000000,0.000000,0.000000
/home/ubuntu/all-idb/dataset/leukemia/Im013_1.tif,1,8202.000000,348.877197,0.846807,0.460758,0.976312,0.752477,1.126728,3.852234,0.945002,8383.000000,351.705627,0.851629,0.466513,0.978123,0.747748,1.130564,3.841312,0.946748,1.000000,74.083260,0.002290,0.765419,0.009479,0.001701,1.553922,74.083260,0.933507,0.000000,0.000000,0.000000,0.000000,0.000000,0.000000,0.000000,0.000000,0.000000,0.127457,118.610077,22.437807,73.323952,8.679544,16.200956,14.425763,48.614628,13.993304,0.130234,118.998123,23.942472,74.258934,9.143496,19.039547,15.654043,49.822380,16.114763,0.002777,136.807693,93.000000,117.170326,11.790821,8.985948,7.695339,105.252747,7.190643,0.000000,0.000000,0.000000,0.000000,0.000000,0.000000,0.000000,0.000000,0.000000,-18.197617,-3.111277,118.610077,8.679544,-70.562195,7.215009,22.437807,16.200956,-43.846375,6.730424,73.323952,14.425763,-56.638119,6.802661,48.614628,13.993304,0.978676,0.021324,0.000000,45.895603,8352999931904.000000,0.063809,0.040704,0.009937,0.054831,0.004669,0.001915,0.012451,0.061056,0.014127,0.003831,0.001197,0.003951,0.015803,0.002155,0.030528,0.079373,0.059140,0.023943,0.003711,0.019753,0.002155,0.000479,0.004430,0.018436,0.091584,0.020831,0.004789,0.014606,0.078415,0.018676,0.076619,0.162097,0.027473,0.126374,0.000000,0.098901,0.000000,0.000000,0.000000,0.049451,0.000000,0.000000,0.000000,0.000000,0.000000,0.000000,0.000000,0.082418,0.071429,0.010989,0.000000,0.000000,0.000000,0.000000,0.000000,0.000000,0.252747,0.005495,0.000000,0.000000,0.159341,0.000000,0.109890,0.005495,0.000000,0.000000,0.000000,0.000000,0.000000,0.000000,0.000000,0.000000,0.000000,0.000000,0.000000,0.000000,0.000000,0.000000,0.000000,0.000000,0.000000,0.000000,0.000000,0.000000,0.000000,0.000000,0.000000,0.000000,0.000000,0.000000,0.000000,0.000000,0.000000,0.000000,0.000000,0.000000,0.000000,0.000000,0.000000,0.000000,0.000000,0.000000,0.000000,0.000000,0.000000,0.000000,0.000000,0.000000
/home/ubuntu/all-idb/dataset/leukemia/Im014_1.tif,1,9623.500000,370.090393,0.882932,0.337308,0.988800,0.761112,1.062254,3.772605,0.949972,9823.000000,373.504608,0.884835,0.337244,0.989075,0.756780,1.062228,3.768547,0.950932,15.000000,132.225403,0.010781,0.425450,0.043541,0.012315,1.104994,34.140450,0.935133,0.000000,0.000000,0.000000,0.000000,0.000000,0.000000,0.000000,0.000000,0.000000,0.149261,120.758232,24.738194,74.196381,10.207132,16.671703,12.813317,50.477509,13.848482,0.152328,120.992584,26.105078,74.982368,10.605081,19.170431,13.948953,51.541119,15.689447,0.003067,132.398010,92.626869,113.233833,19.564686,14.491551,13.431975,103.303482,12.576628,0.000000,0.000000,0.000000,0.000000,0.000000,0.000000,0.000000,0.000000,0.000000,-11.639778,-9.357553,120.758232,10.207132,-67.888672,2.180152,24.738194,16.671703,-39.037453,-0.618658,74.196381,12.813317,-52.825974,1.271854,50.477509,13.848482,0.979866,0.020134,0.000000,48.666668,9781999828992.000000,0.069004,0.052034,0.012779,0.093028,0.005827,0.002556,0.012370,0.093744,0.015232,0.003987,0.001533,0.004396,0.010632,0.003680,0.023615,0.084134,0.039051,0.024126,0.004703,0.022286,0.002760,0.001227,0.002045,0.022286,0.059804,0.019832,0.003987,0.015232,0.071151,0.015743,0.059293,0.147925,0.009950,0.114428,0.000000,0.074627,0.000000,0.000000,0.000000,0.039801,0.000000,0.000000,0.000000,0.000000,0.000000,0.000000,0.004975,0.099502,0.134328,0.029851,0.000000,0.000000,0.000000,0.000000,0.000000,0.000000,0.238806,0.000000,0.000000,0.000000,0.179104,0.000000,0.069652,0.004975,0.000000,0.000000,0.000000,0.000000,0.000000,0.000000,0.000000,0.000000,0.000000,0.000000,0.000000,0.000000,0.000000,0.000000,0.000000,0.000000,0.000000,0.000000,0.000000,0.000000,0.000000,0.000000,0.000000,0.000000,0.000000,0.000000,0.000000,0.000000,0.000000,0.000000,0.000000,0.000000,0.000000,0.000000,0.000000,0.000000,0.000000,0.000000,0.000000,0.000000,0.000000,0.000000,0.000000,0.000000
/home/ubuntu/all-idb/dataset/leukemia/Im015_1.tif,1,7684.000000,333.220337,0.869629,0.270764,0.985760,0.776162,1.038804,3.801350,0.942913,7917.000000,334.391907,0.889732,0.284384,0.988328,0.776100,1.043068,3.758162,0.952377,19.500000,77.213203,0.041102,0.992441,0.217877,0.090278,8.148374,17.485348,0.924555,0.000000,0.000000,0.000000,0.000000,0.000000,0.000000,0.000000,0.000000,0.000000,0.119446,104.795860,20.720619,56.916069,11.891799,17.594442,13.355243,41.121616,14.929447,0.123016,105.540688,22.750931,58.346935,12.697207,21.018190,15.704243,42.827213,17.784252,0.003571,130.457260,90.670937,106.213676,13.576952,10.640525,13.054998,99.884613,9.361196,0.000000,0.000000,0.000000,0.000000,0.000000,0.000000,0.000000,0.000000,0.000000,-25.661400,-1.685153,104.795860,11.891799,-69.950317,6.953918,20.720619,17.594442,-49.297607,0.300244,56.916069,13.355243,-58.762997,5.568252,41.121616,14.929447,0.970975,0.029025,0.000000,33.452991,7827999948800.000000,0.067833,0.048288,0.013797,0.085462,0.005621,0.002427,0.014308,0.079714,0.011497,0.003832,0.001916,0.005110,0.014819,0.004088,0.025805,0.064512,0.044839,0.025549,0.004727,0.021589,0.001788,0.001661,0.002683,0.020950,0.062468,0.021461,0.005238,0.016479,0.062851,0.020056,0.064640,0.173991,0.008547,0.029915,0.000000,0.072650,0.000000,0.000000,0.000000,0.141026,0.000000,0.000000,0.000000,0.000000,0.000000,0.000000,0.008547,0.158120,0.115385,0.029915,0.004274,0.000000,0.000000,0.000000,0.000000,0.000000,0.175214,0.000000,0.000000,0.000000,0.119658,0.000000,0.119658,0.017094,0.000000,0.000000,0.000000,0.000000,0.000000,0.000000,0.000000,0.000000,0.000000,0.000000,0.000000,0.000000,0.000000,0.000000,0.000000,0.000000,0.000000,0.000000,0.000000,0.000000,0.000000,0.000000,0.000000,0.000000,0.000000,0.000000,0.000000,0.000000,0.000000,0.000000,0.000000,0.000000,0.000000,0.000000,0.000000,0.000000,0.000000,0.000000,0.000000,0.000000,0.000000,0.000000,0.000000,0.000000
/home/ubuntu/all-idb/dataset/leukemia/Im016_1.tif,1,10340.000000,444.558441,0.657465,0.548595,0.954579,0.685086,1.196046,4.371883,0.844020,10901.500000,407.203094,0.826179,0.518476,0.975700,0.710658,1.169465,3.900030,0.932538,157.000000,64.769554,0.470292,0.778882,0.744076,0.459064,1.594463,5.169173,0.856275,0.000000,0.000000,0.000000,0.000000,0.000000,0.000000,0.000000,0.000000,0.000000,0.160614,120.675186,29.881531,76.959152,12.297527,24.425228,15.558048,54.313984,19.872812,0.168976,121.880798,33.435707,78.887482,13.332891,28.527212,17.439960,57.114140,23.004961,0.008362,145.038315,101.704376,115.927010,11.103872,9.095611,7.321735,110.899635,8.085253,0.000000,0.000000,0.000000,0.000000,0.000000,0.000000,0.000000,0.000000,0.000000,-24.363129,1.193655,120.675186,12.297527,-71.822845,15.329618,29.881531,24.425228,-38.967857,8.236313,76.959152,15.558048,-56.585651,11.787560,54.313984,19.872812,0.950515,0.049485,0.000000,19.208029,10526000152576.000000,0.070777,0.049781,0.010165,0.075812,0.004275,0.002660,0.012160,0.091583,0.012920,0.003705,0.001520,0.004180,0.009690,0.002470,0.027076,0.074577,0.051207,0.027931,0.004465,0.023371,0.001995,0.001615,0.003990,0.016816,0.085218,0.023466,0.002945,0.013870,0.075337,0.016435,0.056527,0.141459,0.043796,0.069343,0.010949,0.085766,0.003650,0.001825,0.001825,0.080292,0.009124,0.000000,0.000000,0.005474,0.005474,0.001825,0.014599,0.102190,0.065693,0.027372,0.001825,0.009124,0.000000,0.000000,0.000000,0.005474,0.187956,0.010949,0.003650,0.003650,0.109489,0.001825,0.080292,0.056569,0.000000,0.000000,0.000000,0.000000,0.000000,0.000000,0.000000,0.000000,0.000000,0.000000,0.000000,0.000000,0.000000,0.000000,0.000000,0.000000,0.000000,0.000000,0.000000,0.000000,0.000000,0.000000,0.000000,0.000000,0.000000,0.000000,0.000000,0.000000,0.000000,0.000000,0.000000,0.000000,0.000000,0.000000,0.000000,0.000000,0.000000,0.000000,0.000000,0.000000,0.000000,0.000000,0.000000,0.000000
/home/ubuntu/all-idb/dataset/leukemia/Im017_1.tif,1,8626.000000,360.735077,0.832995,0.550683,0.978060,0.796491,1.198015,3.884039,0.942498,8866.000000,363.563477,0.842902,0.536886,0.978047,0.787949,1.185319,3.861148,0.946308,19.500000,133.497467,0.013750,0.876271,0.061321,0.018056,2.075467,30.231224,0.932136,0.000000,0.000000,0.000000,0.000000,0.000000,0.000000,0.000000,0.000000,0.000000,0.134048,117.622879,24.010473,72.734772,9.195317,14.964085,14.597425,49.247013,13.507981,0.137726,117.824730,25.664635,73.739861,9.558575,17.934496,15.744803,50.542210,15.575056,0.003677,125.182571,85.962654,110.377594,16.854511,12.175866,11.738973,97.755188,11.990065,0.000000,0.000000,0.000000,0.000000,0.000000,0.000000,0.000000,0.000000,0.000000,-7.559692,-7.659194,117.622879,9.195317,-61.952179,2.788218,24.010473,14.964085,-37.642822,2.858452,72.734772,14.597425,-48.508175,1.517917,49.247013,13.507981,0.973299,0.026701,0.000000,36.452282,8785000136704.000000,0.063404,0.055549,0.012180,0.083096,0.007057,0.003073,0.012863,0.095276,0.012863,0.003301,0.001707,0.004553,0.012521,0.004326,0.026181,0.085259,0.036426,0.020262,0.004212,0.021514,0.001366,0.001594,0.003529,0.018554,0.063517,0.015139,0.003187,0.013546,0.072282,0.021969,0.056346,0.163347,0.012448,0.082988,0.000000,0.024896,0.000000,0.000000,0.000000,0.058091,0.000000,0.000000,0.000000,0.000000,0.000000,0.000000,0.008299,0.095436,0.149378,0.020747,0.000000,0.000000,0.000000,0.000000,0.000000,0.000000,0.199170,0.000000,0.000000,0.000000,0.253112,0.000000,0.087137,0.008299,0.000000,0.000000,0.000000,0.000000,0.000000,0.000000,0.000000,0.000000,0.000000,0.000000,0.000000,0.000000,0.000000,0.000000,0.000000,0.000000,0.000000,0.000000,0.000000,0.000000,0.000000,0.000000,0.000000,0.000000,0.000000,0.000000,0.000000,0.000000,0.000000,0.000000,0.000000,0.000000,0.000000,0.000000,0.000000,0.000000,0.000000,0.000000,0.000000,0.000000,0.000000,0.000000,0.000000,0.000000
/home/ubuntu/all-idb/dataset/leukemia/Im018_1.tif,1,13504.000000,518.641724,0.630866,0.786232,0.917672,0.606376,1.618303,4.463096,0.879474,14053.000000,510.842712,0.676713,0.776858,0.931186,0.622585,1.588118,4.309260,0.901235,52.500000,255.462982,0.010109,0.778311,0.028966,0.014297,1.592663,35.257240,0.866062,0.000000,0.000000,0.000000,0.000000,0.000000,0.000000,0.000000,0.000000,0.000000,0.209351,122.295700,32.283310,82.087387,9.323218,19.038694,12.667053,57.439068,15.181729,0.217712,122.871529,34.674236,83.226662,10.027162,22.272160,13.766972,59.249439,17.528833,0.008362,137.288315,94.534668,111.750000,15.014497,10.675227,8.449588,104.574814,9.643266,0.000000,0.000000,0.000000,0.000000,0.000000,0.000000,0.000000,0.000000,0.000000,-14.992615,-5.691278,122.295700,9.323218,-62.251358,8.363467,32.283310,19.038694,-29.662613,4.217465,82.087387,12.667053,-47.135746,5.538464,57.439068,15.181729,0.961592,0.038408,0.000000,25.036497,13720000397312.000000,0.075802,0.041910,0.012755,0.088484,0.005758,0.002187,0.014359,0.084913,0.013994,0.004956,0.002551,0.004883,0.015015,0.003936,0.026822,0.067493,0.041837,0.025729,0.002915,0.022157,0.002332,0.001895,0.002697,0.025000,0.067930,0.020773,0.003644,0.013047,0.071939,0.016399,0.061516,0.154373,0.036496,0.051095,0.003650,0.124088,0.001825,0.000000,0.010949,0.116788,0.001825,0.001825,0.000000,0.000000,0.009124,0.000000,0.021898,0.058394,0.087591,0.040146,0.000000,0.007299,0.000000,0.000000,0.000000,0.001825,0.140511,0.010949,0.000000,0.003650,0.135036,0.003650,0.098540,0.032847,0.000000,0.000000,0.000000,0.000000,0.000000,0.000000,0.000000,0.000000,0.000000,0.000000,0.000000,0.000000,0.000000,0.000000,0.000000,0.000000,0.000000,0.000000,0.000000,0.000000,0.000000,0.000000,0.000000,0.000000,0.000000,0.000000,0.000000,0.000000,0.000000,0.000000,0.000000,0.000000,0.000000,0.000000,0.000000,0.000000,0.000000,0.000000,0.000000,0.000000,0.000000,0.000000,0.000000,0.000000
/home/ubuntu/all-idb/dataset/leukemia/Im019_1.tif,1,9069.000000,394.132019,0.733645,0.615596,0.944048,0.687618,1.268936,4.138682,0.903439,9366.500000,391.404114,0.768310,0.633766,0.949468,0.698628,1.292783,4.044238,0.921297,15.500000,22.727922,0.377070,0.844726,0.632653,0.287037,1.868461,5.772898,0.922257,0.000000,0.000000,0.000000,0.000000,0.000000,0.000000,0.000000,0.000000,0.000000,0.140930,118.536377,25.659161,76.146820,8.944241,15.086006,13.203938,51.337269,13.075696,0.145477,118.819275,27.566395,77.138977,9.588752,18.430826,14.320249,52.786030,15.388417,0.004547,127.587250,86.677849,107.889259,19.565090,14.400675,13.463515,97.687920,13.994483,0.000000,0.000000,0.000000,0.000000,0.000000,0.000000,0.000000,0.000000,0.000000,-9.050873,-10.620850,118.536377,8.944241,-61.018688,0.685331,25.659161,15.086006,-31.742439,-0.259578,76.146820,13.203938,-46.350651,-0.918787,51.337269,13.075696,0.968743,0.031257,0.000000,30.993288,9236000014336.000000,0.062473,0.049697,0.014075,0.089866,0.006713,0.002815,0.012884,0.093872,0.011369,0.004547,0.001949,0.005738,0.014508,0.003248,0.025985,0.077306,0.049155,0.024903,0.003248,0.022737,0.002165,0.001408,0.002815,0.018190,0.063014,0.020139,0.003681,0.014075,0.065829,0.017973,0.060416,0.153205,0.040268,0.063758,0.003356,0.083893,0.003356,0.000000,0.000000,0.093960,0.006711,0.003356,0.000000,0.000000,0.000000,0.000000,0.020134,0.090604,0.164430,0.026846,0.000000,0.003356,0.000000,0.000000,0.000000,0.000000,0.107383,0.000000,0.000000,0.000000,0.171141,0.000000,0.077181,0.040268,0.000000,0.000000,0.000000,0.000000,0.000000,0.000000,0.000000,0.000000,0.000000,0.000000,0.000000,0.000000,0.000000,0.000000,0.000000,0.000000,0.000000,0.000000,0.000000,0.000000,0.000000,0.000000,0.000000,0.000000,0.000000,0.000000,0.000000,0.000000,0.000000,0.000000,0.000000,0.000000,0.000000,0.000000,0.000000,0.000000,0.000000,0.000000,0.000000,0.000000,0.000000,0.000000,0.000000,0.000000
/home/ubuntu/all-idb/dataset/leukemia/Im020_1.tif,1,8879.500000,389.203094,0.736624,0.257596,0.929499,0.611536,1.034926,4.130304,0.922571,9215.000000,391.788879,0.754399,0.133446,0.938248,0.624238,1.009025,4.081356,0.926467,56.500000,135.781738,0.038510,0.992672,0.187708,0.030824,8.275232,18.064135,0.903637,0.000000,0.000000,0.000000,0.000000,0.000000,0.000000,0.000000,0.000000,0.000000,0.137985,115.718018,25.904015,72.495628,9.962825,17.318569,15.976153,50.072433,15.259557,0.143127,116.154907,28.177505,73.834114,10.512262,20.800539,17.353205,51.856503,17.745550,0.005142,127.878342,89.183975,109.750740,16.426260,11.567964,13.950853,99.729973,11.804846,0.000000,0.000000,0.000000,0.000000,0.000000,0.000000,0.000000,0.000000,0.000000,-12.160324,-6.463435,115.718018,9.962825,-63.279961,5.750606,25.904015,17.318569,-37.255112,2.025300,72.495628,15.976153,-49.657539,3.454711,50.072433,15.259557,0.964072,0.035928,0.000000,26.833828,9043000164352.000000,0.073206,0.057282,0.012828,0.083822,0.004423,0.002654,0.014265,0.078846,0.014044,0.005087,0.002322,0.004755,0.012385,0.004092,0.023444,0.073648,0.053964,0.033175,0.003539,0.023554,0.001548,0.001216,0.002433,0.020900,0.067013,0.023886,0.004202,0.014044,0.064802,0.016035,0.051089,0.151498,0.023739,0.062315,0.000000,0.068249,0.000000,0.000000,0.002967,0.109792,0.000000,0.000000,0.000000,0.000000,0.000000,0.000000,0.029674,0.142433,0.065282,0.014837,0.000000,0.000000,0.000000,0.000000,0.000000,0.000000,0.142433,0.002967,0.000000,0.000000,0.213650,0.000000,0.071217,0.050445,0.000000,0.000000,0.000000,0.000000,0.000000,0.000000,0.000000,0.000000,0.000000,0.000000,0.000000,0.000000,0.000000,0.000000,0.000000,0.000000,0.000000,0.000000,0.000000,0.000000,0.000000,0.000000,0.000000,0.000000,0.000000,0.000000,0.000000,0.000000,0.000000,0.000000,0.000000,0.000000,0.000000,0.000000,0.000000,0.000000,0.000000,0.000000,0.000000,0.000000,0.000000,0.000000,0.000000,0.000000
/home/ubuntu/all-idb/dataset/leukemia/Im021_1.tif,1,18984.500000,560.742188,0.758722,0.356212,0.965273,0.728045,1.070199,4.069712,0.896219,19687.000000,548.842712,0.821284,0.304176,0.978966,0.736513,1.049741,3.911633,0.924434,182.000000,110.568542,0.187076,0.974887,0.504155,0.206349,4.490345,8.195886,0.849296,0.000000,0.000000,0.000000,0.000000,0.000000,0.000000,0.000000,0.000000,0.000000,0.293503,119.613831,31.281363,76.079750,10.052897,22.042192,13.028089,54.748272,17.299831,0.303970,120.253601,33.471863,77.166008,10.676276,24.630533,14.174283,56.432007,19.270205,0.010468,138.192413,94.892128,107.623909,11.959638,9.325348,10.695151,103.642860,9.132767,0.000000,0.000000,0.000000,0.000000,0.000000,0.000000,0.000000,0.000000,0.000000,-18.578583,-1.906740,119.613831,10.052897,-63.610764,12.716845,31.281363,22.042192,-31.544159,2.332937,76.079750,13.028089,-48.894588,8.167065,54.748272,17.299831,0.965564,0.034436,0.000000,28.039358,19235000549376.000000,0.072420,0.046166,0.013881,0.073616,0.006551,0.002651,0.015649,0.076735,0.013881,0.004367,0.002495,0.005251,0.014349,0.003379,0.029530,0.071068,0.042735,0.024123,0.003691,0.020691,0.002184,0.001508,0.003899,0.021835,0.063374,0.020380,0.003691,0.014817,0.068833,0.019704,0.066857,0.169691,0.048105,0.093294,0.002915,0.103499,0.002915,0.000000,0.001458,0.102041,0.004373,0.000000,0.000000,0.001458,0.002915,0.000000,0.033528,0.097668,0.072886,0.017493,0.004373,0.011662,0.000000,0.000000,0.000000,0.004373,0.064140,0.013120,0.002915,0.002915,0.086006,0.008746,0.151603,0.065598,0.000000,0.000000,0.000000,0.000000,0.000000,0.000000,0.000000,0.000000,0.000000,0.000000,0.000000,0.000000,0.000000,0.000000,0.000000,0.000000,0.000000,0.000000,0.000000,0.000000,0.000000,0.000000,0.000000,0.000000,0.000000,0.000000,0.000000,0.000000,0.000000,0.000000,0.000000,0.000000,0.000000,0.000000,0.000000,0.000000,0.000000,0.000000,0.000000,0.000000,0.000000,0.000000,0.000000,0.000000
/home/ubuntu/all-idb/dataset/leukemia/Im022_1.tif,1,10298.000000,451.931030,0.633605,0.587572,0.939856,0.704570,1.235831,4.453441,0.833102,10905.500000,428.374664,0.746806,0.556889,0.962661,0.721597,1.203968,4.102050,0.892857,85.000000,239.622360,0.018603,0.754599,0.055213,0.024971,1.523957,25.990694,0.745334,0.000000,0.000000,0.000000,0.000000,0.000000,0.000000,0.000000,0.000000,0.000000,0.160080,114.989037,29.869698,72.078735,13.142996,25.833443,16.172207,52.197311,20.999416,0.169205,116.038864,33.320408,74.042473,13.812087,29.078400,17.832157,54.929840,23.496847,0.009125,134.456528,93.857857,108.493309,12.191502,9.893659,7.329725,102.867889,8.520344,0.000000,0.000000,0.000000,0.000000,0.000000,0.000000,0.000000,0.000000,0.000000,-19.467491,0.951494,114.989037,13.142996,-63.988159,15.939784,29.869698,25.833443,-36.414574,8.842482,72.078735,16.172207,-50.670578,12.479073,52.197311,20.999416,0.946073,0.053927,0.000000,17.543478,10490999734272.000000,0.065580,0.042036,0.012106,0.086550,0.005624,0.002669,0.012296,0.086074,0.011820,0.002383,0.001430,0.004575,0.014775,0.004766,0.026880,0.077304,0.047469,0.024211,0.003241,0.021161,0.002478,0.001620,0.003050,0.019541,0.081498,0.020208,0.004766,0.014584,0.066343,0.017253,0.063292,0.152416,0.048495,0.056856,0.010033,0.083612,0.003344,0.000000,0.006689,0.112040,0.003344,0.001672,0.000000,0.000000,0.005017,0.001672,0.025084,0.083612,0.075251,0.028428,0.001672,0.013378,0.001672,0.000000,0.000000,0.011706,0.115385,0.005017,0.001672,0.001672,0.096990,0.011706,0.113712,0.080268,0.000000,0.000000,0.000000,0.000000,0.000000,0.000000,0.000000,0.000000,0.000000,0.000000,0.000000,0.000000,0.000000,0.000000,0.000000,0.000000,0.000000,0.000000,0.000000,0.000000,0.000000,0.000000,0.000000,0.000000,0.000000,0.000000,0.000000,0.000000,0.000000,0.000000,0.000000,0.000000,0.000000,0.000000,0.000000,0.000000,0.000000,0.000000,0.000000,0.000000,0.000000,0.000000,0.000000,0.000000
/home/ubuntu/all-idb/dataset/leukemia/Im023_1.tif,1,9162.000000,378.676178,0.802905,0.213232,0.976343,0.750369,1.023540,3.956151,0.913884,9588.500000,371.605133,0.872564,0.222568,0.984092,0.757625,1.025728,3.794953,0.947679,124.500000,261.664001,0.022850,0.461180,0.062266,0.033253,1.127006,23.450888,0.824000,0.000000,0.000000,0.000000,0.000000,0.000000,0.000000,0.000000,0.000000,0.000000,0.142288,107.972115,23.551420,62.493298,10.779022,19.066298,14.513253,44.819733,16.170631,0.148758,108.924812,26.352139,64.177147,11.815902,22.876249,16.411972,47.075802,19.123123,0.006470,129.877365,87.948112,101.209908,13.996429,8.437737,11.267577,96.693398,9.143786,0.000000,0.000000,0.000000,0.000000,0.000000,0.000000,0.000000,0.000000,0.000000,-21.905251,-3.217407,107.972115,10.779022,-64.396690,10.628560,23.551420,19.066298,-38.716610,3.245676,62.493298,14.513253,-51.873665,7.026845,44.819733,16.170631,0.956508,0.043492,0.000000,21.992924,9324999999488.000000,0.064558,0.047185,0.014263,0.074853,0.006005,0.002574,0.014048,0.084075,0.013405,0.004290,0.001823,0.005684,0.013405,0.003324,0.029276,0.086971,0.045147,0.021662,0.003217,0.020590,0.002145,0.000965,0.003646,0.020590,0.063807,0.020912,0.004504,0.014692,0.060268,0.019625,0.063914,0.168579,0.009434,0.054245,0.004717,0.099057,0.002358,0.000000,0.002358,0.150943,0.002358,0.000000,0.000000,0.004717,0.002358,0.000000,0.025943,0.139151,0.115566,0.002358,0.000000,0.004717,0.002358,0.000000,0.002358,0.002358,0.082547,0.000000,0.000000,0.000000,0.125000,0.000000,0.089623,0.075472,0.000000,0.000000,0.000000,0.000000,0.000000,0.000000,0.000000,0.000000,0.000000,0.000000,0.000000,0.000000,0.000000,0.000000,0.000000,0.000000,0.000000,0.000000,0.000000,0.000000,0.000000,0.000000,0.000000,0.000000,0.000000,0.000000,0.000000,0.000000,0.000000,0.000000,0.000000,0.000000,0.000000,0.000000,0.000000,0.000000,0.000000,0.000000,0.000000,0.000000,0.000000,0.000000,0.000000,0.000000
/home/ubuntu/all-idb/dataset/leukemia/Im024_1.tif,1,6798.500000,317.261963,0.848764,0.381428,0.977779,0.701165,1.081785,3.847791,0.944526,6990.500000,319.605133,0.859985,0.367676,0.980710,0.706539,1.075322,3.822607,0.949766,13.000000,217.137085,0.003465,0.809349,0.009075,0.003224,1.702625,60.222992,0.873969,0.000000,0.000000,0.000000,0.000000,0.000000,0.000000,0.000000,0.000000,0.000000,0.105759,102.922668,20.689800,49.809696,15.466779,20.470512,13.755475,38.769585,17.194782,0.108719,103.468353,22.468632,51.265545,15.884231,22.956846,16.233704,40.310738,19.394157,0.002960,122.963921,86.020622,103.278351,18.143011,15.254866,11.734382,95.371132,11.604585,0.000000,0.000000,0.000000,0.000000,0.000000,0.000000,0.000000,0.000000,0.000000,-20.041252,-2.676232,102.922668,15.466779,-65.330826,5.215647,20.689800,20.470512,-53.468655,2.021093,49.809696,13.755475,-56.601547,5.590198,38.769585,17.194782,0.972772,0.027228,0.000000,35.726803,6930999803904.000000,0.063194,0.051363,0.012264,0.093926,0.004184,0.002597,0.015438,0.081951,0.012119,0.004328,0.001731,0.006060,0.012552,0.005194,0.023806,0.068100,0.050498,0.023950,0.003607,0.023662,0.002164,0.000721,0.004473,0.020776,0.060742,0.022796,0.006060,0.014861,0.067234,0.018756,0.060742,0.160150,0.000000,0.041237,0.000000,0.067010,0.000000,0.000000,0.000000,0.061856,0.000000,0.000000,0.000000,0.000000,0.000000,0.000000,0.010309,0.190722,0.097938,0.010309,0.000000,0.000000,0.000000,0.000000,0.000000,0.000000,0.139175,0.000000,0.000000,0.000000,0.149485,0.000000,0.206186,0.025773,0.000000,0.000000,0.000000,0.000000,0.000000,0.000000,0.000000,0.000000,0.000000,0.000000,0.000000,0.000000,0.000000,0.000000,0.000000,0.000000,0.000000,0.000000,0.000000,0.000000,0.000000,0.000000,0.000000,0.000000,0.000000,0.000000,0.000000,0.000000,0.000000,0.000000,0.000000,0.000000,0.000000,0.000000,0.000000,0.000000,0.000000,0.000000,0.000000,0.000000,0.000000,0.000000,0.000000,0.000000
/home/ubuntu/all-idb/dataset/leukemia/Im025_1.tif,1,7709.000000,334.534058,0.865620,0.458323,0.982852,0.751365,1.125130,3.810143,0.948329,8010.000000,340.048767,0.870482,0.461092,0.981798,0.765482,1.126948,3.799487,0.951424,60.500000,171.438599,0.025867,0.407740,0.076972,0.022787,1.095173,22.040981,0.897963,0.000000,0.000000,0.000000,0.000000,0.000000,0.000000,0.000000,0.000000,0.000000,0.119812,105.161484,20.529928,63.424732,11.528295,16.450701,14.039626,42.999363,14.405899,0.124466,105.293861,22.642639,64.961380,11.944453,19.546719,16.034462,44.714111,16.759186,0.004654,108.701637,77.032784,104.521309,19.546989,13.343099,13.258849,88.859016,12.020602,0.000000,0.000000,0.000000,0.000000,0.000000,0.000000,0.000000,0.000000,0.000000,-3.540154,-8.018695,105.161484,11.528295,-56.502853,3.107602,20.529928,16.450701,-41.096577,0.780777,63.424732,14.039626,-45.859653,2.385297,42.999363,14.405899,0.962609,0.037391,0.000000,25.744263,7851999756288.000000,0.070810,0.057947,0.016556,0.094626,0.006877,0.002292,0.013500,0.085583,0.014137,0.003184,0.002165,0.005222,0.014519,0.004075,0.019613,0.062277,0.033877,0.025726,0.003184,0.025471,0.001656,0.001274,0.003821,0.020250,0.058329,0.021396,0.005222,0.017320,0.068263,0.022669,0.063678,0.154483,0.016393,0.036066,0.003279,0.029508,0.000000,0.000000,0.009836,0.062295,0.000000,0.000000,0.000000,0.000000,0.003279,0.000000,0.029508,0.134426,0.068852,0.019672,0.000000,0.000000,0.000000,0.000000,0.000000,0.003279,0.170492,0.003279,0.003279,0.000000,0.206557,0.000000,0.118033,0.081967,0.000000,0.000000,0.000000,0.000000,0.000000,0.000000,0.000000,0.000000,0.000000,0.000000,0.000000,0.000000,0.000000,0.000000,0.000000,0.000000,0.000000,0.000000,0.000000,0.000000,0.000000,0.000000,0.000000,0.000000,0.000000,0.000000,0.000000,0.000000,0.000000,0.000000,0.000000,0.000000,0.000000,0.000000,0.000000,0.000000,0.000000,0.000000,0.000000,0.000000,0.000000,0.000000,0.000000,0.000000
/home/ubuntu/all-idb/dataset/leukemia/Im026_1.tif,1,10032.000000,412.617310,0.740462,0.401479,0.969744,0.727273,1.091860,4.119587,0.881754,10400.000000,391.646759,0.852029,0.364059,0.983731,0.741269,1.073681,3.840412,0.937968,100.500000,44.870056,0.627282,0.740951,0.841004,0.483173,1.489073,4.475830,0.919510,0.000000,0.000000,0.000000,0.000000,0.000000,0.000000,0.000000,0.000000,0.000000,0.155746,118.010483,27.214069,73.127556,12.111334,23.351093,15.255763,51.297050,19.130510,0.161240,118.766251,29.687140,74.610298,12.810972,26.609640,17.025383,53.278416,21.672514,0.005493,140.194443,99.805557,116.650002,13.532717,15.293462,8.936178,109.455559,11.971180,0.000000,0.000000,0.000000,0.000000,0.000000,0.000000,0.000000,0.000000,0.000000,-22.183960,-1.421383,118.010483,12.111334,-72.591492,8.057631,27.214069,23.351093,-43.522446,6.319585,73.127556,15.255763,-58.158508,7.159330,51.297050,19.130510,0.965932,0.034068,0.000000,28.352777,10207000264704.000000,0.070736,0.057412,0.011267,0.083178,0.004997,0.002547,0.013324,0.072793,0.012932,0.003331,0.002449,0.003527,0.012051,0.002547,0.026746,0.070540,0.047418,0.033017,0.004801,0.023807,0.002939,0.001470,0.003233,0.017439,0.062996,0.021162,0.004311,0.015088,0.066033,0.018909,0.067601,0.159400,0.036111,0.066667,0.005556,0.091667,0.000000,0.000000,0.002778,0.102778,0.002778,0.000000,0.000000,0.000000,0.000000,0.000000,0.013889,0.108333,0.119444,0.027778,0.000000,0.000000,0.000000,0.000000,0.000000,0.002778,0.119444,0.000000,0.002778,0.002778,0.161111,0.002778,0.077778,0.052778,0.000000,0.000000,0.000000,0.000000,0.000000,0.000000,0.000000,0.000000,0.000000,0.000000,0.000000,0.000000,0.000000,0.000000,0.000000,0.000000,0.000000,0.000000,0.000000,0.000000,0.000000,0.000000,0.000000,0.000000,0.000000,0.000000,0.000000,0.000000,0.000000,0.000000,0.000000,0.000000,0.000000,0.000000,0.000000,0.000000,0.000000,0.000000,0.000000,0.000000,0.000000,0.000000,0.000000,0.000000
/home/ubuntu/all-idb/dataset/leukemia/Im027_1.tif,1,0.000000,0.000000,0.000000,0.000000,0.000000,0.000000,0.000000,0.000000,0.000000,12740.500000,563.629517,0.503975,0.613179,0.860205,0.652355,1.265912,4.993447,0.802661,0.000000,0.000000,0.000000,0.000000,0.000000,0.000000,0.000000,0.000000,0.000000,0.000000,0.000000,0.000000,0.000000,0.000000,0.000000,0.000000,0.000000,0.000000,0.000000,0.000000,0.000000,0.000000,0.000000,0.000000,0.000000,0.000000,0.000000,0.198135,123.250137,35.499886,87.029343,10.934740,26.220921,13.226669,60.910282,19.986237,0.000000,0.000000,0.000000,0.000000,0.000000,0.000000,0.000000,0.000000,0.000000,0.000000,0.000000,0.000000,0.000000,0.000000,0.000000,0.000000,0.000000,0.000000,0.000000,0.000000,0.000000,0.000000,0.000000,0.000000,0.000000,0.000000,0.000000,0.000000,0.000000,0.000000,0.000000,0.000000,0.000000,0.000000,0.000000,0.000000,0.000000,0.000000,0.000000,0.000000,0.000000,0.000000,0.000000,0.000000,0.000000,0.000000,0.000000,0.000000,0.000000,0.000000,0.000000,0.000000,0.000000,0.000000,0.000000,0.000000,0.000000,0.000000,0.000000,0.000000,0.000000,0.000000,0.000000,0.000000,0.000000,0.000000,0.000000,0.000000,0.000000,0.000000,0.000000,0.000000,0.000000,0.000000,0.000000,0.000000,0.000000,0.000000,0.000000,0.000000,0.000000,0.000000,0.000000,0.000000,0.000000,0.000000,0.000000,0.000000,0.000000,0.000000,0.000000,0.000000,0.000000,0.000000,0.000000,0.000000,0.000000,0.000000,0.000000,0.000000,0.000000,0.000000,0.000000,0.000000,0.000000,0.000000,0.000000,0.000000,0.000000,0.000000,0.000000,0.000000,0.000000,0.000000,0.000000,0.000000,0.000000,0.000000,0.000000,0.000000,0.000000,0.000000,0.000000,0.000000,0.000000,0.000000,0.000000,0.000000,0.000000,0.000000,0.000000,0.000000,0.000000,0.000000,0.000000,0.000000,0.000000,0.000000,0.000000,0.000000,0.000000,0.000000,0.000000,0.000000,0.000000,0.000000,0.000000
/home/ubuntu/all-idb/dataset/leukemia/Im028_1.tif,1,7538.000000,328.877197,0.875787,0.457168,0.984587,0.756523,1.124378,3.787963,0.954389,7857.000000,338.048767,0.863988,0.490559,0.981021,0.758764,1.147568,3.813739,0.948567,62.500000,187.722870,0.022287,0.968730,0.057078,0.024113,4.030337,23.745274,0.877809,0.000000,0.000000,0.000000,0.000000,0.000000,0.000000,0.000000,0.000000,0.000000,0.117172,112.747887,22.179190,67.518166,9.627317,16.120256,14.444839,46.059513,14.231074,0.122116,113.040359,24.584406,69.112206,10.179496,19.783409,16.316696,47.981880,16.946079,0.004944,119.972221,81.589508,106.891975,17.684893,11.036752,11.975440,93.543213,11.398017,0.000000,0.000000,0.000000,0.000000,0.000000,0.000000,0.000000,0.000000,0.000000,-7.224335,-8.057575,112.747887,9.627317,-59.410316,5.083505,22.179190,16.120256,-39.373810,2.469398,67.518166,14.444839,-47.483700,2.833057,46.059513,14.231074,0.959515,0.040485,0.000000,23.700617,7678999920640.000000,0.064722,0.061727,0.012371,0.092590,0.004297,0.002605,0.014455,0.082042,0.010678,0.004297,0.001693,0.006251,0.013023,0.004688,0.022008,0.068498,0.037765,0.024873,0.003516,0.024092,0.001563,0.001302,0.002865,0.018362,0.064071,0.018883,0.003907,0.014455,0.071494,0.018492,0.068368,0.160047,0.006173,0.061728,0.000000,0.058642,0.000000,0.000000,0.003086,0.058642,0.000000,0.000000,0.000000,0.000000,0.003086,0.000000,0.015432,0.123457,0.080247,0.021605,0.000000,0.000000,0.000000,0.000000,0.000000,0.000000,0.191358,0.000000,0.000000,0.000000,0.185185,0.000000,0.132716,0.058642,0.000000,0.000000,0.000000,0.000000,0.000000,0.000000,0.000000,0.000000,0.000000,0.000000,0.000000,0.000000,0.000000,0.000000,0.000000,0.000000,0.000000,0.000000,0.000000,0.000000,0.000000,0.000000,0.000000,0.000000,0.000000,0.000000,0.000000,0.000000,0.000000,0.000000,0.000000,0.000000,0.000000,0.000000,0.000000,0.000000,0.000000,0.000000,0.000000,0.000000,0.000000,0.000000,0.000000,0.000000
/home/ubuntu/all-idb/dataset/leukemia/Im029_1.tif,1,8144.500000,354.918823,0.812487,0.524613,0.972652,0.704907,1.174618,3.932754,0.930573,8493.500000,358.090393,0.832360,0.513075,0.977050,0.715122,1.165034,3.885522,0.937225,36.000000,174.308655,0.014889,0.621869,0.040563,0.015152,1.276941,29.051443,0.877096,0.000000,0.000000,0.000000,0.000000,0.000000,0.000000,0.000000,0.000000,0.000000,0.126572,115.325737,23.540567,70.419167,9.511846,17.378773,14.320542,48.023991,15.012706,0.131927,116.034698,26.317951,72.083046,10.501542,21.844177,16.276051,50.231205,18.323730,0.005356,132.789169,91.954414,111.404556,16.905165,11.219041,8.202312,102.393166,10.404599,0.000000,0.000000,0.000000,0.000000,0.000000,0.000000,0.000000,0.000000,0.000000,-17.463432,-7.393319,115.325737,9.511846,-68.413849,6.159732,23.540567,17.378773,-40.985390,6.118230,70.419167,14.320542,-54.369175,4.608107,48.023991,15.012706,0.959403,0.040597,0.000000,23.632479,8295000047616.000000,0.064979,0.043159,0.011453,0.067390,0.004702,0.002049,0.015310,0.089210,0.014225,0.002893,0.002049,0.005425,0.015069,0.005184,0.027004,0.084268,0.044846,0.026160,0.003496,0.020856,0.002049,0.001326,0.004099,0.019892,0.053888,0.018083,0.003134,0.013020,0.065943,0.014587,0.080169,0.174081,0.034188,0.059829,0.002849,0.088319,0.002849,0.000000,0.005698,0.099715,0.000000,0.002849,0.000000,0.000000,0.011396,0.000000,0.005698,0.105413,0.128205,0.039886,0.000000,0.000000,0.000000,0.000000,0.000000,0.000000,0.088319,0.002849,0.000000,0.002849,0.190883,0.000000,0.076923,0.051282,0.000000,0.000000,0.000000,0.000000,0.000000,0.000000,0.000000,0.000000,0.000000,0.000000,0.000000,0.000000,0.000000,0.000000,0.000000,0.000000,0.000000,0.000000,0.000000,0.000000,0.000000,0.000000,0.000000,0.000000,0.000000,0.000000,0.000000,0.000000,0.000000,0.000000,0.000000,0.000000,0.000000,0.000000,0.000000,0.000000,0.000000,0.000000,0.000000,0.000000,0.000000,0.000000,0.000000,0.000000
/home/ubuntu/all-idb/dataset/leukemia/Im030_1.tif,1,13616.500000,521.428467,0.629341,0.347450,0.953670,0.725826,1.066441,4.468503,0.817802,14174.500000,475.144226,0.788981,0.328098,0.972555,0.739179,1.058600,3.990907,0.905646,89.500000,321.060974,0.010911,0.885451,0.030996,0.019627,2.151777,33.937199,0.820358,0.000000,0.000000,0.000000,0.000000,0.000000,0.000000,0.000000,0.000000,0.000000,0.211136,124.192383,33.416710,77.988579,12.822124,25.451401,13.687798,57.095036,19.878630,0.219360,125.109138,36.222176,79.516136,13.651486,28.927156,15.686788,59.303562,22.663561,0.008224,148.643784,108.243042,118.730980,13.212099,17.315428,12.481674,116.000000,14.677611,0.000000,0.000000,0.000000,0.000000,0.000000,0.000000,0.000000,0.000000,0.000000,-24.451401,-0.389975,124.192383,12.822124,-74.826332,8.135973,33.416710,25.451401,-40.742401,1.206123,77.988579,13.687798,-58.904964,5.201018,57.095036,19.878630,0.962507,0.037493,0.000000,25.671614,13837000507392.000000,0.068801,0.048710,0.013948,0.084700,0.006143,0.001951,0.014165,0.085929,0.011057,0.003758,0.001951,0.005348,0.013731,0.003975,0.026234,0.073715,0.044157,0.025945,0.003686,0.023415,0.001807,0.001373,0.002891,0.019079,0.075161,0.020525,0.003903,0.014743,0.069885,0.017706,0.062152,0.149454,0.072356,0.085343,0.003711,0.059369,0.001855,0.000000,0.001855,0.092764,0.007421,0.001855,0.000000,0.000000,0.000000,0.000000,0.027829,0.064935,0.087199,0.057514,0.001855,0.007421,0.000000,0.000000,0.000000,0.003711,0.163265,0.005566,0.001855,0.005566,0.128015,0.003711,0.094620,0.020408,0.000000,0.000000,0.000000,0.000000,0.000000,0.000000,0.000000,0.000000,0.000000,0.000000,0.000000,0.000000,0.000000,0.000000,0.000000,0.000000,0.000000,0.000000,0.000000,0.000000,0.000000,0.000000,0.000000,0.000000,0.000000,0.000000,0.000000,0.000000,0.000000,0.000000,0.000000,0.000000,0.000000,0.000000,0.000000,0.000000,0.000000,0.000000,0.000000,0.000000,0.000000,0.000000,0.000000,0.000000
/home/ubuntu/all-idb/dataset/leukemia/Im031_1.tif,1,7597.000000,333.705627,0.857284,0.486850,0.980132,0.748325,1.144838,3.828622,0.945043,7849.000000,338.048767,0.863109,0.482588,0.979900,0.757991,1.141751,3.815682,0.949285,33.000000,120.024384,0.028786,0.741590,0.126679,0.022059,1.490638,20.893564,0.919820,0.000000,0.000000,0.000000,0.000000,0.000000,0.000000,0.000000,0.000000,0.000000,0.118103,114.866798,21.898191,69.196640,10.178381,16.928957,15.259846,46.646641,14.913535,0.121994,115.098434,23.925329,70.466042,10.633937,20.170475,16.735516,48.242275,17.245914,0.003891,122.129410,85.454903,108.996078,18.702911,12.100759,13.405441,96.674507,12.295382,0.000000,0.000000,0.000000,0.000000,0.000000,0.000000,0.000000,0.000000,0.000000,-7.262611,-8.524530,114.866798,10.178381,-63.556709,4.828198,21.898191,16.928957,-39.799438,1.854404,69.196640,15.259846,-50.027866,2.618154,46.646641,14.913535,0.968105,0.031895,0.000000,30.352942,7739999780864.000000,0.067700,0.061886,0.013695,0.097028,0.005426,0.002196,0.016667,0.084625,0.015245,0.004522,0.001292,0.005814,0.014599,0.002584,0.021835,0.066021,0.039793,0.026357,0.003876,0.022351,0.001680,0.001163,0.004005,0.022868,0.058398,0.021318,0.004005,0.014599,0.068088,0.018088,0.058527,0.153747,0.007843,0.086275,0.000000,0.070588,0.000000,0.000000,0.003922,0.031373,0.000000,0.000000,0.000000,0.000000,0.003922,0.000000,0.007843,0.105882,0.113725,0.011765,0.000000,0.000000,0.000000,0.000000,0.000000,0.000000,0.215686,0.000000,0.000000,0.000000,0.176471,0.000000,0.121569,0.043137,0.000000,0.000000,0.000000,0.000000,0.000000,0.000000,0.000000,0.000000,0.000000,0.000000,0.000000,0.000000,0.000000,0.000000,0.000000,0.000000,0.000000,0.000000,0.000000,0.000000,0.000000,0.000000,0.000000,0.000000,0.000000,0.000000,0.000000,0.000000,0.000000,0.000000,0.000000,0.000000,0.000000,0.000000,0.000000,0.000000,0.000000,0.000000,0.000000,0.000000,0.000000,0.000000,0.000000,0.000000
/home/ubuntu/all-idb/dataset/leukemia/Im032_1.tif,1,63286.500000,1006.183777,0.785536,0.780564,0.990926,0.965675,1.599806,3.999648,0.986766,63286.500000,1006.183777,0.785536,0.780564,0.990926,0.965675,1.599806,3.999648,0.986766,0.000000,0.000000,0.000000,0.000000,0.000000,0.000000,0.000000,0.000000,0.000000,0.000000,0.000000,0.000000,0.000000,0.000000,0.000000,0.000000,0.000000,0.000000,0.973282,137.293762,121.201897,134.305771,21.094343,46.568077,30.899265,126.962326,38.322445,0.973282,137.293762,121.201897,134.305771,21.094343,46.568077,30.899265,126.962326,38.322445,0.000000,0.000000,0.000000,0.000000,0.000000,0.000000,0.000000,0.000000,0.000000,0.000000,0.000000,0.000000,0.000000,0.000000,0.000000,0.000000,0.000000,0.000000,137.293762,21.094343,137.293762,21.094343,121.201897,46.568077,121.201897,46.568077,134.305771,30.899265,134.305771,30.899265,126.962326,38.322445,126.962326,38.322445,1.000000,0.000000,0.000000,63784999714816.000000,63784999714816.000000,0.058365,0.037765,0.014492,0.074002,0.005472,0.001941,0.012456,0.068673,0.014221,0.003770,0.002291,0.004645,0.011883,0.003086,0.025261,0.076500,0.037065,0.022589,0.004200,0.020441,0.001893,0.000954,0.003197,0.018851,0.071489,0.020728,0.005250,0.018278,0.069230,0.019153,0.073891,0.197970,0.000000,0.000000,0.000000,0.000000,0.000000,0.000000,0.000000,0.000000,0.000000,0.000000,0.000000,0.000000,0.000000,0.000000,0.000000,0.000000,0.000000,0.000000,0.000000,0.000000,0.000000,0.000000,0.000000,0.000000,0.000000,0.000000,0.000000,0.000000,0.000000,0.000000,0.000000,0.000000,0.000000,0.000000,0.000000,0.000000,0.000000,0.000000,0.000000,0.000000,0.000000,0.000000,0.000000,0.000000,0.000000,0.000000,0.000000,0.000000,0.000000,0.000000,0.000000,0.000000,0.000000,0.000000,0.000000,0.000000,0.000000,0.000000,0.000000,0.000000,0.000000,0.000000,0.000000,0.000000,0.000000,0.000000,0.000000,0.000000,0.000000,0.000000,0.000000,0.000000,0.000000,0.000000,0.000000,0.000000
/home/ubuntu/all-idb/dataset/leukemia/Im033_1.tif,1,7045.000000,327.906647,0.823361,0.496638,0.974075,0.748831,1.152130,3.906697,0.938949,7329.000000,331.906647,0.836032,0.495692,0.974148,0.755411,1.151412,3.876980,0.943135,19.000000,79.112701,0.038148,0.992420,0.256757,0.065972,8.137382,18.149698,0.908960,0.000000,0.000000,0.000000,0.000000,0.000000,0.000000,0.000000,0.000000,0.000000,0.109680,112.087509,21.227324,64.637451,8.711508,16.595268,13.610710,44.574848,14.229989,0.114044,112.881592,23.993176,66.404335,9.856763,21.471598,16.233610,46.815361,18.019188,0.004364,132.839157,93.506996,110.811188,14.746648,10.095607,13.433832,103.125877,9.942398,0.000000,0.000000,0.000000,0.000000,0.000000,0.000000,0.000000,0.000000,0.000000,-20.751648,-6.035140,112.087509,8.711508,-72.279671,6.499661,21.227324,16.595268,-46.173737,0.176878,64.637451,13.610710,-58.551029,4.287591,44.574848,14.229989,0.961734,0.038266,0.000000,25.132868,7188000014336.000000,0.072065,0.051336,0.014329,0.067891,0.006817,0.001809,0.016416,0.067891,0.014190,0.004591,0.002226,0.005426,0.015999,0.002922,0.027268,0.071508,0.044101,0.027129,0.004452,0.021425,0.002226,0.002365,0.003061,0.020868,0.053283,0.019616,0.005008,0.015025,0.056622,0.021703,0.081525,0.178909,0.024476,0.118881,0.000000,0.122378,0.003497,0.000000,0.000000,0.118881,0.000000,0.000000,0.000000,0.000000,0.000000,0.000000,0.010490,0.066434,0.164336,0.034965,0.000000,0.003497,0.000000,0.000000,0.000000,0.000000,0.073427,0.006993,0.000000,0.000000,0.073427,0.000000,0.153846,0.024476,0.000000,0.000000,0.000000,0.000000,0.000000,0.000000,0.000000,0.000000,0.000000,0.000000,0.000000,0.000000,0.000000,0.000000,0.000000,0.000000,0.000000,0.000000,0.000000,0.000000,0.000000,0.000000,0.000000,0.000000,0.000000,0.000000,0.000000,0.000000,0.000000,0.000000,0.000000,0.000000,0.000000,0.000000,0.000000,0.000000,0.000000,0.000000,0.000000,0.000000,0.000000,0.000000,0.000000,0.000000
/home/ubuntu/all-idb/dataset/leukemia/Im034_1.tif,1,9521.500000,401.345245,0.742812,0.485446,0.952531,0.704461,1.143816,4.113064,0.901120,10044.500000,404.374664,0.771916,0.528713,0.954165,0.724711,1.178133,4.034779,0.922088,125.500000,177.095459,0.050285,0.913813,0.155322,0.051902,2.462237,15.808313,0.880485,0.000000,0.000000,0.000000,0.000000,0.000000,0.000000,0.000000,0.000000,0.000000,0.147842,114.031273,24.680876,69.105690,8.721701,17.998672,14.047006,48.154404,14.903567,0.155884,114.590546,27.873434,71.089958,9.472688,22.405302,16.343939,50.684807,18.236635,0.008041,124.872864,86.569260,107.571159,15.148129,11.950183,12.134844,97.206833,9.019950,0.000000,0.000000,0.000000,0.000000,0.000000,0.000000,0.000000,0.000000,0.000000,-10.841591,-6.426429,114.031273,8.721701,-61.888382,6.048490,24.680876,17.998672,-38.465469,1.912162,69.105690,14.047006,-49.052429,5.883617,48.154404,14.903567,0.948414,0.051586,0.000000,18.385199,9688999526400.000000,0.064713,0.046444,0.014140,0.063164,0.005780,0.001342,0.016410,0.063577,0.012592,0.003200,0.001858,0.004438,0.015688,0.003200,0.033440,0.080504,0.038291,0.022293,0.004748,0.016617,0.002064,0.001548,0.003509,0.019713,0.079162,0.020848,0.004644,0.014759,0.071834,0.021055,0.074105,0.174321,0.039848,0.113852,0.000000,0.119545,0.001898,0.001898,0.003795,0.140417,0.005693,0.001898,0.000000,0.003795,0.003795,0.000000,0.024668,0.106262,0.056926,0.020873,0.000000,0.007590,0.001898,0.000000,0.000000,0.003795,0.136622,0.003795,0.000000,0.001898,0.058824,0.003795,0.068311,0.068311,0.000000,0.000000,0.000000,0.000000,0.000000,0.000000,0.000000,0.000000,0.000000,0.000000,0.000000,0.000000,0.000000,0.000000,0.000000,0.000000,0.000000,0.000000,0.000000,0.000000,0.000000,0.000000,0.000000,0.000000,0.000000,0.000000,0.000000,0.000000,0.000000,0.000000,0.000000,0.000000,0.000000,0.000000,0.000000,0.000000,0.000000,0.000000,0.000000,0.000000,0.000000,0.000000,0.000000,0.000000
/home/ubuntu/all-idb/dataset/leukemia/Im035_1.tif,1,8339.500000,349.948273,0.855741,0.357692,0.984012,0.735276,1.070848,3.832073,0.945380,8567.500000,354.776703,0.855370,0.382986,0.985790,0.734588,1.082539,3.832905,0.946290,15.000000,102.911690,0.017798,0.572919,0.059642,0.016630,1.220089,26.571684,0.911279,0.000000,0.000000,0.000000,0.000000,0.000000,0.000000,0.000000,0.000000,0.000000,0.129547,111.253471,22.463722,69.716965,8.752240,13.454628,12.888710,46.711308,11.731605,0.133057,111.434517,24.026491,70.768234,9.154113,16.427248,14.586135,47.963417,13.990123,0.003510,118.117393,81.713043,109.573914,17.422853,11.439264,19.686924,94.182610,12.084185,0.000000,0.000000,0.000000,0.000000,0.000000,0.000000,0.000000,0.000000,0.000000,-6.863922,-8.670613,111.253471,8.752240,-59.249321,2.015364,22.463722,13.454628,-39.856949,-6.798214,69.716965,12.888710,-47.471302,-0.352580,46.711308,11.731605,0.973624,0.026376,0.000000,36.913044,8490000056320.000000,0.073852,0.045583,0.016490,0.072203,0.005654,0.003062,0.015783,0.073616,0.014605,0.003651,0.001885,0.004358,0.014488,0.005418,0.026031,0.069376,0.043463,0.024853,0.004005,0.023675,0.002473,0.000942,0.003062,0.024146,0.060424,0.022026,0.004476,0.015901,0.074912,0.020024,0.062898,0.166667,0.013043,0.026087,0.000000,0.104348,0.000000,0.000000,0.000000,0.069565,0.000000,0.000000,0.000000,0.000000,0.000000,0.000000,0.021739,0.173913,0.065217,0.013043,0.000000,0.000000,0.000000,0.000000,0.000000,0.000000,0.165217,0.000000,0.000000,0.000000,0.182609,0.000000,0.126087,0.039130,0.000000,0.000000,0.000000,0.000000,0.000000,0.000000,0.000000,0.000000,0.000000,0.000000,0.000000,0.000000,0.000000,0.000000,0.000000,0.000000,0.000000,0.000000,0.000000,0.000000,0.000000,0.000000,0.000000,0.000000,0.000000,0.000000,0.000000,0.000000,0.000000,0.000000,0.000000,0.000000,0.000000,0.000000,0.000000,0.000000,0.000000,0.000000,0.000000,0.000000,0.000000,0.000000,0.000000,0.000000
/home/ubuntu/all-idb/dataset/leukemia/Im036_1.tif,1,13950.500000,567.570618,0.544202,0.616292,0.905730,0.656432,1.269812,4.805350,0.799692,14858.000000,516.901611,0.698803,0.596444,0.933467,0.667475,1.245865,4.240603,0.897438,230.500000,157.296463,0.117069,0.974232,0.395030,0.233773,4.433636,10.360566,0.795020,0.000000,0.000000,0.000000,0.000000,0.000000,0.000000,0.000000,0.000000,0.000000,0.216553,117.996338,30.914812,75.750137,10.205788,21.394964,13.551235,54.244999,17.195837,0.230118,119.170547,34.842781,77.905510,11.330346,26.223795,15.897675,57.328892,20.905880,0.013565,137.915634,97.548935,112.313835,11.900160,13.421191,9.887070,106.560181,10.870495,0.000000,0.000000,0.000000,0.000000,0.000000,0.000000,0.000000,0.000000,0.000000,-19.919296,-1.694372,117.996338,10.205788,-66.634125,7.973773,30.914812,21.394964,-36.563698,3.664165,75.750137,13.551235,-52.315182,6.325342,54.244999,17.195837,0.941052,0.058948,0.000000,15.964005,14192000106496.000000,0.077297,0.041502,0.013599,0.067010,0.006835,0.001691,0.016065,0.063557,0.014374,0.003312,0.001762,0.004157,0.014797,0.003382,0.029171,0.059682,0.051931,0.030087,0.005073,0.023534,0.003100,0.001902,0.004439,0.019095,0.065812,0.023957,0.005989,0.015854,0.066939,0.022971,0.076029,0.165093,0.057368,0.056243,0.008999,0.110236,0.000000,0.003375,0.006749,0.089989,0.008999,0.001125,0.000000,0.003375,0.010124,0.000000,0.020247,0.083240,0.075366,0.033746,0.004499,0.020247,0.002250,0.000000,0.001125,0.002250,0.098988,0.015748,0.003375,0.008999,0.083240,0.013498,0.102362,0.074241,0.000000,0.000000,0.000000,0.000000,0.000000,0.000000,0.000000,0.000000,0.000000,0.000000,0.000000,0.000000,0.000000,0.000000,0.000000,0.000000,0.000000,0.000000,0.000000,0.000000,0.000000,0.000000,0.000000,0.000000,0.000000,0.000000,0.000000,0.000000,0.000000,0.000000,0.000000,0.000000,0.000000,0.000000,0.000000,0.000000,0.000000,0.000000,0.000000,0.000000,0.000000,0.000000,0.000000,0.000000
/home/ubuntu/all-idb/dataset/leukemia/Im037_1.tif,1,9636.000000,384.190918,0.820375,0.303005,0.976193,0.789319,1.049330,3.913800,0.925430,10039.500000,377.806122,0.883861,0.181211,0.986489,0.807553,1.016834,3.770622,0.954911,106.500000,152.468033,0.057571,0.217772,0.195413,0.064002,1.024591,14.774201,0.916247,0.000000,0.000000,0.000000,0.000000,0.000000,0.000000,0.000000,0.000000,0.000000,0.149582,112.018364,24.014282,66.528107,10.161708,18.089693,12.712504,46.761398,14.974442,0.155731,112.510094,26.320204,67.960907,10.783561,21.167898,14.465124,48.599648,17.348986,0.006149,124.471466,82.411911,102.813896,16.857042,10.581554,10.159893,93.315140,9.292193,0.000000,0.000000,0.000000,0.000000,0.000000,0.000000,0.000000,0.000000,0.000000,-12.453102,-6.695334,112.018364,10.161708,-58.397629,7.508139,24.014282,18.089693,-36.285789,2.552611,66.528107,12.712504,-46.553741,5.682248,46.761398,14.974442,0.960513,0.039487,0.000000,24.325062,9802999660544.000000,0.068346,0.046924,0.012547,0.077323,0.004794,0.002754,0.013465,0.066714,0.014893,0.003876,0.002346,0.003570,0.012139,0.003774,0.024278,0.068652,0.053759,0.028257,0.004080,0.023564,0.001734,0.001122,0.003264,0.018974,0.066000,0.021116,0.005202,0.014791,0.071917,0.019994,0.079057,0.160767,0.009926,0.014888,0.000000,0.042184,0.000000,0.000000,0.007444,0.121588,0.004963,0.002481,0.000000,0.000000,0.014888,0.000000,0.039702,0.163772,0.074442,0.002481,0.000000,0.009926,0.000000,0.000000,0.002481,0.007444,0.096774,0.000000,0.000000,0.002481,0.116625,0.004963,0.129032,0.131514,0.000000,0.000000,0.000000,0.000000,0.000000,0.000000,0.000000,0.000000,0.000000,0.000000,0.000000,0.000000,0.000000,0.000000,0.000000,0.000000,0.000000,0.000000,0.000000,0.000000,0.000000,0.000000,0.000000,0.000000,0.000000,0.000000,0.000000,0.000000,0.000000,0.000000,0.000000,0.000000,0.000000,0.000000,0.000000,0.000000,0.000000,0.000000,0.000000,0.000000,0.000000,0.000000,0.000000,0.000000
/home/ubuntu/all-idb/dataset/leukemia/Im038_1.tif,1,10735.500000,419.688385,0.765911,0.310362,0.963127,0.692702,1.051947,4.050567,0.905413,11182.500000,410.717804,0.833032,0.357724,0.975020,0.710271,1.070862,3.883954,0.935725,102.000000,81.597977,0.192509,0.954487,0.551351,0.212500,3.352863,8.079404,0.901182,0.000000,0.000000,0.000000,0.000000,0.000000,0.000000,0.000000,0.000000,0.000000,0.166519,116.039223,28.206360,73.314392,10.156492,19.637367,13.607894,51.703564,16.129158,0.173309,116.878937,30.804895,74.648262,11.033200,23.214573,15.000904,53.724247,18.784798,0.006790,137.471909,94.530334,107.359550,11.659678,8.462586,9.417468,103.278648,8.420074,0.000000,0.000000,0.000000,0.000000,0.000000,0.000000,0.000000,0.000000,0.000000,-21.432686,-1.503185,116.039223,10.156492,-66.323975,11.174781,28.206360,19.637367,-34.045158,4.190426,73.314392,13.607894,-51.575085,7.709085,51.703564,16.129158,0.960821,0.039179,0.000000,24.523596,10913000194048.000000,0.076331,0.040960,0.013379,0.078439,0.005406,0.002016,0.013104,0.076606,0.013104,0.003390,0.002108,0.004948,0.012187,0.004307,0.023367,0.064235,0.056813,0.028681,0.004032,0.022725,0.002841,0.001466,0.003665,0.020159,0.069733,0.023367,0.005315,0.014387,0.067534,0.021167,0.069367,0.154861,0.051685,0.049438,0.004494,0.107865,0.000000,0.002247,0.013483,0.096629,0.011236,0.000000,0.000000,0.002247,0.006742,0.004494,0.017978,0.107865,0.078652,0.029213,0.004494,0.006742,0.000000,0.000000,0.000000,0.008989,0.105618,0.013483,0.006742,0.008989,0.096629,0.013483,0.096629,0.053933,0.000000,0.000000,0.000000,0.000000,0.000000,0.000000,0.000000,0.000000,0.000000,0.000000,0.000000,0.000000,0.000000,0.000000,0.000000,0.000000,0.000000,0.000000,0.000000,0.000000,0.000000,0.000000,0.000000,0.000000,0.000000,0.000000,0.000000,0.000000,0.000000,0.000000,0.000000,0.000000,0.000000,0.000000,0.000000,0.000000,0.000000,0.000000,0.000000,0.000000,0.000000,0.000000,0.000000,0.000000
/home/ubuntu/all-idb/dataset/leukemia/Im039_1.tif,1,10607.500000,477.629517,0.584306,0.415041,0.938011,0.713109,1.099139,4.637507,0.797578,11134.500000,418.374664,0.799374,0.415440,0.962901,0.736409,1.099360,3.964880,0.920223,155.500000,141.095459,0.098155,0.937051,0.292568,0.080362,2.863749,11.314824,0.890913,0.000000,0.000000,0.000000,0.000000,0.000000,0.000000,0.000000,0.000000,0.000000,0.164932,117.679062,27.801184,74.269958,10.239828,20.483198,12.960433,51.940514,16.336990,0.172623,118.391052,30.664810,75.764076,10.939456,24.155378,14.575969,54.149918,19.100931,0.007690,133.660721,92.079369,107.807541,13.907645,12.303763,9.584661,101.533730,10.750362,0.000000,0.000000,0.000000,0.000000,0.000000,0.000000,0.000000,0.000000,0.000000,-15.981659,-3.667817,117.679062,10.239828,-64.278183,8.179435,27.801184,20.483198,-33.537582,3.375772,74.269958,12.960433,-49.593216,5.586628,51.940514,16.336990,0.955449,0.044551,0.000000,21.446428,10809000329216.000000,0.070589,0.043297,0.012860,0.074290,0.004811,0.001758,0.011379,0.083171,0.013785,0.004071,0.002128,0.004348,0.013045,0.003516,0.023591,0.076140,0.048478,0.023591,0.003701,0.022296,0.002128,0.001943,0.002683,0.020076,0.086687,0.020723,0.004348,0.012582,0.071607,0.019983,0.062170,0.154223,0.037698,0.041667,0.003968,0.123016,0.001984,0.003968,0.005952,0.095238,0.005952,0.000000,0.000000,0.000000,0.005952,0.000000,0.027778,0.071429,0.065476,0.013889,0.000000,0.005952,0.001984,0.000000,0.000000,0.003968,0.126984,0.001984,0.000000,0.000000,0.178571,0.005952,0.128968,0.041667,0.000000,0.000000,0.000000,0.000000,0.000000,0.000000,0.000000,0.000000,0.000000,0.000000,0.000000,0.000000,0.000000,0.000000,0.000000,0.000000,0.000000,0.000000,0.000000,0.000000,0.000000,0.000000,0.000000,0.000000,0.000000,0.000000,0.000000,0.000000,0.000000,0.000000,0.000000,0.000000,0.000000,0.000000,0.000000,0.000000,0.000000,0.000000,0.000000,0.000000,0.000000,0.000000,0.000000,0.000000
/home/ubuntu/all-idb/dataset/leukemia/Im040_1.tif,1,8645.500000,352.433533,0.874673,0.391142,0.986029,0.748917,1.086566,3.790375,0.948273,8907.000000,357.019348,0.878128,0.401662,0.987527,0.757914,1.091956,3.782910,0.949264,12.500000,134.953323,0.008625,0.712882,0.026681,0.007123,1.425956,38.170563,0.900507,0.000000,0.000000,0.000000,0.000000,0.000000,0.000000,0.000000,0.000000,0.000000,0.134216,106.935425,21.145748,61.260460,8.934068,15.858212,10.874487,42.914394,12.841561,0.138245,107.470749,22.980574,62.377705,9.591681,18.941772,12.722300,44.386864,15.305862,0.004028,125.306816,84.113640,99.602272,13.047429,9.201982,13.687701,93.446968,8.136910,0.000000,0.000000,0.000000,0.000000,0.000000,0.000000,0.000000,0.000000,0.000000,-18.371391,-4.113361,106.935425,8.934068,-62.967892,6.656229,21.145748,15.858212,-38.341812,-2.813214,61.260460,10.874487,-50.532574,4.704651,42.914394,12.841561,0.970861,0.029139,0.000000,33.318180,8796000223232.000000,0.070487,0.054911,0.011710,0.075489,0.005571,0.003297,0.012506,0.072306,0.015689,0.003979,0.002615,0.004206,0.013529,0.003297,0.026489,0.061278,0.042178,0.025921,0.004206,0.023192,0.002501,0.001364,0.002956,0.020805,0.071965,0.023533,0.004093,0.015007,0.075830,0.018531,0.064575,0.165985,0.018939,0.117424,0.000000,0.113636,0.000000,0.000000,0.000000,0.125000,0.000000,0.000000,0.000000,0.000000,0.000000,0.000000,0.007576,0.136364,0.053030,0.034091,0.000000,0.011364,0.000000,0.000000,0.000000,0.000000,0.128788,0.007576,0.000000,0.000000,0.128788,0.000000,0.098485,0.018939,0.000000,0.000000,0.000000,0.000000,0.000000,0.000000,0.000000,0.000000,0.000000,0.000000,0.000000,0.000000,0.000000,0.000000,0.000000,0.000000,0.000000,0.000000,0.000000,0.000000,0.000000,0.000000,0.000000,0.000000,0.000000,0.000000,0.000000,0.000000,0.000000,0.000000,0.000000,0.000000,0.000000,0.000000,0.000000,0.000000,0.000000,0.000000,0.000000,0.000000,0.000000,0.000000,0.000000,0.000000
/home/ubuntu/all-idb/dataset/leukemia/Im041_1.tif,1,8664.000000,351.705627,0.880176,0.289294,0.986451,0.764021,1.044670,3.778506,0.951454,8827.500000,353.948273,0.885458,0.299595,0.988024,0.764286,1.048145,3.767220,0.954704,2.000000,37.112698,0.018247,0.996200,0.129032,0.011111,11.481934,26.242641,0.968375,0.000000,0.000000,0.000000,0.000000,0.000000,0.000000,0.000000,0.000000,0.000000,0.134521,107.830536,20.121256,60.316925,8.421415,14.435905,10.752572,42.131012,11.753874,0.137024,108.161247,21.293541,61.045433,8.852733,16.732117,12.029119,43.074833,13.602935,0.002502,125.939026,84.310974,100.207314,12.528356,9.062500,12.076724,93.810974,9.133542,0.000000,0.000000,0.000000,0.000000,0.000000,0.000000,0.000000,0.000000,0.000000,-18.108490,-4.106940,107.830536,8.421415,-64.189720,5.373405,20.121256,14.435905,-39.890388,-1.324152,60.316925,10.752572,-51.679962,2.620332,42.131012,11.753874,0.981737,0.018263,0.000000,53.756096,8816000237568.000000,0.069419,0.038453,0.013725,0.074524,0.005785,0.002042,0.012704,0.077473,0.013158,0.004537,0.001701,0.004651,0.014292,0.002609,0.023707,0.070440,0.052064,0.023367,0.004310,0.023367,0.002722,0.001475,0.003970,0.021211,0.075998,0.024614,0.004310,0.014973,0.069079,0.018716,0.071234,0.159369,0.012195,0.079268,0.000000,0.091463,0.000000,0.000000,0.000000,0.067073,0.000000,0.000000,0.000000,0.000000,0.000000,0.000000,0.018293,0.128049,0.109756,0.012195,0.000000,0.000000,0.000000,0.000000,0.000000,0.000000,0.158537,0.000000,0.000000,0.000000,0.170732,0.000000,0.121951,0.030488,0.000000,0.000000,0.000000,0.000000,0.000000,0.000000,0.000000,0.000000,0.000000,0.000000,0.000000,0.000000,0.000000,0.000000,0.000000,0.000000,0.000000,0.000000,0.000000,0.000000,0.000000,0.000000,0.000000,0.000000,0.000000,0.000000,0.000000,0.000000,0.000000,0.000000,0.000000,0.000000,0.000000,0.000000,0.000000,0.000000,0.000000,0.000000,0.000000,0.000000,0.000000,0.000000,0.000000,0.000000
/home/ubuntu/all-idb/dataset/leukemia/Im042_1.tif,1,8732.000000,369.847748,0.802191,0.536353,0.971518,0.723147,1.184842,3.957912,0.920165,9192.000000,375.847748,0.817704,0.547321,0.973780,0.728022,1.194854,3.920189,0.928620,89.500000,143.095459,0.054926,0.937124,0.199777,0.043279,2.865356,15.125659,0.920942,0.000000,0.000000,0.000000,0.000000,0.000000,0.000000,0.000000,0.000000,0.000000,0.135666,107.484871,22.736137,64.557640,8.245889,14.692916,13.420864,44.897312,12.945554,0.142731,108.223648,25.894270,66.577507,9.183610,20.050488,15.926232,47.438957,16.953960,0.007065,122.410370,86.539955,105.365013,13.654644,10.346587,9.095998,96.246223,9.094409,0.000000,0.000000,0.000000,0.000000,0.000000,0.000000,0.000000,0.000000,0.000000,-14.925499,-5.408755,107.484871,8.245889,-63.803818,4.346329,22.736137,14.692916,-40.807373,4.324866,64.557640,13.420864,-51.348911,3.851145,44.897312,12.945554,0.950502,0.049498,0.000000,19.203024,8890999635968.000000,0.065909,0.045552,0.011697,0.075919,0.006186,0.001912,0.013159,0.067596,0.015746,0.003262,0.001800,0.004724,0.015071,0.003487,0.030255,0.078506,0.046002,0.022045,0.003599,0.021482,0.002362,0.001462,0.004049,0.015296,0.061973,0.022832,0.004949,0.014284,0.079406,0.017658,0.074007,0.167810,0.008639,0.090713,0.002160,0.127430,0.002160,0.002160,0.006479,0.161987,0.000000,0.000000,0.000000,0.002160,0.002160,0.000000,0.015119,0.120950,0.103672,0.010799,0.002160,0.000000,0.000000,0.000000,0.000000,0.002160,0.086393,0.000000,0.000000,0.000000,0.120950,0.000000,0.105832,0.025918,0.000000,0.000000,0.000000,0.000000,0.000000,0.000000,0.000000,0.000000,0.000000,0.000000,0.000000,0.000000,0.000000,0.000000,0.000000,0.000000,0.000000,0.000000,0.000000,0.000000,0.000000,0.000000,0.000000,0.000000,0.000000,0.000000,0.000000,0.000000,0.000000,0.000000,0.000000,0.000000,0.000000,0.000000,0.000000,0.000000,0.000000,0.000000,0.000000,0.000000,0.000000,0.000000,0.000000,0.000000
/home/ubuntu/all-idb/dataset/leukemia/Im043_1.tif,1,7302.000000,328.048767,0.852658,0.503157,0.973860,0.737725,1.157146,3.838995,0.946736,7499.000000,330.391907,0.863285,0.475426,0.975924,0.749975,1.136679,3.815292,0.951402,16.500000,99.296463,0.021029,0.809774,0.087302,0.015207,1.704328,24.445099,0.937809,0.000000,0.000000,0.000000,0.000000,0.000000,0.000000,0.000000,0.000000,0.000000,0.113571,113.183258,20.158941,66.641541,12.360162,17.357248,15.508012,44.658875,15.281904,0.116608,113.395317,21.899111,67.987701,12.600025,20.270281,17.444715,46.107040,17.585140,0.003036,121.326630,86.984924,118.336685,17.835339,12.692529,9.407695,100.271355,11.330429,0.000000,0.000000,0.000000,0.000000,0.000000,0.000000,0.000000,0.000000,0.000000,-8.143372,-5.475177,113.183258,12.360162,-66.825981,4.664720,20.158941,17.357248,-51.695145,6.100317,66.641541,15.508012,-55.612480,3.951475,44.658875,15.281904,0.973960,0.026040,0.000000,37.402012,7443000066048.000000,0.062609,0.045277,0.013167,0.075507,0.005643,0.002418,0.013301,0.078194,0.013167,0.003896,0.002150,0.004702,0.016391,0.003225,0.031305,0.076448,0.034260,0.020556,0.003493,0.019347,0.002015,0.001612,0.004165,0.023378,0.057369,0.019213,0.003493,0.015585,0.070805,0.020153,0.088271,0.168884,0.025126,0.090452,0.000000,0.020101,0.000000,0.000000,0.000000,0.015075,0.000000,0.000000,0.000000,0.000000,0.000000,0.000000,0.020101,0.080402,0.165829,0.050251,0.000000,0.000000,0.000000,0.000000,0.000000,0.000000,0.135678,0.000000,0.000000,0.000000,0.170854,0.000000,0.195980,0.030151,0.000000,0.000000,0.000000,0.000000,0.000000,0.000000,0.000000,0.000000,0.000000,0.000000,0.000000,0.000000,0.000000,0.000000,0.000000,0.000000,0.000000,0.000000,0.000000,0.000000,0.000000,0.000000,0.000000,0.000000,0.000000,0.000000,0.000000,0.000000,0.000000,0.000000,0.000000,0.000000,0.000000,0.000000,0.000000,0.000000,0.000000,0.000000,0.000000,0.000000,0.000000,0.000000,0.000000,0.000000
/home/ubuntu/all-idb/dataset/leukemia/Im044_1.tif,1,12285.000000,441.587860,0.791682,0.437124,0.970188,0.729686,1.111851,3.984094,0.915909,12543.500000,436.859955,0.825932,0.449036,0.975996,0.727750,1.119177,3.900613,0.932571,11.500000,73.982758,0.026403,0.983437,0.170370,0.017857,5.517154,21.816324,0.952377,0.000000,0.000000,0.000000,0.000000,0.000000,0.000000,0.000000,0.000000,0.000000,0.190308,120.194756,32.173027,67.708870,13.392177,25.011412,14.960488,52.836033,20.145887,0.194244,120.677773,33.594265,68.624748,13.737633,26.689098,16.175535,53.998901,21.545465,0.003937,144.027130,102.298447,112.899223,9.236515,9.346893,9.470758,110.213181,7.714196,0.000000,0.000000,0.000000,0.000000,0.000000,0.000000,0.000000,0.000000,0.000000,-23.832375,4.155662,120.194756,13.392177,-70.125420,15.664518,32.173027,25.011412,-45.190353,5.489730,67.708870,14.960488,-57.377148,12.431691,52.836033,20.145887,0.979733,0.020267,0.000000,48.341084,12471999922176.000000,0.065427,0.047547,0.014593,0.081944,0.004811,0.001764,0.014994,0.072162,0.011947,0.002886,0.001844,0.003448,0.013711,0.003127,0.028143,0.071440,0.045943,0.023894,0.003849,0.021328,0.001764,0.001443,0.003127,0.017319,0.070959,0.020366,0.002886,0.014192,0.084830,0.017078,0.073445,0.157793,0.007752,0.038760,0.000000,0.050388,0.000000,0.000000,0.000000,0.081395,0.000000,0.003876,0.000000,0.000000,0.000000,0.000000,0.031008,0.182171,0.073643,0.007752,0.000000,0.000000,0.000000,0.000000,0.000000,0.000000,0.186047,0.000000,0.000000,0.000000,0.147287,0.000000,0.143411,0.046512,0.000000,0.000000,0.000000,0.000000,0.000000,0.000000,0.000000,0.000000,0.000000,0.000000,0.000000,0.000000,0.000000,0.000000,0.000000,0.000000,0.000000,0.000000,0.000000,0.000000,0.000000,0.000000,0.000000,0.000000,0.000000,0.000000,0.000000,0.000000,0.000000,0.000000,0.000000,0.000000,0.000000,0.000000,0.000000,0.000000,0.000000,0.000000,0.000000,0.000000,0.000000,0.000000,0.000000,0.000000
/home/ubuntu/all-idb/dataset/leukemia/Im045_1.tif,1,48170.500000,1163.688354,0.447010,0.573962,0.822478,0.735023,1.221177,5.302078,0.830516,48170.500000,1163.688354,0.447010,0.573962,0.822478,0.735023,1.221177,5.302078,0.830516,0.000000,0.000000,0.000000,0.000000,0.000000,0.000000,0.000000,0.000000,0.000000,0.000000,0.000000,0.000000,0.000000,0.000000,0.000000,0.000000,0.000000,0.000000,0.743408,131.748459,110.844131,133.439575,21.495617,48.835167,32.928570,119.984482,40.214752,0.743408,131.748459,110.844131,133.439575,21.495617,48.835167,32.928570,119.984482,40.214752,0.000000,0.000000,0.000000,0.000000,0.000000,0.000000,0.000000,0.000000,0.000000,0.000000,0.000000,0.000000,0.000000,0.000000,0.000000,0.000000,0.000000,0.000000,131.748459,21.495617,131.748459,21.495617,110.844131,48.835167,110.844131,48.835167,133.439575,32.928570,133.439575,32.928570,119.984482,40.214752,119.984482,40.214752,1.000000,0.000000,0.000000,48719999270912.000000,48719999270912.000000,0.061313,0.048033,0.014927,0.071507,0.005212,0.002231,0.012050,0.069652,0.014510,0.004128,0.001939,0.004983,0.012133,0.003044,0.023308,0.068589,0.041737,0.023287,0.003690,0.021390,0.002106,0.001564,0.003002,0.020869,0.073280,0.021744,0.004691,0.017283,0.071716,0.020285,0.079388,0.176413,0.000000,0.000000,0.000000,0.000000,0.000000,0.000000,0.000000,0.000000,0.000000,0.000000,0.000000,0.000000,0.000000,0.000000,0.000000,0.000000,0.000000,0.000000,0.000000,0.000000,0.000000,0.000000,0.000000,0.000000,0.000000,0.000000,0.000000,0.000000,0.000000,0.000000,0.000000,0.000000,0.000000,0.000000,0.000000,0.000000,0.000000,0.000000,0.000000,0.000000,0.000000,0.000000,0.000000,0.000000,0.000000,0.000000,0.000000,0.000000,0.000000,0.000000,0.000000,0.000000,0.000000,0.000000,0.000000,0.000000,0.000000,0.000000,0.000000,0.000000,0.000000,0.000000,0.000000,0.000000,0.000000,0.000000,0.000000,0.000000,0.000000,0.000000,0.000000,0.000000,0.000000,0.000000,0.000000,0.000000
/home/ubuntu/all-idb/dataset/leukemia/Im046_1.tif,1,7587.500000,333.462982,0.857459,0.389733,0.980107,0.736507,1.085861,3.828232,0.942534,7851.500000,335.948273,0.874214,0.392399,0.985008,0.740149,1.087199,3.791369,0.948642,26.000000,80.568542,0.050333,0.993143,0.305882,0.036466,8.553896,15.800791,0.932939,0.000000,0.000000,0.000000,0.000000,0.000000,0.000000,0.000000,0.000000,0.000000,0.117966,115.428925,22.221704,69.648560,9.740720,16.864861,14.496117,47.029881,14.657219,0.121994,116.018639,24.486179,71.113823,10.314081,20.675774,16.353338,48.864914,17.550356,0.004028,133.287872,90.799240,114.022728,11.605923,8.330839,6.418447,102.602272,7.100800,0.000000,0.000000,0.000000,0.000000,0.000000,0.000000,0.000000,0.000000,0.000000,-17.858948,-1.865203,115.428925,9.740720,-68.577538,8.534021,22.221704,16.864861,-44.374168,8.077670,69.648560,14.496117,-55.572392,7.556419,47.029881,14.657219,0.966979,0.033021,0.000000,29.284090,7730999853056.000000,0.064157,0.052386,0.012418,0.069331,0.005562,0.002070,0.014358,0.068814,0.013323,0.003751,0.002070,0.003363,0.014875,0.003104,0.026775,0.067779,0.042944,0.025611,0.003622,0.018626,0.001940,0.001552,0.004527,0.020696,0.064933,0.019273,0.004657,0.014099,0.080973,0.018626,0.081878,0.171905,0.034091,0.071970,0.000000,0.128788,0.003788,0.000000,0.003788,0.143939,0.000000,0.000000,0.000000,0.000000,0.000000,0.000000,0.015152,0.094697,0.045455,0.049242,0.000000,0.007576,0.000000,0.000000,0.000000,0.000000,0.087121,0.003788,0.000000,0.007576,0.121212,0.000000,0.128788,0.053030,0.000000,0.000000,0.000000,0.000000,0.000000,0.000000,0.000000,0.000000,0.000000,0.000000,0.000000,0.000000,0.000000,0.000000,0.000000,0.000000,0.000000,0.000000,0.000000,0.000000,0.000000,0.000000,0.000000,0.000000,0.000000,0.000000,0.000000,0.000000,0.000000,0.000000,0.000000,0.000000,0.000000,0.000000,0.000000,0.000000,0.000000,0.000000,0.000000,0.000000,0.000000,0.000000,0.000000,0.000000
/home/ubuntu/all-idb/dataset/leukemia/Im047_1.tif,1,60963.500000,1012.894470,0.746709,0.570234,0.974566,0.930229,1.217312,4.102317,0.965419,60963.500000,1012.894470,0.746709,0.570234,0.974566,0.930229,1.217312,4.102317,0.965419,0.000000,0.000000,0.000000,0.000000,0.000000,0.000000,0.000000,0.000000,0.000000,0.000000,0.000000,0.000000,0.000000,0.000000,0.000000,0.000000,0.000000,0.000000,0.937729,135.684616,111.899078,133.493561,19.832188,48.640800,29.887337,121.071274,38.955975,0.937729,135.684616,111.899078,133.493561,19.832188,48.640800,29.887337,121.071274,38.955975,0.000000,0.000000,0.000000,0.000000,0.000000,0.000000,0.000000,0.000000,0.000000,0.000000,0.000000,0.000000,0.000000,0.000000,0.000000,0.000000,0.000000,0.000000,135.684616,19.832188,135.684616,19.832188,111.899078,48.640800,111.899078,48.640800,133.493561,29.887337,133.493561,29.887337,121.071274,38.955975,121.071274,38.955975,1.000000,0.000000,0.000000,61455000928256.000000,61455000928256.000000,0.058064,0.040655,0.013552,0.071929,0.005407,0.002094,0.011969,0.076149,0.013354,0.003610,0.001813,0.004995,0.012002,0.003083,0.023954,0.071632,0.041595,0.022537,0.003759,0.021383,0.002127,0.001138,0.002918,0.017212,0.079199,0.020163,0.004913,0.016898,0.076842,0.018992,0.080980,0.175083,0.000000,0.000000,0.000000,0.000000,0.000000,0.000000,0.000000,0.000000,0.000000,0.000000,0.000000,0.000000,0.000000,0.000000,0.000000,0.000000,0.000000,0.000000,0.000000,0.000000,0.000000,0.000000,0.000000,0.000000,0.000000,0.000000,0.000000,0.000000,0.000000,0.000000,0.000000,0.000000,0.000000,0.000000,0.000000,0.000000,0.000000,0.000000,0.000000,0.000000,0.000000,0.000000,0.000000,0.000000,0.000000,0.000000,0.000000,0.000000,0.000000,0.000000,0.000000,0.000000,0.000000,0.000000,0.000000,0.000000,0.000000,0.000000,0.000000,0.000000,0.000000,0.000000,0.000000,0.000000,0.000000,0.000000,0.000000,0.000000,0.000000,0.000000,0.000000,0.000000,0.000000,0.000000,0.000000,0.000000
/home/ubuntu/all-idb/dataset/leukemia/Im048_1.tif,1,8208.500000,350.433533,0.839967,0.377181,0.979242,0.731595,1.079751,3.867887,0.939521,8515.000000,353.705627,0.855284,0.386778,0.980426,0.744774,1.084395,3.833096,0.945157,53.500000,131.438599,0.038915,0.951510,0.209393,0.030571,3.250802,17.969915,0.926235,0.000000,0.000000,0.000000,0.000000,0.000000,0.000000,0.000000,0.000000,0.000000,0.127533,116.648125,25.346615,71.182816,9.827296,17.843792,15.308070,49.460754,15.477789,0.132263,116.904243,27.417627,72.577179,10.162231,20.642960,16.737776,51.122635,17.555439,0.004730,123.809677,83.254837,110.170967,15.307786,9.862092,7.050037,95.929031,8.747062,0.000000,0.000000,0.000000,0.000000,0.000000,0.000000,0.000000,0.000000,0.000000,-7.161552,-5.480490,116.648125,9.827296,-57.908222,7.981700,25.346615,17.843792,-38.988152,8.258033,71.182816,15.308070,-46.468277,6.730727,49.460754,15.477789,0.964236,0.035764,0.000000,26.961290,8358000066560.000000,0.060900,0.041397,0.012563,0.059225,0.006102,0.002273,0.013400,0.066882,0.014716,0.003470,0.003350,0.003111,0.013281,0.003829,0.027399,0.078009,0.044748,0.020818,0.004068,0.015434,0.003470,0.001316,0.004307,0.020579,0.084709,0.020699,0.004666,0.011486,0.085427,0.017468,0.077531,0.173367,0.016129,0.190323,0.000000,0.109677,0.000000,0.000000,0.000000,0.219355,0.000000,0.000000,0.000000,0.000000,0.000000,0.000000,0.000000,0.093548,0.087097,0.067742,0.000000,0.006452,0.000000,0.000000,0.000000,0.000000,0.112903,0.000000,0.000000,0.000000,0.061290,0.000000,0.032258,0.003226,0.000000,0.000000,0.000000,0.000000,0.000000,0.000000,0.000000,0.000000,0.000000,0.000000,0.000000,0.000000,0.000000,0.000000,0.000000,0.000000,0.000000,0.000000,0.000000,0.000000,0.000000,0.000000,0.000000,0.000000,0.000000,0.000000,0.000000,0.000000,0.000000,0.000000,0.000000,0.000000,0.000000,0.000000,0.000000,0.000000,0.000000,0.000000,0.000000,0.000000,0.000000,0.000000,0.000000,0.000000
/home/ubuntu/all-idb/dataset/leukemia/Im049_1.tif,1,9431.500000,371.747253,0.857620,0.448971,0.983216,0.732828,1.119136,3.827872,0.948528,9703.500000,376.090393,0.862092,0.463364,0.985027,0.740838,1.128454,3.817931,0.950567,22.000000,76.225395,0.047581,0.998186,0.463158,0.031884,16.608675,16.251308,0.961858,0.000000,0.000000,0.000000,0.000000,0.000000,0.000000,0.000000,0.000000,0.000000,0.146332,117.875496,26.522419,73.731697,9.270388,17.647465,14.122585,51.052658,15.063987,0.150528,118.376282,28.364014,74.831932,9.807087,20.561390,15.455823,52.519310,17.240379,0.004196,135.839996,92.585457,113.199997,11.811390,7.922062,9.988357,103.665451,7.621315,0.000000,0.000000,0.000000,0.000000,0.000000,0.000000,0.000000,0.000000,0.000000,-17.964500,-2.541002,117.875496,9.270388,-66.063034,9.725403,26.522419,17.647465,-39.468300,4.134229,73.731697,14.122585,-52.612793,7.442672,51.052658,15.063987,0.972124,0.027876,0.000000,34.872726,9590000320512.000000,0.069239,0.045255,0.013660,0.057143,0.006257,0.001773,0.016058,0.067675,0.015850,0.003754,0.001147,0.003858,0.017623,0.003128,0.029823,0.068300,0.040876,0.023045,0.004275,0.023045,0.002294,0.001460,0.003962,0.019187,0.070803,0.021898,0.006257,0.015433,0.077164,0.019499,0.077164,0.173097,0.036364,0.105455,0.000000,0.083636,0.000000,0.000000,0.000000,0.138182,0.000000,0.000000,0.000000,0.000000,0.000000,0.000000,0.014545,0.123636,0.090909,0.047273,0.000000,0.000000,0.000000,0.000000,0.000000,0.000000,0.120000,0.000000,0.000000,0.000000,0.105455,0.003636,0.094545,0.036364,0.000000,0.000000,0.000000,0.000000,0.000000,0.000000,0.000000,0.000000,0.000000,0.000000,0.000000,0.000000,0.000000,0.000000,0.000000,0.000000,0.000000,0.000000,0.000000,0.000000,0.000000,0.000000,0.000000,0.000000,0.000000,0.000000,0.000000,0.000000,0.000000,0.000000,0.000000,0.000000,0.000000,0.000000,0.000000,0.000000,0.000000,0.000000,0.000000,0.000000,0.000000,0.000000,0.000000,0.000000
/home/ubuntu/all-idb/dataset/leukemia/Im050_1.tif,1,7819.500000,342.918823,0.835615,0.503243,0.971547,0.700986,1.157213,3.877947,0.946734,8156.500000,348.090393,0.845921,0.497979,0.978643,0.710249,1.153151,3.854252,0.945767,113.500000,225.320847,0.028093,0.630810,0.076149,0.039993,1.288764,21.149662,0.848458,0.000000,0.000000,0.000000,0.000000,0.000000,0.000000,0.000000,0.000000,0.000000,0.121521,117.021851,22.901054,72.522728,9.317548,15.463246,14.164471,48.460445,13.628569,0.126709,117.155830,25.461584,74.210625,9.817128,19.697273,16.171686,50.483742,16.671200,0.005188,120.294121,85.438232,113.747055,17.607367,11.148424,7.612344,97.876472,9.767715,0.000000,0.000000,0.000000,0.000000,0.000000,0.000000,0.000000,0.000000,0.000000,-3.272270,-8.289819,117.021851,9.317548,-62.537178,4.314822,22.901054,15.463246,-41.224327,6.552126,72.522728,14.164471,-49.416027,3.860853,48.460445,13.628569,0.959056,0.040944,0.000000,23.423529,7964000256000.000000,0.058137,0.036163,0.012180,0.066549,0.006655,0.002637,0.015319,0.076218,0.016323,0.003893,0.002260,0.003641,0.015947,0.003516,0.029382,0.070442,0.044576,0.019463,0.004646,0.018584,0.002637,0.002009,0.003767,0.021346,0.071070,0.017579,0.004269,0.013561,0.078604,0.017830,0.087268,0.173531,0.076471,0.079412,0.002941,0.120588,0.002941,0.000000,0.000000,0.023529,0.000000,0.000000,0.000000,0.000000,0.000000,0.000000,0.020588,0.023529,0.132353,0.102941,0.000000,0.000000,0.000000,0.000000,0.000000,0.000000,0.197059,0.014706,0.000000,0.000000,0.085294,0.000000,0.097059,0.020588,0.000000,0.000000,0.000000,0.000000,0.000000,0.000000,0.000000,0.000000,0.000000,0.000000,0.000000,0.000000,0.000000,0.000000,0.000000,0.000000,0.000000,0.000000,0.000000,0.000000,0.000000,0.000000,0.000000,0.000000,0.000000,0.000000,0.000000,0.000000,0.000000,0.000000,0.000000,0.000000,0.000000,0.000000,0.000000,0.000000,0.000000,0.000000,0.000000,0.000000,0.000000,0.000000,0.000000,0.000000
/home/ubuntu/all-idb/dataset/leukemia/Im051_1.tif,1,10012.500000,438.031525,0.655755,0.336548,0.925028,0.672160,1.061947,4.377580,0.861771,10589.500000,422.374664,0.745915,0.373153,0.945871,0.687184,1.077853,4.104499,0.906703,109.000000,199.823380,0.034304,0.469432,0.098066,0.042363,1.132543,19.139608,0.901387,0.000000,0.000000,0.000000,0.000000,0.000000,0.000000,0.000000,0.000000,0.000000,0.155640,120.649017,28.586960,76.485886,11.289921,21.099627,14.840405,53.409214,17.436232,0.164337,121.448654,32.095264,78.408447,12.387709,25.555084,16.662186,56.134171,20.683729,0.008698,135.757889,94.875435,112.812279,20.059849,14.532972,7.406364,104.896492,11.508570,0.000000,0.000000,0.000000,0.000000,0.000000,0.000000,0.000000,0.000000,0.000000,-15.108871,-8.769928,120.649017,11.289921,-66.288475,6.566654,28.586960,21.099627,-36.326393,7.434041,76.485886,14.840405,-51.487278,5.927662,53.409214,17.436232,0.947075,0.052925,0.000000,17.894737,10199999971328.000000,0.060686,0.044216,0.011275,0.078235,0.005588,0.002941,0.015686,0.088333,0.012941,0.004314,0.001765,0.004412,0.015294,0.002941,0.029902,0.081667,0.037059,0.022157,0.003431,0.020000,0.001863,0.001275,0.003137,0.019902,0.070686,0.019020,0.003922,0.015294,0.067157,0.017353,0.071569,0.165980,0.036842,0.068421,0.003509,0.063158,0.001754,0.001754,0.007018,0.085965,0.007018,0.000000,0.000000,0.001754,0.005263,0.001754,0.021053,0.049123,0.173684,0.028070,0.000000,0.008772,0.000000,0.000000,0.000000,0.001754,0.205263,0.003509,0.000000,0.003509,0.103509,0.001754,0.054386,0.061404,0.000000,0.000000,0.000000,0.000000,0.000000,0.000000,0.000000,0.000000,0.000000,0.000000,0.000000,0.000000,0.000000,0.000000,0.000000,0.000000,0.000000,0.000000,0.000000,0.000000,0.000000,0.000000,0.000000,0.000000,0.000000,0.000000,0.000000,0.000000,0.000000,0.000000,0.000000,0.000000,0.000000,0.000000,0.000000,0.000000,0.000000,0.000000,0.000000,0.000000,0.000000,0.000000,0.000000,0.000000
/home/ubuntu/all-idb/dataset/leukemia/Im052_1.tif,1,8407.500000,354.090393,0.842652,0.386905,0.979952,0.741271,1.084458,3.861719,0.933579,8653.500000,353.948273,0.868005,0.370655,0.983017,0.748832,1.076692,3.804906,0.945237,17.500000,128.953323,0.013225,0.887119,0.044757,0.010467,2.166660,30.825739,0.918053,0.000000,0.000000,0.000000,0.000000,0.000000,0.000000,0.000000,0.000000,0.000000,0.130585,115.901848,25.854872,74.204140,10.493855,20.206770,14.720145,50.581795,16.694393,0.134369,116.036224,27.480923,75.206223,10.756579,22.179594,15.841372,51.850101,18.164103,0.003784,120.673386,83.592743,109.786293,16.918512,11.736671,14.247194,95.616936,11.260588,0.000000,0.000000,0.000000,0.000000,0.000000,0.000000,0.000000,0.000000,0.000000,-4.771538,-6.424657,115.901848,10.493855,-57.737869,8.470098,25.854872,20.206770,-35.582153,0.472951,74.204140,14.720145,-45.035141,5.433805,50.581795,16.694393,0.971837,0.028163,0.000000,34.508064,8558000209920.000000,0.068708,0.045338,0.010516,0.086936,0.005492,0.001986,0.016826,0.087520,0.013671,0.004090,0.001870,0.003272,0.013321,0.004207,0.028161,0.085534,0.042767,0.021734,0.002921,0.021617,0.003272,0.001285,0.003272,0.020449,0.069409,0.020916,0.003856,0.014723,0.064034,0.018930,0.056205,0.157163,0.020161,0.064516,0.008065,0.028226,0.000000,0.004032,0.000000,0.072581,0.000000,0.000000,0.000000,0.000000,0.000000,0.004032,0.016129,0.137097,0.108871,0.032258,0.000000,0.004032,0.000000,0.000000,0.000000,0.004032,0.185484,0.000000,0.000000,0.000000,0.189516,0.000000,0.092742,0.028226,0.000000,0.000000,0.000000,0.000000,0.000000,0.000000,0.000000,0.000000,0.000000,0.000000,0.000000,0.000000,0.000000,0.000000,0.000000,0.000000,0.000000,0.000000,0.000000,0.000000,0.000000,0.000000,0.000000,0.000000,0.000000,0.000000,0.000000,0.000000,0.000000,0.000000,0.000000,0.000000,0.000000,0.000000,0.000000,0.000000,0.000000,0.000000,0.000000,0.000000,0.000000,0.000000,0.000000,0.000000
/home/ubuntu/all-idb/dataset/leukemia/Im053_1.tif,1,10173.000000,396.333038,0.813839,0.506314,0.974892,0.740716,1.159623,3.929486,0.928852,10441.500000,396.918823,0.832855,0.505657,0.976571,0.741584,1.159105,3.884367,0.937590,17.000000,164.024384,0.007940,0.964943,0.032106,0.007805,3.810092,39.781757,0.904251,0.000000,0.000000,0.000000,0.000000,0.000000,0.000000,0.000000,0.000000,0.000000,0.157837,125.454178,31.979021,88.353828,8.617406,17.405458,11.480081,59.495747,13.766671,0.161942,125.805710,33.663055,89.243195,9.122528,20.178602,12.770187,60.789974,15.843306,0.004105,139.323425,98.420074,123.442383,15.502112,10.607133,12.888477,110.557617,8.617083,0.000000,0.000000,0.000000,0.000000,0.000000,0.000000,0.000000,0.000000,0.000000,-13.869247,-6.884706,125.454178,8.617406,-66.441055,6.798326,31.979021,17.405458,-35.088554,-1.408397,88.353828,11.480081,-51.061871,5.149589,59.495747,13.766671,0.974654,0.025346,0.000000,38.453533,10343999864832.000000,0.067382,0.042633,0.013534,0.076179,0.004350,0.001740,0.014018,0.080626,0.013921,0.003964,0.001257,0.005510,0.012568,0.004254,0.023202,0.081207,0.065449,0.025715,0.003094,0.020978,0.002707,0.001547,0.002804,0.021655,0.083043,0.021462,0.004254,0.015081,0.062548,0.018852,0.055684,0.148782,0.014870,0.055762,0.000000,0.074349,0.000000,0.000000,0.000000,0.096654,0.003717,0.000000,0.000000,0.000000,0.000000,0.000000,0.011152,0.189591,0.070632,0.014870,0.000000,0.000000,0.000000,0.000000,0.000000,0.007435,0.092937,0.007435,0.000000,0.003717,0.115242,0.000000,0.219331,0.022305,0.000000,0.000000,0.000000,0.000000,0.000000,0.000000,0.000000,0.000000,0.000000,0.000000,0.000000,0.000000,0.000000,0.000000,0.000000,0.000000,0.000000,0.000000,0.000000,0.000000,0.000000,0.000000,0.000000,0.000000,0.000000,0.000000,0.000000,0.000000,0.000000,0.000000,0.000000,0.000000,0.000000,0.000000,0.000000,0.000000,0.000000,0.000000,0.000000,0.000000,0.000000,0.000000,0.000000,0.000000
/home/ubuntu/all-idb/dataset/leukemia/Im054_1.tif,1,8231.500000,352.090393,0.834412,0.552877,0.978136,0.703547,1.200101,3.880741,0.943670,8460.500000,356.090393,0.838466,0.559119,0.979565,0.709893,1.206146,3.871348,0.943759,17.500000,140.267029,0.011177,0.907972,0.036881,0.008974,2.386464,33.530231,0.916673,0.000000,0.000000,0.000000,0.000000,0.000000,0.000000,0.000000,0.000000,0.000000,0.127884,124.373222,28.804678,84.998451,10.280046,17.225288,13.041594,56.502804,14.309936,0.131409,124.545982,30.473410,85.951118,10.500032,19.822969,14.154153,57.787041,16.174349,0.003525,130.813858,91.017319,120.515152,15.353694,10.865556,8.396480,104.380951,9.635449,0.000000,0.000000,0.000000,0.000000,0.000000,0.000000,0.000000,0.000000,0.000000,-6.440636,-5.073648,124.373222,10.280046,-62.212639,6.359733,28.804678,17.225288,-35.516701,4.645114,84.998451,13.041594,-47.878147,4.674486,56.502804,14.309936,0.973177,0.026823,0.000000,36.281384,8381000056832.000000,0.061926,0.030903,0.011335,0.065147,0.005727,0.002267,0.017182,0.097602,0.012051,0.003102,0.001790,0.005847,0.017659,0.003460,0.027682,0.089727,0.036869,0.018375,0.004295,0.021239,0.002148,0.001193,0.003580,0.018136,0.081136,0.022074,0.005011,0.012648,0.071113,0.018733,0.065863,0.164181,0.008658,0.069264,0.000000,0.095238,0.000000,0.000000,0.000000,0.021645,0.000000,0.000000,0.000000,0.000000,0.000000,0.000000,0.004329,0.090909,0.142857,0.025974,0.000000,0.000000,0.000000,0.000000,0.000000,0.000000,0.259740,0.000000,0.000000,0.000000,0.181818,0.000000,0.077922,0.021645,0.000000,0.000000,0.000000,0.000000,0.000000,0.000000,0.000000,0.000000,0.000000,0.000000,0.000000,0.000000,0.000000,0.000000,0.000000,0.000000,0.000000,0.000000,0.000000,0.000000,0.000000,0.000000,0.000000,0.000000,0.000000,0.000000,0.000000,0.000000,0.000000,0.000000,0.000000,0.000000,0.000000,0.000000,0.000000,0.000000,0.000000,0.000000,0.000000,0.000000,0.000000,0.000000,0.000000,0.000000
/home/ubuntu/all-idb/dataset/leukemia/Im055_1.tif,1,11420.500000,416.232544,0.828367,0.298531,0.968660,0.726033,1.047779,3.894875,0.944953,11765.500000,421.060974,0.833931,0.286637,0.973240,0.730187,1.043799,3.881859,0.944718,54.500000,334.492432,0.006121,0.460401,0.016022,0.006348,1.126493,45.309372,0.840613,0.000000,0.000000,0.000000,0.000000,0.000000,0.000000,0.000000,0.000000,0.000000,0.177002,126.946297,33.714657,82.567673,10.874359,19.880758,15.790763,58.953621,16.715940,0.182297,127.235458,35.452332,83.582657,11.194577,22.111290,16.703007,60.310287,18.323509,0.005295,136.902023,93.541786,117.512970,16.288702,12.030478,9.176573,105.662827,10.019512,0.000000,0.000000,0.000000,0.000000,0.000000,0.000000,0.000000,0.000000,0.000000,-9.955727,-5.414343,126.946297,10.874359,-59.827129,7.850281,33.714657,19.880758,-34.945297,6.614190,82.567673,15.790763,-46.709206,6.696428,58.953621,16.715940,0.970955,0.029045,0.000000,33.429394,11599999926272.000000,0.058793,0.041121,0.013966,0.059569,0.007155,0.002586,0.016638,0.093966,0.015086,0.003707,0.001897,0.005345,0.018362,0.003793,0.029224,0.082500,0.032069,0.016379,0.002845,0.018966,0.002155,0.001207,0.003793,0.020086,0.063362,0.018879,0.004483,0.014138,0.067931,0.018103,0.084224,0.177672,0.017291,0.216138,0.000000,0.051873,0.002882,0.000000,0.002882,0.048991,0.000000,0.000000,0.000000,0.000000,0.002882,0.000000,0.008646,0.040346,0.089337,0.031700,0.000000,0.000000,0.000000,0.000000,0.000000,0.000000,0.204611,0.000000,0.000000,0.000000,0.118156,0.000000,0.135447,0.028818,0.000000,0.000000,0.000000,0.000000,0.000000,0.000000,0.000000,0.000000,0.000000,0.000000,0.000000,0.000000,0.000000,0.000000,0.000000,0.000000,0.000000,0.000000,0.000000,0.000000,0.000000,0.000000,0.000000,0.000000,0.000000,0.000000,0.000000,0.000000,0.000000,0.000000,0.000000,0.000000,0.000000,0.000000,0.000000,0.000000,0.000000,0.000000,0.000000,0.000000,0.000000,0.000000,0.000000,0.000000
/home/ubuntu/all-idb/dataset/leukemia/Im056_1.tif,1,9170.000000,404.475189,0.704361,0.468282,0.967912,0.731260,1.131761,4.223837,0.858447,9503.500000,370.433533,0.870308,0.388379,0.985994,0.751265,1.085187,3.799868,0.944741,137.000000,96.568542,0.184612,0.893399,0.513109,0.249091,2.225857,8.250407,0.717374,0.000000,0.000000,0.000000,0.000000,0.000000,0.000000,0.000000,0.000000,0.000000,0.142563,105.059509,22.806807,68.049446,8.623320,14.373008,10.192691,45.710155,11.564547,0.147446,105.634796,24.846218,69.110733,9.382299,18.034445,11.648041,47.289970,14.331716,0.004883,122.431252,84.390625,100.096878,13.973020,11.077310,8.408329,93.415627,9.858010,0.000000,0.000000,0.000000,0.000000,0.000000,0.000000,0.000000,0.000000,0.000000,-17.371742,-5.349700,105.059509,8.623320,-61.583817,3.295698,22.806807,14.373008,-32.047432,1.784362,68.049446,10.192691,-47.705471,1.706536,45.710155,11.564547,0.966884,0.033116,0.000000,29.196875,9342999855104.000000,0.075993,0.044204,0.014770,0.074815,0.004923,0.004174,0.012737,0.064540,0.013700,0.004602,0.002569,0.004067,0.014984,0.004709,0.029648,0.064112,0.043455,0.023868,0.003211,0.022156,0.001713,0.001927,0.004281,0.021942,0.060794,0.024296,0.005352,0.014984,0.067965,0.021085,0.073424,0.174997,0.028125,0.046875,0.006250,0.103125,0.003125,0.000000,0.009375,0.081250,0.012500,0.003125,0.000000,0.000000,0.003125,0.000000,0.000000,0.096875,0.090625,0.012500,0.003125,0.009375,0.000000,0.000000,0.000000,0.000000,0.181250,0.012500,0.000000,0.006250,0.131250,0.006250,0.093750,0.059375,0.000000,0.000000,0.000000,0.000000,0.000000,0.000000,0.000000,0.000000,0.000000,0.000000,0.000000,0.000000,0.000000,0.000000,0.000000,0.000000,0.000000,0.000000,0.000000,0.000000,0.000000,0.000000,0.000000,0.000000,0.000000,0.000000,0.000000,0.000000,0.000000,0.000000,0.000000,0.000000,0.000000,0.000000,0.000000,0.000000,0.000000,0.000000,0.000000,0.000000,0.000000,0.000000,0.000000,0.000000
/home/ubuntu/all-idb/dataset/leukemia/Im057_1.tif,1,6130.000000,304.735046,0.829517,0.208626,0.974873,0.773990,1.022499,3.892174,0.927692,65025.000000,1020.000000,0.785398,0.000000,1.000000,0.992203,0.000000,4.000000,1.000000,9336.000000,365.362488,0.878866,0.184366,0.988774,0.785859,1.017441,3.781321,0.947146,14807.000000,456.960449,0.891086,0.136972,0.991828,0.788949,1.009515,3.755304,0.950696,0.095535,107.868713,19.093435,65.491776,9.529384,14.456243,10.924746,43.086407,12.283976,1.000000,141.565109,131.443222,139.608688,17.976063,40.880192,26.795135,135.040115,33.770649,0.049332,147.320129,144.713882,146.534180,9.745217,18.477081,13.772875,145.554901,15.563788,0.084091,150.584106,149.374710,151.145523,10.754369,13.346241,8.239269,150.042282,11.386809,-39.451416,-0.215834,-42.715393,-1.224985,-125.620445,-4.020839,-130.281281,1.110002,-81.042404,-2.848129,-85.653748,2.685476,-102.468491,-3.279813,-106.955872,0.897166,0.095535,0.049332,0.084091,1.936591,1.136091,0.078262,0.038492,0.017409,0.060693,0.007507,0.001437,0.014055,0.066283,0.018687,0.005750,0.002076,0.006229,0.013576,0.003514,0.022520,0.061651,0.044721,0.018847,0.007187,0.022201,0.002875,0.002236,0.004951,0.021243,0.062290,0.026833,0.005750,0.016451,0.071554,0.023638,0.068999,0.182080,0.051655,0.038664,0.011444,0.073616,0.003402,0.000309,0.009589,0.079493,0.012682,0.001237,0.002165,0.003712,0.011444,0.003712,0.021961,0.071451,0.082895,0.015466,0.003712,0.011444,0.000928,0.000309,0.002165,0.009279,0.128054,0.013919,0.001547,0.014228,0.087535,0.013300,0.084442,0.134241,0.051715,0.024859,0.016875,0.047904,0.006895,0.002359,0.012702,0.058792,0.012883,0.003992,0.002722,0.007621,0.010524,0.002540,0.024134,0.072219,0.031755,0.022138,0.005262,0.023771,0.001452,0.000726,0.003811,0.019416,0.060606,0.026311,0.007984,0.023408,0.050445,0.022682,0.068590,0.272909,0.000000,0.000000,0.000000,0.000000,0.000000,0.000000,0.000000,0.000000,0.000000,0.000000,0.000000,0.000000
/home/ubuntu/all-idb/dataset/leukemia/Im058_1.tif,1,9055.000000,359.019318,0.882801,0.333767,0.988213,0.762719,1.060833,3.772885,0.950730,9305.500000,365.261963,0.876477,0.335025,0.987112,0.755807,1.061335,3.786471,0.947448,13.000000,32.627419,0.153457,0.981685,0.530612,0.111111,5.249034,9.049217,0.927459,0.000000,0.000000,0.000000,0.000000,0.000000,0.000000,0.000000,0.000000,0.000000,0.140518,110.376808,24.435335,70.572159,9.526997,16.038069,11.456426,48.030403,13.185058,0.144806,110.989357,26.353952,71.567017,10.286773,19.358974,12.842509,49.524235,15.682307,0.003937,131.639542,91.073647,104.802322,13.546000,9.639953,12.715876,99.813957,10.195201,0.000000,0.000000,0.000000,0.000000,0.000000,0.000000,0.000000,0.000000,0.000000,-21.262733,-4.019003,110.376808,9.526997,-66.638313,6.398116,24.435335,16.038069,-34.230164,-1.259450,70.572159,11.456426,-51.783554,2.989857,48.030403,13.185058,0.970390,0.027187,0.002424,35.693798,400.391296,0.072538,0.055706,0.015963,0.078184,0.005104,0.002389,0.017266,0.073298,0.013574,0.005538,0.002823,0.005755,0.013465,0.004561,0.025193,0.073298,0.041698,0.023564,0.004887,0.022369,0.002280,0.001846,0.002389,0.021826,0.057444,0.020089,0.004126,0.015528,0.056249,0.020958,0.064502,0.175589,0.007752,0.100775,0.000000,0.143411,0.000000,0.000000,0.000000,0.077519,0.000000,0.000000,0.000000,0.000000,0.000000,0.000000,0.000000,0.139535,0.085271,0.027132,0.000000,0.003876,0.000000,0.000000,0.000000,0.000000,0.135659,0.000000,0.000000,0.000000,0.147287,0.000000,0.116279,0.015504,0.000000,0.000000,0.000000,0.000000,0.000000,0.000000,0.000000,0.000000,0.000000,0.000000,0.000000,0.000000,0.000000,0.000000,0.000000,0.000000,0.000000,0.000000,0.000000,0.000000,0.000000,0.000000,0.000000,0.000000,0.000000,0.000000,0.000000,0.000000,0.000000,0.000000,0.000000,0.000000,0.000000,0.000000,0.000000,0.000000,0.000000,0.000000,0.000000,0.000000,0.000000,0.000000,0.000000,0.000000
/home/ubuntu/all-idb/dataset/leukemia/Im059_1.tif,1,9379.000000,386.132019,0.790487,0.438946,0.971112,0.735031,1.112949,3.987104,0.908377,9762.500000,374.918823,0.872763,0.378106,0.985365,0.758194,1.080191,3.794519,0.946266,151.500000,197.722870,0.048698,0.901973,0.207534,0.067846,2.315925,16.063885,0.837526,0.000000,0.000000,0.000000,0.000000,0.000000,0.000000,0.000000,0.000000,0.000000,0.145599,110.644096,25.008698,71.433243,7.948294,16.018639,10.626827,48.651539,12.806422,0.151413,111.529076,27.552252,72.600319,9.077262,20.261053,12.066767,50.595184,15.935863,0.005814,133.692917,91.254593,101.829399,7.275795,6.722920,8.691854,99.272964,6.519829,0.000000,0.000000,0.000000,0.000000,0.000000,0.000000,0.000000,0.000000,0.000000,-23.048820,0.672499,110.644096,7.948294,-66.245895,9.295719,25.008698,16.018639,-30.396156,1.934974,71.433243,10.626827,-50.621426,6.286593,48.651539,12.806422,0.961604,0.038396,0.000000,25.044619,9541999656960.000000,0.077447,0.046217,0.013938,0.065919,0.005659,0.001886,0.012786,0.063404,0.014567,0.004402,0.002201,0.004402,0.015825,0.002515,0.027353,0.065395,0.052505,0.022742,0.005240,0.022008,0.003039,0.001677,0.005030,0.020122,0.081010,0.024523,0.003982,0.015091,0.067596,0.021065,0.064661,0.165793,0.065617,0.086614,0.002625,0.081365,0.000000,0.002625,0.005249,0.057743,0.005249,0.000000,0.000000,0.000000,0.005249,0.000000,0.015748,0.083990,0.086614,0.073491,0.005249,0.013123,0.002625,0.000000,0.002625,0.005249,0.091864,0.015748,0.000000,0.007874,0.128609,0.007874,0.078740,0.068241,0.000000,0.000000,0.000000,0.000000,0.000000,0.000000,0.000000,0.000000,0.000000,0.000000,0.000000,0.000000,0.000000,0.000000,0.000000,0.000000,0.000000,0.000000,0.000000,0.000000,0.000000,0.000000,0.000000,0.000000,0.000000,0.000000,0.000000,0.000000,0.000000,0.000000,0.000000,0.000000,0.000000,0.000000,0.000000,0.000000,0.000000,0.000000,0.000000,0.000000,0.000000,0.000000,0.000000,0.000000
/home/ubuntu/all-idb/dataset/leukemia/Im060_1.tif,1,8735.500000,363.747253,0.829656,0.482614,0.970395,0.697278,1.141770,3.891848,0.942389,8970.500000,367.404114,0.835100,0.489597,0.973414,0.697009,1.146856,3.879142,0.944159,33.000000,98.426407,0.042806,0.399755,0.146341,0.057692,1.090962,17.133839,0.924849,0.000000,0.000000,0.000000,0.000000,0.000000,0.000000,0.000000,0.000000,0.000000,0.135651,109.076378,23.809448,69.951294,8.796699,13.848657,12.268710,47.321148,11.687774,0.139252,109.297829,25.327635,70.855576,9.067602,16.621367,13.516006,48.507671,13.726385,0.003601,117.639832,82.516953,104.919495,13.895553,10.065660,14.248621,93.203392,9.450639,0.000000,0.000000,0.000000,0.000000,0.000000,0.000000,0.000000,0.000000,0.000000,-8.563454,-5.098854,109.076378,8.796699,-58.707504,3.782997,23.809448,13.848657,-34.968201,-1.979911,69.951294,12.268710,-45.882244,2.237135,47.321148,11.687774,0.974140,0.025860,0.000000,37.669491,8890000343040.000000,0.074803,0.048144,0.013611,0.081440,0.006187,0.002250,0.012036,0.061642,0.013273,0.003825,0.001125,0.003712,0.013386,0.003600,0.028909,0.069966,0.046457,0.021935,0.003937,0.025759,0.002137,0.001687,0.004049,0.018110,0.070979,0.024972,0.005287,0.013836,0.067492,0.017885,0.071991,0.165579,0.004237,0.046610,0.000000,0.118644,0.004237,0.000000,0.008475,0.144068,0.000000,0.000000,0.000000,0.000000,0.004237,0.000000,0.021186,0.186441,0.063559,0.004237,0.000000,0.000000,0.000000,0.000000,0.000000,0.000000,0.127119,0.000000,0.000000,0.000000,0.122881,0.000000,0.127119,0.016949,0.000000,0.000000,0.000000,0.000000,0.000000,0.000000,0.000000,0.000000,0.000000,0.000000,0.000000,0.000000,0.000000,0.000000,0.000000,0.000000,0.000000,0.000000,0.000000,0.000000,0.000000,0.000000,0.000000,0.000000,0.000000,0.000000,0.000000,0.000000,0.000000,0.000000,0.000000,0.000000,0.000000,0.000000,0.000000,0.000000,0.000000,0.000000,0.000000,0.000000,0.000000,0.000000,0.000000,0.000000
/home/ubuntu/all-idb/dataset/leukemia/Im061_1.tif,1,9196.000000,364.676178,0.868948,0.316377,0.982269,0.739704,1.054148,3.802839,0.946984,9492.500000,368.918823,0.876453,0.310400,0.987876,0.750040,1.051960,3.786522,0.947296,53.000000,104.911690,0.060512,0.994052,0.338658,0.064010,9.182250,14.410728,0.929042,0.000000,0.000000,0.000000,0.000000,0.000000,0.000000,0.000000,0.000000,0.000000,0.142700,110.933807,24.689371,72.970917,10.918030,16.687103,12.627478,48.957870,13.726810,0.147247,111.167671,26.534197,73.931190,11.384986,19.552279,13.651381,50.354507,15.743680,0.004547,118.506714,84.429527,104.067116,20.021841,13.495589,9.677806,94.184563,11.440955,0.000000,0.000000,0.000000,0.000000,0.000000,0.000000,0.000000,0.000000,0.000000,-7.572906,-9.103811,110.933807,10.918030,-59.740158,3.191514,24.689371,16.687103,-31.096199,2.949672,72.970917,12.627478,-45.226692,2.285854,48.957870,13.726810,0.969119,0.030881,0.000000,31.382551,9351999782912.000000,0.069504,0.052395,0.015505,0.087040,0.006630,0.003208,0.013152,0.079127,0.013794,0.004170,0.001604,0.004919,0.014970,0.004170,0.024594,0.072498,0.046835,0.024380,0.004170,0.023631,0.001711,0.001711,0.002352,0.022562,0.057956,0.022669,0.004170,0.015932,0.061056,0.020317,0.062126,0.161142,0.030201,0.043624,0.013423,0.083893,0.000000,0.000000,0.003356,0.077181,0.003356,0.003356,0.000000,0.000000,0.003356,0.000000,0.013423,0.046980,0.110738,0.023490,0.006711,0.003356,0.003356,0.000000,0.000000,0.006711,0.154362,0.003356,0.003356,0.003356,0.151007,0.000000,0.181208,0.026846,0.000000,0.000000,0.000000,0.000000,0.000000,0.000000,0.000000,0.000000,0.000000,0.000000,0.000000,0.000000,0.000000,0.000000,0.000000,0.000000,0.000000,0.000000,0.000000,0.000000,0.000000,0.000000,0.000000,0.000000,0.000000,0.000000,0.000000,0.000000,0.000000,0.000000,0.000000,0.000000,0.000000,0.000000,0.000000,0.000000,0.000000,0.000000,0.000000,0.000000,0.000000,0.000000,0.000000,0.000000
/home/ubuntu/all-idb/dataset/leukemia/Im062_1.tif,1,7619.500000,340.776703,0.824511,0.581884,0.969525,0.726636,1.229601,3.903972,0.938497,7930.000000,344.190918,0.841171,0.588262,0.977082,0.726989,1.236598,3.865118,0.942643,68.000000,126.083260,0.053753,0.986839,0.258065,0.112397,6.184132,15.289841,0.881427,0.000000,0.000000,0.000000,0.000000,0.000000,0.000000,0.000000,0.000000,0.000000,0.118484,108.486412,22.019318,69.014297,8.751545,15.983713,10.657589,45.929428,12.818217,0.123245,109.260490,24.605547,70.368454,9.818142,20.386665,12.560649,47.940945,16.163652,0.004761,128.525635,88.971153,104.070511,14.257453,9.575065,8.717145,98.003204,8.208617,0.000000,0.000000,0.000000,0.000000,0.000000,0.000000,0.000000,0.000000,0.000000,-20.039223,-5.505908,108.486412,8.751545,-66.951836,6.408648,22.019318,15.983713,-35.056213,1.940444,69.014297,10.657589,-52.073776,4.609600,45.929428,12.818217,0.961372,0.038628,0.000000,24.887821,7764999929856.000000,0.074179,0.032196,0.016355,0.064520,0.007083,0.002833,0.017257,0.075724,0.016871,0.004379,0.002318,0.003606,0.014681,0.003220,0.021507,0.060142,0.054604,0.024598,0.005666,0.024984,0.002833,0.001674,0.003863,0.019704,0.079845,0.028203,0.004894,0.018674,0.070573,0.020348,0.053831,0.168835,0.025641,0.022436,0.000000,0.054487,0.000000,0.000000,0.000000,0.147436,0.000000,0.000000,0.000000,0.000000,0.003205,0.000000,0.000000,0.128205,0.150641,0.035256,0.003205,0.006410,0.003205,0.000000,0.000000,0.003205,0.125000,0.009615,0.006410,0.000000,0.169872,0.006410,0.080128,0.019231,0.000000,0.000000,0.000000,0.000000,0.000000,0.000000,0.000000,0.000000,0.000000,0.000000,0.000000,0.000000,0.000000,0.000000,0.000000,0.000000,0.000000,0.000000,0.000000,0.000000,0.000000,0.000000,0.000000,0.000000,0.000000,0.000000,0.000000,0.000000,0.000000,0.000000,0.000000,0.000000,0.000000,0.000000,0.000000,0.000000,0.000000,0.000000,0.000000,0.000000,0.000000,0.000000,0.000000,0.000000
/home/ubuntu/all-idb/dataset/leukemia/Im063_1.tif,1,8918.500000,371.605133,0.811593,0.434917,0.956100,0.713766,1.110531,3.934919,0.945482,9109.000000,374.676178,0.815396,0.461431,0.960713,0.716116,1.127172,3.925733,0.944235,4.500000,47.012192,0.025586,0.998442,0.300000,0.015625,17.920778,22.161760,0.966849,0.000000,0.000000,0.000000,0.000000,0.000000,0.000000,0.000000,0.000000,0.000000,0.138535,111.115982,23.048794,73.861328,7.439123,13.437406,10.909861,48.276684,11.053819,0.141449,111.448326,24.362137,74.502808,7.908462,16.154684,11.786237,49.277348,13.013461,0.002914,127.246071,86.790573,104.994766,12.252457,10.192294,11.621652,96.842934,10.056200,0.000000,0.000000,0.000000,0.000000,0.000000,0.000000,0.000000,0.000000,0.000000,-16.130089,-4.813334,111.115982,7.439123,-63.741779,3.245111,23.048794,13.437406,-31.133438,-0.711791,73.861328,10.909861,-48.566250,0.997619,48.276684,11.053819,0.979396,0.020604,0.000000,47.534031,9078999875584.000000,0.068840,0.035577,0.012667,0.070933,0.006388,0.002974,0.015200,0.064875,0.016742,0.004296,0.002533,0.004736,0.013988,0.003965,0.028417,0.075229,0.045379,0.018835,0.004296,0.021478,0.002864,0.001652,0.004296,0.021148,0.074017,0.020927,0.004516,0.017183,0.070162,0.023791,0.069831,0.172266,0.005236,0.041885,0.000000,0.136126,0.000000,0.000000,0.000000,0.047120,0.000000,0.000000,0.000000,0.000000,0.000000,0.000000,0.015707,0.193717,0.078534,0.005236,0.000000,0.000000,0.000000,0.000000,0.000000,0.000000,0.230366,0.000000,0.000000,0.000000,0.078534,0.000000,0.130890,0.036649,0.000000,0.000000,0.000000,0.000000,0.000000,0.000000,0.000000,0.000000,0.000000,0.000000,0.000000,0.000000,0.000000,0.000000,0.000000,0.000000,0.000000,0.000000,0.000000,0.000000,0.000000,0.000000,0.000000,0.000000,0.000000,0.000000,0.000000,0.000000,0.000000,0.000000,0.000000,0.000000,0.000000,0.000000,0.000000,0.000000,0.000000,0.000000,0.000000,0.000000,0.000000,0.000000,0.000000,0.000000
/home/ubuntu/all-idb/dataset/leukemia/Im064_1.tif,1,11699.500000,434.516815,0.778689,0.207927,0.959605,0.749200,1.022344,4.017195,0.917540,11953.000000,431.445740,0.806927,0.216702,0.964691,0.753325,1.024341,3.946278,0.930983,13.500000,34.870056,0.139521,0.725287,0.296703,0.137755,1.452546,9.490428,0.888361,0.000000,0.000000,0.000000,0.000000,0.000000,0.000000,0.000000,0.000000,0.000000,0.181335,113.978966,27.801498,77.222824,7.585576,13.884442,11.079659,52.397343,11.500280,0.185196,114.280296,29.120047,77.833977,7.949625,16.548073,11.847026,53.389141,13.351452,0.003860,128.434784,91.055336,106.541504,11.146202,12.799028,11.183841,99.976288,11.074640,0.000000,0.000000,0.000000,0.000000,0.000000,0.000000,0.000000,0.000000,0.000000,-14.455818,-3.560627,113.978966,7.585576,-63.253838,1.085414,27.801498,13.884442,-29.318680,-0.104182,77.222824,11.079659,-47.578945,0.425640,52.397343,11.500280,0.979155,0.020845,0.000000,46.972332,11884000444416.000000,0.076574,0.046281,0.011696,0.075480,0.005554,0.002020,0.013884,0.068243,0.015062,0.003871,0.003029,0.004376,0.014894,0.003534,0.025412,0.067233,0.046365,0.022551,0.003702,0.023225,0.002104,0.001683,0.003618,0.019774,0.076574,0.023140,0.002945,0.014810,0.078004,0.017250,0.067991,0.159122,0.027668,0.083004,0.000000,0.083004,0.000000,0.000000,0.000000,0.027668,0.000000,0.000000,0.000000,0.000000,0.007905,0.000000,0.027668,0.181818,0.075099,0.027668,0.000000,0.000000,0.000000,0.000000,0.000000,0.000000,0.150198,0.000000,0.000000,0.000000,0.169960,0.000000,0.102767,0.035573,0.000000,0.000000,0.000000,0.000000,0.000000,0.000000,0.000000,0.000000,0.000000,0.000000,0.000000,0.000000,0.000000,0.000000,0.000000,0.000000,0.000000,0.000000,0.000000,0.000000,0.000000,0.000000,0.000000,0.000000,0.000000,0.000000,0.000000,0.000000,0.000000,0.000000,0.000000,0.000000,0.000000,0.000000,0.000000,0.000000,0.000000,0.000000,0.000000,0.000000,0.000000,0.000000,0.000000,0.000000
/home/ubuntu/all-idb/dataset/leukemia/Im065_1.tif,1,9893.000000,376.475189,0.877132,0.312254,0.988016,0.748562,1.052633,3.785056,0.946251,10055.500000,379.060974,0.879418,0.321199,0.988498,0.747788,1.055953,3.780134,0.947040,5.000000,78.225395,0.010268,0.468198,0.060976,0.006859,1.131704,34.983459,0.954095,0.000000,0.000000,0.000000,0.000000,0.000000,0.000000,0.000000,0.000000,0.000000,0.153381,107.904297,23.210804,70.380623,10.611206,16.708118,12.011045,46.969559,13.538000,0.155884,107.991585,24.153778,70.956245,10.848594,18.254213,12.788203,47.705265,14.692933,0.002502,113.341461,81.951218,106.237808,20.021158,15.854062,8.929168,92.798782,12.154082,0.000000,0.000000,0.000000,0.000000,0.000000,0.000000,0.000000,0.000000,0.000000,-5.437164,-9.409952,107.904297,10.611206,-58.740414,0.854056,23.210804,16.708118,-35.857185,3.081877,70.380623,12.011045,-45.829224,1.383918,46.969559,13.538000,0.983947,0.016053,0.000000,61.292683,10051999760384.000000,0.070533,0.043076,0.015022,0.074612,0.006168,0.002587,0.017012,0.073916,0.014624,0.003382,0.002089,0.003979,0.018703,0.003780,0.032133,0.062376,0.040290,0.020792,0.004377,0.022981,0.002786,0.002487,0.004079,0.017807,0.056805,0.021787,0.004775,0.016415,0.064067,0.022881,0.071528,0.182153,0.006098,0.060976,0.000000,0.024390,0.000000,0.000000,0.000000,0.018293,0.000000,0.000000,0.000000,0.000000,0.000000,0.000000,0.006098,0.091463,0.097561,0.006098,0.000000,0.000000,0.000000,0.000000,0.000000,0.000000,0.304878,0.000000,0.000000,0.000000,0.182927,0.000000,0.182927,0.018293,0.000000,0.000000,0.000000,0.000000,0.000000,0.000000,0.000000,0.000000,0.000000,0.000000,0.000000,0.000000,0.000000,0.000000,0.000000,0.000000,0.000000,0.000000,0.000000,0.000000,0.000000,0.000000,0.000000,0.000000,0.000000,0.000000,0.000000,0.000000,0.000000,0.000000,0.000000,0.000000,0.000000,0.000000,0.000000,0.000000,0.000000,0.000000,0.000000,0.000000,0.000000,0.000000,0.000000,0.000000
/home/ubuntu/all-idb/dataset/leukemia/Im066_1.tif,1,8447.500000,366.776703,0.789105,0.473153,0.948571,0.702846,1.135099,3.990595,0.931652,9390.000000,402.333038,0.728961,0.573097,0.939188,0.705485,1.220275,4.151958,0.903529,408.000000,131.195953,0.297872,0.940794,0.645059,0.274747,2.950030,6.495168,0.876171,141.000000,108.568542,0.150321,0.938044,0.374502,0.144615,2.885864,9.143121,0.859440,0.131317,112.603065,27.987915,75.533348,11.150941,16.863104,17.426870,51.847317,15.180950,0.145935,111.270386,32.948559,78.222504,12.843860,22.038925,18.585550,55.413425,18.148348,0.011749,102.187012,77.602600,102.161041,20.059687,10.325381,9.134068,87.757141,9.612598,0.002869,87.468086,77.138298,103.276596,8.139348,3.079103,4.771155,86.186172,3.677479,10.416054,-8.908746,25.134979,3.011593,-49.614685,6.537723,-49.150383,13.784001,-26.627693,8.292802,-27.743248,12.655715,-35.909824,5.568352,-34.338856,11.503471,0.899833,0.080510,0.019657,11.176623,45.776596,0.063096,0.045666,0.011504,0.051011,0.005694,0.001511,0.014641,0.064838,0.011968,0.003370,0.002440,0.002208,0.016384,0.003370,0.029863,0.068324,0.046828,0.022310,0.003951,0.017662,0.001511,0.001278,0.005345,0.019056,0.076342,0.021032,0.004416,0.014525,0.090751,0.020916,0.095515,0.162677,0.062338,0.084416,0.009091,0.072727,0.005195,0.001299,0.011688,0.120779,0.009091,0.002597,0.002597,0.001299,0.011688,0.001299,0.023377,0.116883,0.068831,0.028571,0.000000,0.005195,0.000000,0.002597,0.002597,0.010390,0.067532,0.009091,0.001299,0.009091,0.068831,0.009091,0.079221,0.101299,0.069149,0.053191,0.015957,0.063830,0.005319,0.005319,0.010638,0.111702,0.005319,0.005319,0.005319,0.015957,0.010638,0.021277,0.053191,0.117021,0.010638,0.010638,0.000000,0.042553,0.000000,0.010638,0.000000,0.058511,0.021277,0.000000,0.000000,0.015957,0.015957,0.015957,0.031915,0.196809,0.000000,0.000000,0.000000,0.000000,0.000000,0.000000,0.000000,0.000000,0.000000,0.000000,0.000000,0.000000
/home/ubuntu/all-idb/dataset/leukemia/Im067_1.tif,1,11340.000000,401.019348,0.886119,0.359650,0.989313,0.794229,1.071711,3.765813,0.953785,11506.000000,403.847748,0.886541,0.372033,0.990573,0.792533,1.077331,3.764918,0.952759,2.000000,71.656853,0.004895,0.997992,0.064516,0.018519,15.788959,50.669048,0.979780,0.000000,0.000000,0.000000,0.000000,0.000000,0.000000,0.000000,0.000000,0.000000,0.175705,117.808250,30.871992,82.386887,10.032628,17.279505,13.031728,56.182804,13.793396,0.178253,117.869026,31.637648,82.706726,10.081697,18.334974,13.236233,56.734379,14.475368,0.002548,122.059883,84.431137,104.760483,12.323825,10.025405,7.223721,94.766464,8.450593,0.000000,0.000000,0.000000,0.000000,0.000000,0.000000,0.000000,0.000000,0.000000,-4.251633,-2.291197,117.808250,10.032628,-53.559143,7.254100,30.871992,17.279505,-22.373596,5.808007,82.386887,13.031728,-38.583660,5.342803,56.182804,13.793396,0.985704,0.014295,0.000000,68.952095,11515000258560.000000,0.075814,0.046027,0.010769,0.065827,0.006340,0.001824,0.013113,0.075119,0.013287,0.004690,0.001216,0.003734,0.015632,0.002866,0.027790,0.063048,0.052974,0.024577,0.003995,0.022406,0.002518,0.001997,0.003821,0.018671,0.087451,0.021103,0.005558,0.014763,0.071906,0.019279,0.066869,0.155015,0.005988,0.059880,0.000000,0.047904,0.000000,0.000000,0.000000,0.000000,0.000000,0.000000,0.000000,0.000000,0.000000,0.000000,0.000000,0.029940,0.143713,0.011976,0.000000,0.005988,0.000000,0.000000,0.000000,0.000000,0.227545,0.000000,0.000000,0.000000,0.209581,0.005988,0.233533,0.017964,0.000000,0.000000,0.000000,0.000000,0.000000,0.000000,0.000000,0.000000,0.000000,0.000000,0.000000,0.000000,0.000000,0.000000,0.000000,0.000000,0.000000,0.000000,0.000000,0.000000,0.000000,0.000000,0.000000,0.000000,0.000000,0.000000,0.000000,0.000000,0.000000,0.000000,0.000000,0.000000,0.000000,0.000000,0.000000,0.000000,0.000000,0.000000,0.000000,0.000000,0.000000,0.000000,0.000000,0.000000
/home/ubuntu/all-idb/dataset/leukemia/Im068_1.tif,1,8448.500000,349.806122,0.867630,0.480601,0.985133,0.768045,1.140329,3.805727,0.949818,8711.500000,355.119843,0.868066,0.488844,0.985408,0.755813,1.146301,3.804770,0.947238,39.000000,108.284271,0.041797,0.990616,0.265306,0.069519,7.316660,17.339361,0.948616,0.000000,0.000000,0.000000,0.000000,0.000000,0.000000,0.000000,0.000000,0.000000,0.131241,108.661316,22.484827,70.585045,9.592866,13.620866,14.115532,46.687595,11.981759,0.135269,108.819176,24.128145,71.341682,9.811874,16.462439,14.673456,47.896896,13.769039,0.004028,113.962120,77.666664,95.992424,14.403759,10.083866,10.596952,87.295456,9.440996,0.000000,0.000000,0.000000,0.000000,0.000000,0.000000,0.000000,0.000000,0.000000,-5.300804,-4.810893,108.661316,9.592866,-55.181839,3.537000,22.484827,13.620866,-25.407379,3.518579,70.585045,14.115532,-40.607861,2.540763,46.687595,11.981759,0.970220,0.029780,0.000000,32.579544,8601000214528.000000,0.065690,0.041391,0.012092,0.069759,0.005813,0.001977,0.016045,0.077433,0.013138,0.004651,0.001628,0.003953,0.017905,0.003372,0.031159,0.080223,0.049297,0.020114,0.004186,0.022323,0.001628,0.001511,0.003255,0.021625,0.070224,0.023137,0.004069,0.017091,0.061853,0.018951,0.063248,0.171259,0.007576,0.113636,0.000000,0.106061,0.000000,0.000000,0.000000,0.094697,0.000000,0.000000,0.000000,0.000000,0.000000,0.000000,0.000000,0.056818,0.208333,0.007576,0.000000,0.000000,0.000000,0.000000,0.000000,0.000000,0.193182,0.000000,0.000000,0.000000,0.121212,0.000000,0.090909,0.000000,0.000000,0.000000,0.000000,0.000000,0.000000,0.000000,0.000000,0.000000,0.000000,0.000000,0.000000,0.000000,0.000000,0.000000,0.000000,0.000000,0.000000,0.000000,0.000000,0.000000,0.000000,0.000000,0.000000,0.000000,0.000000,0.000000,0.000000,0.000000,0.000000,0.000000,0.000000,0.000000,0.000000,0.000000,0.000000,0.000000,0.000000,0.000000,0.000000,0.000000,0.000000,0.000000,0.000000,0.000000
/home/ubuntu/all-idb/dataset/leukemia/Im069_1.tif,1,8510.500000,345.948273,0.893599,0.390251,0.990284,0.765470,1.086120,3.750020,0.956869,8754.000000,353.019348,0.882713,0.405147,0.989208,0.758316,1.093791,3.773073,0.950741,34.500000,148.468033,0.019668,0.482968,0.058179,0.035385,1.142025,25.276876,0.914926,0.000000,0.000000,0.000000,0.000000,0.000000,0.000000,0.000000,0.000000,0.000000,0.132126,105.839127,21.997229,70.165375,8.335423,11.147521,11.555973,45.960155,9.729007,0.135880,106.169456,23.706120,71.106567,8.947832,15.114758,12.828877,47.282761,12.554537,0.003754,117.796745,83.857727,104.235771,17.708553,13.221383,11.332436,93.837395,12.039483,0.000000,0.000000,0.000000,0.000000,0.000000,0.000000,0.000000,0.000000,0.000000,-11.957619,-9.373131,105.839127,8.335423,-61.860497,-2.073862,21.997229,11.147521,-34.070396,0.223537,70.165375,11.555973,-47.877239,-2.310476,45.960155,9.729007,0.972375,0.027625,0.000000,35.199188,8659000098816.000000,0.072295,0.047465,0.014782,0.077607,0.006236,0.003003,0.012588,0.067675,0.013050,0.005081,0.002194,0.004850,0.015591,0.004273,0.028410,0.074604,0.043539,0.023675,0.003811,0.023790,0.002310,0.001848,0.003465,0.022173,0.064557,0.022751,0.004042,0.014898,0.060746,0.020210,0.060977,0.177503,0.004065,0.089431,0.000000,0.093496,0.000000,0.000000,0.000000,0.060976,0.000000,0.000000,0.000000,0.000000,0.000000,0.000000,0.000000,0.077236,0.170732,0.008130,0.000000,0.000000,0.000000,0.000000,0.000000,0.000000,0.231707,0.000000,0.000000,0.000000,0.134146,0.000000,0.117886,0.012195,0.000000,0.000000,0.000000,0.000000,0.000000,0.000000,0.000000,0.000000,0.000000,0.000000,0.000000,0.000000,0.000000,0.000000,0.000000,0.000000,0.000000,0.000000,0.000000,0.000000,0.000000,0.000000,0.000000,0.000000,0.000000,0.000000,0.000000,0.000000,0.000000,0.000000,0.000000,0.000000,0.000000,0.000000,0.000000,0.000000,0.000000,0.000000,0.000000,0.000000,0.000000,0.000000,0.000000,0.000000
/home/ubuntu/all-idb/dataset/leukemia/Im070_1.tif,1,8853.000000,387.989899,0.739026,0.637270,0.958688,0.722694,1.297622,4.123587,0.904394,9165.500000,378.575684,0.803638,0.608272,0.970613,0.734768,1.259876,3.954346,0.933803,48.000000,43.455845,0.319415,0.859750,0.585366,0.333333,1.958041,6.272311,0.874506,0.000000,0.000000,0.000000,0.000000,0.000000,0.000000,0.000000,0.000000,0.000000,0.137619,115.349594,28.047123,74.949104,10.804663,22.880598,19.095490,52.026501,19.668093,0.142319,116.098534,30.490297,76.331406,11.580247,26.310080,20.331383,53.958721,22.155588,0.004700,138.029221,102.032471,116.808441,12.046007,18.413513,12.078168,110.538963,15.055152,0.000000,0.000000,0.000000,0.000000,0.000000,0.000000,0.000000,0.000000,0.000000,-22.679626,-1.241344,115.349594,10.804663,-73.985352,4.467085,28.047123,22.880598,-41.859337,7.017322,74.949104,19.095490,-58.512463,4.612941,52.026501,19.668093,0.966978,0.033022,0.000000,29.282467,9019000356864.000000,0.063754,0.044462,0.011864,0.067635,0.005876,0.002107,0.012086,0.073733,0.012862,0.003770,0.001331,0.002883,0.015634,0.002439,0.030602,0.053443,0.046236,0.021399,0.004213,0.016632,0.002772,0.000776,0.004435,0.020290,0.073401,0.018184,0.003992,0.014414,0.087815,0.019625,0.096352,0.164985,0.032468,0.068182,0.003247,0.058442,0.000000,0.000000,0.006494,0.146104,0.000000,0.000000,0.000000,0.000000,0.006494,0.000000,0.016234,0.048701,0.110390,0.016234,0.003247,0.000000,0.000000,0.000000,0.000000,0.000000,0.116883,0.000000,0.000000,0.000000,0.188312,0.000000,0.168831,0.009740,0.000000,0.000000,0.000000,0.000000,0.000000,0.000000,0.000000,0.000000,0.000000,0.000000,0.000000,0.000000,0.000000,0.000000,0.000000,0.000000,0.000000,0.000000,0.000000,0.000000,0.000000,0.000000,0.000000,0.000000,0.000000,0.000000,0.000000,0.000000,0.000000,0.000000,0.000000,0.000000,0.000000,0.000000,0.000000,0.000000,0.000000,0.000000,0.000000,0.000000,0.000000,0.000000,0.000000,0.000000
/home/ubuntu/all-idb/dataset/leukemia/Im071_1.tif,1,12981.500000,450.173676,0.804960,0.430252,0.959851,0.709217,1.107777,3.951097,0.933140,13304.500000,450.173645,0.824989,0.434757,0.967811,0.721815,1.110435,3.902840,0.939054,50.000000,154.710678,0.026251,0.976169,0.100301,0.028058,4.608058,21.879395,0.924126,0.000000,0.000000,0.000000,0.000000,0.000000,0.000000,0.000000,0.000000,0.000000,0.201004,117.489182,29.334776,77.503906,7.832915,14.425767,13.678386,53.786457,12.331070,0.205933,117.591438,30.637375,78.108994,7.928386,16.547970,14.114378,54.744370,13.675667,0.004929,121.761612,83.761612,102.786377,10.315555,7.952383,8.336621,93.811142,7.037159,0.000000,0.000000,0.000000,0.000000,0.000000,0.000000,0.000000,0.000000,0.000000,-4.272430,-2.482639,117.489182,7.832915,-54.426834,6.473384,29.334776,14.425767,-25.282471,5.341764,77.503906,13.678386,-40.024685,5.293911,53.786457,12.331070,0.976067,0.023933,0.000000,40.783283,13173000241152.000000,0.070675,0.042815,0.009793,0.063235,0.005542,0.001670,0.014727,0.071054,0.012602,0.004175,0.001442,0.003112,0.014727,0.003264,0.030897,0.069536,0.060882,0.022926,0.003644,0.019813,0.002126,0.001291,0.003037,0.018750,0.087907,0.020952,0.004555,0.012829,0.082365,0.017080,0.072345,0.150232,0.030960,0.120743,0.000000,0.120743,0.003096,0.000000,0.003096,0.204334,0.000000,0.000000,0.000000,0.000000,0.000000,0.000000,0.006192,0.114551,0.077399,0.024768,0.000000,0.003096,0.000000,0.000000,0.000000,0.000000,0.142415,0.000000,0.000000,0.000000,0.089783,0.000000,0.052632,0.006192,0.000000,0.000000,0.000000,0.000000,0.000000,0.000000,0.000000,0.000000,0.000000,0.000000,0.000000,0.000000,0.000000,0.000000,0.000000,0.000000,0.000000,0.000000,0.000000,0.000000,0.000000,0.000000,0.000000,0.000000,0.000000,0.000000,0.000000,0.000000,0.000000,0.000000,0.000000,0.000000,0.000000,0.000000,0.000000,0.000000,0.000000,0.000000,0.000000,0.000000,0.000000,0.000000,0.000000,0.000000
/home/ubuntu/all-idb/dataset/leukemia/Im072_1.tif,1,7424.000000,326.877197,0.873129,0.380288,0.983832,0.750051,1.081235,3.793723,0.949731,7620.500000,329.948273,0.879633,0.379744,0.986409,0.747328,1.080974,3.779672,0.950994,7.500000,75.154327,0.016686,0.977443,0.092593,0.011574,4.734882,27.442480,0.940466,0.000000,0.000000,0.000000,0.000000,0.000000,0.000000,0.000000,0.000000,0.000000,0.115417,108.134979,22.084478,70.567688,8.954504,14.555093,11.860943,46.393841,12.493106,0.118423,108.683418,23.794872,71.470818,9.625490,17.906721,13.077272,47.730190,14.920971,0.003006,129.741119,89.467003,106.147209,10.786765,8.542232,10.095164,99.040611,8.766479,0.000000,0.000000,0.000000,0.000000,0.000000,0.000000,0.000000,0.000000,0.000000,-21.606140,-1.832261,108.134979,8.954504,-67.382523,6.012861,22.084478,14.555093,-35.579521,1.765779,70.567688,11.860943,-52.646770,3.726627,46.393841,12.493106,0.974617,0.025383,0.000000,38.395939,7563999969280.000000,0.076150,0.044157,0.015732,0.060550,0.005949,0.002247,0.010048,0.068350,0.015468,0.004892,0.002776,0.004098,0.014278,0.003437,0.019302,0.057509,0.056055,0.027895,0.005024,0.025251,0.002512,0.001586,0.004759,0.021549,0.076547,0.027234,0.005685,0.018244,0.079191,0.019170,0.065706,0.158646,0.000000,0.086294,0.000000,0.050761,0.000000,0.000000,0.000000,0.126904,0.000000,0.000000,0.000000,0.000000,0.000000,0.000000,0.010152,0.086294,0.137056,0.000000,0.000000,0.005076,0.000000,0.000000,0.000000,0.005076,0.147208,0.005076,0.000000,0.000000,0.182741,0.000000,0.116751,0.040609,0.000000,0.000000,0.000000,0.000000,0.000000,0.000000,0.000000,0.000000,0.000000,0.000000,0.000000,0.000000,0.000000,0.000000,0.000000,0.000000,0.000000,0.000000,0.000000,0.000000,0.000000,0.000000,0.000000,0.000000,0.000000,0.000000,0.000000,0.000000,0.000000,0.000000,0.000000,0.000000,0.000000,0.000000,0.000000,0.000000,0.000000,0.000000,0.000000,0.000000,0.000000,0.000000,0.000000,0.000000
/home/ubuntu/all-idb/dataset/leukemia/Im073_1.tif,1,13737.500000,460.031525,0.815722,0.502932,0.958988,0.731964,1.156971,3.924947,0.939795,14010.000000,461.788879,0.825584,0.489111,0.964378,0.741035,1.146497,3.901435,0.942553,11.000000,81.941124,0.020587,0.728765,0.096070,0.022869,1.460357,24.706179,0.936367,0.000000,0.000000,0.000000,0.000000,0.000000,0.000000,0.000000,0.000000,0.000000,0.212646,106.260048,19.525618,67.536377,8.572107,12.397475,9.433698,43.770664,10.038442,0.216827,106.446518,20.693525,68.160591,8.938022,14.938740,10.401488,44.664463,11.892493,0.004181,115.930656,80.094887,99.908760,17.721455,12.590915,7.535008,90.124084,10.114270,0.000000,0.000000,0.000000,0.000000,0.000000,0.000000,0.000000,0.000000,0.000000,-9.670609,-9.149347,106.260048,8.572107,-60.569267,-0.193439,19.525618,12.397475,-32.372383,1.898690,67.536377,9.433698,-46.353420,-0.075829,43.770664,10.038442,0.980718,0.019282,0.000000,50.861313,13935999713280.000000,0.072474,0.049153,0.015571,0.080511,0.006171,0.001866,0.013993,0.067666,0.012701,0.004234,0.002224,0.005023,0.015212,0.003373,0.024110,0.063505,0.043987,0.025330,0.004090,0.024110,0.003014,0.001650,0.004305,0.020379,0.069963,0.025402,0.005023,0.018370,0.061280,0.020594,0.069676,0.165040,0.007299,0.025547,0.000000,0.076642,0.000000,0.000000,0.000000,0.062044,0.000000,0.000000,0.000000,0.000000,0.003650,0.000000,0.021898,0.149635,0.127737,0.018248,0.000000,0.000000,0.000000,0.000000,0.000000,0.000000,0.164234,0.000000,0.000000,0.000000,0.131387,0.000000,0.189781,0.021898,0.000000,0.000000,0.000000,0.000000,0.000000,0.000000,0.000000,0.000000,0.000000,0.000000,0.000000,0.000000,0.000000,0.000000,0.000000,0.000000,0.000000,0.000000,0.000000,0.000000,0.000000,0.000000,0.000000,0.000000,0.000000,0.000000,0.000000,0.000000,0.000000,0.000000,0.000000,0.000000,0.000000,0.000000,0.000000,0.000000,0.000000,0.000000,0.000000,0.000000,0.000000,0.000000,0.000000,0.000000
/home/ubuntu/all-idb/dataset/leukemia/Im074_1.tif,1,13081.500000,442.173645,0.840779,0.271231,0.977325,0.739904,1.038946,3.866020,0.935670,13093.500000,442.173676,0.841550,0.270226,0.977711,0.740583,1.038641,3.864248,0.935811,0.000000,0.000000,0.000000,0.000000,0.000000,0.000000,0.000000,0.000000,0.000000,0.000000,0.000000,0.000000,0.000000,0.000000,0.000000,0.000000,0.000000,0.000000,0.202469,143.334015,79.569595,121.513977,3.514316,11.196809,9.281038,99.378624,8.257818,0.202652,143.317291,79.580681,121.512764,3.558465,11.198282,9.278952,99.382881,8.256231,0.000000,0.000000,0.000000,0.000000,0.000000,0.000000,0.000000,0.000000,0.000000,0.000000,0.000000,0.000000,0.000000,0.000000,0.000000,0.000000,0.000000,0.000000,143.334015,3.514316,143.334015,3.514316,79.569595,11.196809,79.569595,11.196809,121.513977,9.281038,121.513977,9.281038,99.378624,8.257818,99.378624,8.257818,0.999096,0.000904,0.000000,1105.750000,13269000519680.000000,0.042957,0.038888,0.007536,0.079207,0.003994,0.002110,0.008365,0.084332,0.006632,0.003542,0.000829,0.004974,0.008064,0.002110,0.027734,0.099179,0.046198,0.028789,0.002261,0.020424,0.001884,0.001130,0.001809,0.015223,0.075439,0.017937,0.003919,0.016505,0.079584,0.012586,0.085086,0.170774,0.000000,0.000000,0.000000,0.000000,0.000000,0.000000,0.000000,0.000000,0.000000,0.000000,0.000000,0.000000,0.000000,0.000000,0.000000,0.000000,0.000000,0.000000,0.000000,0.000000,0.000000,0.000000,0.000000,0.000000,0.000000,0.000000,0.000000,0.000000,0.000000,0.000000,0.000000,0.000000,0.000000,0.000000,0.000000,0.000000,0.000000,0.000000,0.000000,0.000000,0.000000,0.000000,0.000000,0.000000,0.000000,0.000000,0.000000,0.000000,0.000000,0.000000,0.000000,0.000000,0.000000,0.000000,0.000000,0.000000,0.000000,0.000000,0.000000,0.000000,0.000000,0.000000,0.000000,0.000000,0.000000,0.000000,0.000000,0.000000,0.000000,0.000000,0.000000,0.000000,0.000000,0.000000,0.000000,0.000000
/home/ubuntu/all-idb/dataset/leukemia/Im075_1.tif,1,20381.000000,562.842712,0.808465,0.386988,0.967185,0.718602,1.084499,3.942523,0.931045,20387.000000,562.842712,0.808703,0.391656,0.967355,0.718814,1.086825,3.941943,0.931147,0.000000,0.000000,0.000000,0.000000,0.000000,0.000000,0.000000,0.000000,0.000000,0.000000,0.000000,0.000000,0.000000,0.000000,0.000000,0.000000,0.000000,0.000000,0.314667,142.418442,70.703232,105.059258,3.151328,9.470763,10.292694,89.149063,7.316712,0.314758,142.417542,70.712135,105.062630,3.154840,9.484612,10.297012,89.155128,7.326136,0.000000,0.000000,0.000000,0.000000,0.000000,0.000000,0.000000,0.000000,0.000000,0.000000,0.000000,0.000000,0.000000,0.000000,0.000000,0.000000,0.000000,0.000000,142.418442,3.151328,142.418442,3.151328,70.703232,9.470763,70.703232,9.470763,105.059258,10.292694,105.059258,10.292694,89.149063,7.316712,89.149063,7.316712,0.999709,0.000291,0.000000,3437.000000,20622000259072.000000,0.041073,0.044273,0.006983,0.078266,0.003540,0.002037,0.008777,0.083794,0.007177,0.002958,0.001406,0.005092,0.009650,0.002522,0.024537,0.092183,0.042964,0.026137,0.002085,0.021191,0.001503,0.001309,0.001891,0.015275,0.087334,0.020415,0.004073,0.015469,0.070750,0.013820,0.087431,0.174086,0.000000,0.000000,0.000000,0.000000,0.000000,0.000000,0.000000,0.000000,0.000000,0.000000,0.000000,0.000000,0.000000,0.000000,0.000000,0.000000,0.000000,0.000000,0.000000,0.000000,0.000000,0.000000,0.000000,0.000000,0.000000,0.000000,0.000000,0.000000,0.000000,0.000000,0.000000,0.000000,0.000000,0.000000,0.000000,0.000000,0.000000,0.000000,0.000000,0.000000,0.000000,0.000000,0.000000,0.000000,0.000000,0.000000,0.000000,0.000000,0.000000,0.000000,0.000000,0.000000,0.000000,0.000000,0.000000,0.000000,0.000000,0.000000,0.000000,0.000000,0.000000,0.000000,0.000000,0.000000,0.000000,0.000000,0.000000,0.000000,0.000000,0.000000,0.000000,0.000000,0.000000,0.000000,0.000000,0.000000
/home/ubuntu/all-idb/dataset/leukemia/Im076_1.tif,1,12907.000000,514.901611,0.611768,0.581365,0.912446,0.671505,1.229040,4.532226,0.863281,12975.500000,513.487366,0.618407,0.573631,0.916381,0.675069,1.220831,4.507832,0.865741,4.000000,25.798990,0.075520,0.991147,0.444444,0.045455,7.531693,12.899495,0.959382,0.000000,0.000000,0.000000,0.000000,0.000000,0.000000,0.000000,0.000000,0.000000,0.200333,137.236267,80.707062,114.626625,3.543352,9.142150,12.030599,97.288673,7.917976,0.201370,137.167007,80.796394,114.714027,3.688894,9.212452,12.076714,97.359245,7.971248,0.001038,123.794121,98.044121,131.588242,6.088946,5.914672,8.618099,110.985291,6.351222,0.000000,0.000000,0.000000,0.000000,0.000000,0.000000,0.000000,0.000000,0.000000,13.442146,-2.545594,137.236267,3.543352,-17.337059,3.227478,80.707062,9.142150,-16.961617,3.412499,114.626625,12.030599,-13.696617,1.566754,97.288673,7.917976,0.994847,0.005153,0.000000,193.073532,13128999895040.000000,0.035342,0.041663,0.005027,0.090487,0.003275,0.001600,0.008302,0.097418,0.005256,0.001980,0.001295,0.004342,0.009064,0.001447,0.023460,0.098941,0.039074,0.020032,0.002666,0.019194,0.001371,0.000533,0.001752,0.013710,0.077462,0.018813,0.004113,0.016300,0.086755,0.012263,0.091934,0.165131,0.044118,0.352941,0.000000,0.029412,0.000000,0.000000,0.000000,0.000000,0.000000,0.000000,0.000000,0.000000,0.000000,0.000000,0.000000,0.000000,0.220588,0.073529,0.000000,0.000000,0.000000,0.000000,0.000000,0.000000,0.250000,0.014706,0.000000,0.014706,0.000000,0.000000,0.000000,0.000000,0.000000,0.000000,0.000000,0.000000,0.000000,0.000000,0.000000,0.000000,0.000000,0.000000,0.000000,0.000000,0.000000,0.000000,0.000000,0.000000,0.000000,0.000000,0.000000,0.000000,0.000000,0.000000,0.000000,0.000000,0.000000,0.000000,0.000000,0.000000,0.000000,0.000000,0.000000,0.000000,0.000000,0.000000,0.000000,0.000000,0.000000,0.000000,0.000000,0.000000,0.000000,0.000000,0.000000,0.000000
/home/ubuntu/all-idb/dataset/leukemia/Im077_1.tif,1,11906.500000,420.575684,0.845874,0.389002,0.976023,0.751151,1.085497,3.854358,0.938617,11926.000000,421.161469,0.844904,0.389295,0.976341,0.752382,1.085643,3.856570,0.937949,0.000000,0.000000,0.000000,0.000000,0.000000,0.000000,0.000000,0.000000,0.000000,0.000000,0.000000,0.000000,0.000000,0.000000,0.000000,0.000000,0.000000,0.000000,0.184464,132.366287,68.619820,103.880219,3.513326,12.154874,11.641359,86.426834,8.834100,0.184769,132.361465,68.675117,103.901062,3.526909,12.235939,11.664911,86.464859,8.878644,0.000000,0.000000,0.000000,0.000000,0.000000,0.000000,0.000000,0.000000,0.000000,0.000000,0.000000,0.000000,0.000000,0.000000,0.000000,0.000000,0.000000,0.000000,132.366287,3.513326,132.366287,3.513326,68.619820,12.154874,68.619820,12.154874,103.880219,11.641359,103.880219,11.641359,86.426834,8.834100,86.426834,8.834100,0.998348,0.001652,0.000000,604.450012,12089000198144.000000,0.041691,0.038878,0.008189,0.073207,0.003474,0.001654,0.007776,0.080073,0.006204,0.002482,0.000993,0.003888,0.007445,0.001737,0.022169,0.086111,0.046075,0.022996,0.002564,0.019026,0.001985,0.000910,0.002068,0.012160,0.100091,0.022831,0.005129,0.017206,0.088841,0.013070,0.091654,0.167425,0.000000,0.000000,0.000000,0.000000,0.000000,0.000000,0.000000,0.000000,0.000000,0.000000,0.000000,0.000000,0.000000,0.000000,0.000000,0.000000,0.000000,0.000000,0.000000,0.000000,0.000000,0.000000,0.000000,0.000000,0.000000,0.000000,0.000000,0.000000,0.000000,0.000000,0.000000,0.000000,0.000000,0.000000,0.000000,0.000000,0.000000,0.000000,0.000000,0.000000,0.000000,0.000000,0.000000,0.000000,0.000000,0.000000,0.000000,0.000000,0.000000,0.000000,0.000000,0.000000,0.000000,0.000000,0.000000,0.000000,0.000000,0.000000,0.000000,0.000000,0.000000,0.000000,0.000000,0.000000,0.000000,0.000000,0.000000,0.000000,0.000000,0.000000,0.000000,0.000000,0.000000,0.000000,0.000000,0.000000
/home/ubuntu/all-idb/dataset/leukemia/Im078_1.tif,1,15434.500000,484.943207,0.824747,0.604774,0.965078,0.682701,1.255655,3.903414,0.942647,15437.500000,484.943207,0.824907,0.604856,0.965206,0.682833,1.255753,3.903035,0.942716,0.000000,0.000000,0.000000,0.000000,0.000000,0.000000,0.000000,0.000000,0.000000,0.000000,0.000000,0.000000,0.000000,0.000000,0.000000,0.000000,0.000000,0.000000,0.238617,143.403946,83.733215,120.443474,3.419635,9.708683,14.514916,101.511703,8.600828,0.238663,143.400681,83.735695,120.443130,3.427475,9.709407,14.513573,101.512688,8.600318,0.000000,0.000000,0.000000,0.000000,0.000000,0.000000,0.000000,0.000000,0.000000,0.000000,0.000000,0.000000,0.000000,0.000000,0.000000,0.000000,0.000000,0.000000,143.403946,3.419635,143.403946,3.419635,83.733215,9.708683,83.733215,9.708683,120.443474,14.514916,120.443474,14.514916,101.511703,8.600828,101.511703,8.600828,0.999808,0.000192,0.000000,5212.666504,15638000041984.000000,0.045146,0.045082,0.006267,0.080893,0.003773,0.001599,0.007738,0.086328,0.008249,0.003453,0.001023,0.003965,0.007482,0.001471,0.025003,0.097519,0.044763,0.028456,0.002558,0.022062,0.001982,0.000703,0.001854,0.014772,0.083962,0.022573,0.005308,0.016690,0.072132,0.011830,0.086456,0.158908,0.000000,0.000000,0.000000,0.000000,0.000000,0.000000,0.000000,0.000000,0.000000,0.000000,0.000000,0.000000,0.000000,0.000000,0.000000,0.000000,0.000000,0.000000,0.000000,0.000000,0.000000,0.000000,0.000000,0.000000,0.000000,0.000000,0.000000,0.000000,0.000000,0.000000,0.000000,0.000000,0.000000,0.000000,0.000000,0.000000,0.000000,0.000000,0.000000,0.000000,0.000000,0.000000,0.000000,0.000000,0.000000,0.000000,0.000000,0.000000,0.000000,0.000000,0.000000,0.000000,0.000000,0.000000,0.000000,0.000000,0.000000,0.000000,0.000000,0.000000,0.000000,0.000000,0.000000,0.000000,0.000000,0.000000,0.000000,0.000000,0.000000,0.000000,0.000000,0.000000,0.000000,0.000000,0.000000,0.000000
/home/ubuntu/all-idb/dataset/leukemia/Im079_1.tif,1,15813.000000,653.068115,0.465916,0.458403,0.830471,0.519515,1.125183,5.193395,0.790631,15831.500000,654.482300,0.464447,0.459926,0.830679,0.517099,1.126180,5.201599,0.789183,0.000000,0.000000,0.000000,0.000000,0.000000,0.000000,0.000000,0.000000,0.000000,0.000000,0.000000,0.000000,0.000000,0.000000,0.000000,0.000000,0.000000,0.000000,0.245514,144.375015,88.699188,127.787697,3.728855,10.659118,14.973829,106.734932,9.377831,0.245804,144.354019,88.711838,127.779503,3.779394,10.659401,14.967503,106.737473,9.373049,0.000000,0.000000,0.000000,0.000000,0.000000,0.000000,0.000000,0.000000,0.000000,0.000000,0.000000,0.000000,0.000000,0.000000,0.000000,0.000000,0.000000,0.000000,144.375015,3.728855,144.375015,3.728855,88.699188,10.659118,88.699188,10.659118,127.787697,14.973829,127.787697,14.973829,106.734932,9.377831,106.734932,9.377831,0.998821,0.001179,0.000000,846.842102,16090000261120.000000,0.043940,0.046302,0.006029,0.091299,0.002983,0.001865,0.009695,0.103170,0.007520,0.002113,0.000870,0.003853,0.008390,0.002859,0.024052,0.098011,0.039217,0.026414,0.002237,0.021566,0.001492,0.000497,0.002237,0.014916,0.072902,0.019329,0.004164,0.014978,0.081355,0.013424,0.075016,0.157303,0.000000,0.000000,0.000000,0.000000,0.000000,0.000000,0.000000,0.000000,0.000000,0.000000,0.000000,0.000000,0.000000,0.000000,0.000000,0.000000,0.000000,0.000000,0.000000,0.000000,0.000000,0.000000,0.000000,0.000000,0.000000,0.000000,0.000000,0.000000,0.000000,0.000000,0.000000,0.000000,0.000000,0.000000,0.000000,0.000000,0.000000,0.000000,0.000000,0.000000,0.000000,0.000000,0.000000,0.000000,0.000000,0.000000,0.000000,0.000000,0.000000,0.000000,0.000000,0.000000,0.000000,0.000000,0.000000,0.000000,0.000000,0.000000,0.000000,0.000000,0.000000,0.000000,0.000000,0.000000,0.000000,0.000000,0.000000,0.000000,0.000000,0.000000,0.000000,0.000000,0.000000,0.000000,0.000000,0.000000
/home/ubuntu/all-idb/dataset/leukemia/Im080_1.tif,1,12877.500000,550.600098,0.533788,0.627505,0.924278,0.685922,1.284336,4.851996,0.775228,13179.000000,487.244720,0.697586,0.611183,0.944460,0.701981,1.263440,4.244298,0.876493,226.500000,79.012192,0.455921,0.852398,0.781034,0.435577,1.912433,5.250009,0.863939,0.000000,0.000000,0.000000,0.000000,0.000000,0.000000,0.000000,0.000000,0.000000,0.200089,141.335693,84.748726,123.202469,3.223023,9.728304,9.810791,102.696640,8.140661,0.204285,141.326569,85.293320,123.486931,3.221810,10.356966,9.928414,103.100090,8.540803,0.004196,140.890915,111.261818,137.050903,3.132659,4.566737,4.630840,122.338181,3.655904,0.000000,0.000000,0.000000,0.000000,0.000000,0.000000,0.000000,0.000000,0.000000,0.444778,0.090364,141.335693,3.223023,-26.513092,5.161567,84.748726,9.728304,-13.848434,5.179951,123.202469,9.810791,-19.641541,4.484757,102.696640,8.140661,0.979459,0.020541,0.000000,47.683636,13112999673856.000000,0.043163,0.046900,0.007397,0.098071,0.003508,0.001525,0.008236,0.074888,0.007855,0.002288,0.001068,0.004652,0.008846,0.002212,0.024708,0.078548,0.035614,0.027377,0.002593,0.020895,0.001678,0.000458,0.001754,0.015176,0.075955,0.019599,0.005338,0.015481,0.089224,0.013956,0.098299,0.162739,0.050909,0.072727,0.014545,0.138182,0.000000,0.000000,0.003636,0.058182,0.010909,0.000000,0.000000,0.007273,0.003636,0.000000,0.025455,0.069091,0.029091,0.032727,0.000000,0.025455,0.000000,0.000000,0.000000,0.010909,0.105455,0.018182,0.007273,0.036364,0.083636,0.007273,0.065455,0.123636,0.000000,0.000000,0.000000,0.000000,0.000000,0.000000,0.000000,0.000000,0.000000,0.000000,0.000000,0.000000,0.000000,0.000000,0.000000,0.000000,0.000000,0.000000,0.000000,0.000000,0.000000,0.000000,0.000000,0.000000,0.000000,0.000000,0.000000,0.000000,0.000000,0.000000,0.000000,0.000000,0.000000,0.000000,0.000000,0.000000,0.000000,0.000000,0.000000,0.000000,0.000000,0.000000,0.000000,0.000000
/home/ubuntu/all-idb/dataset/leukemia/Im081_1.tif,1,8619.000000,383.161469,0.737740,0.703288,0.972360,0.732908,1.406657,4.127180,0.900595,8810.500000,396.575684,0.703977,0.697815,0.949919,0.680505,1.396107,4.224991,0.884583,54.000000,42.970562,0.367504,0.754349,0.617143,0.350649,1.523292,5.847553,0.871121,0.000000,0.000000,0.000000,0.000000,0.000000,0.000000,0.000000,0.000000,0.000000,0.134018,142.633499,61.878857,109.272346,4.041812,12.552969,7.782762,85.258339,8.644844,0.137039,142.608292,62.762833,109.442604,4.347247,13.872247,7.960973,85.824738,9.460236,0.002853,141.417114,102.272728,118.224602,11.763596,13.161906,10.473436,111.486633,9.931508,0.000000,0.000000,0.000000,0.000000,0.000000,0.000000,0.000000,0.000000,0.000000,1.216385,-7.721784,142.633499,4.041812,-40.393871,-0.608937,61.878857,12.552969,-8.952255,-2.690674,109.272346,7.782762,-26.228294,-1.286664,85.258339,8.644844,0.977953,0.020822,0.001225,46.967915,798.454529,0.044062,0.051805,0.004782,0.087669,0.003757,0.002277,0.006945,0.080269,0.008084,0.002505,0.001480,0.005351,0.008995,0.002619,0.022316,0.080724,0.040533,0.024935,0.001822,0.019242,0.002619,0.001139,0.002846,0.015029,0.083001,0.019242,0.004099,0.016054,0.080610,0.012638,0.097916,0.164636,0.058824,0.074866,0.005348,0.048128,0.010695,0.000000,0.010695,0.053476,0.005348,0.000000,0.000000,0.000000,0.005348,0.000000,0.016043,0.005348,0.112299,0.021390,0.000000,0.010695,0.005348,0.000000,0.000000,0.005348,0.165775,0.005348,0.000000,0.005348,0.245989,0.010695,0.058824,0.058824,0.000000,0.000000,0.000000,0.000000,0.000000,0.000000,0.000000,0.000000,0.000000,0.000000,0.000000,0.000000,0.000000,0.000000,0.000000,0.000000,0.000000,0.000000,0.000000,0.000000,0.000000,0.000000,0.000000,0.000000,0.000000,0.000000,0.000000,0.000000,0.000000,0.000000,0.000000,0.000000,0.000000,0.000000,0.000000,0.000000,0.000000,0.000000,0.000000,0.000000,0.000000,0.000000,0.000000,0.000000
/home/ubuntu/all-idb/dataset/leukemia/Im082_1.tif,1,10349.000000,384.676178,0.878856,0.345580,0.987500,0.762638,1.065656,3.781343,0.948279,10382.500000,384.090393,0.884392,0.345011,0.988574,0.765107,1.065418,3.769489,0.951103,0.000000,0.000000,0.000000,0.000000,0.000000,0.000000,0.000000,0.000000,0.000000,0.000000,0.000000,0.000000,0.000000,0.000000,0.000000,0.000000,0.000000,0.000000,0.160446,145.790298,70.993912,117.497955,3.767602,10.043035,12.489938,93.429199,8.543464,0.160950,145.770187,71.078499,117.540672,3.786551,10.141214,12.504074,93.489380,8.600208,0.000504,139.363632,98.030304,131.151520,4.333228,2.367518,9.115825,112.666664,3.874287,0.000000,0.000000,0.000000,0.000000,0.000000,0.000000,0.000000,0.000000,0.000000,6.426666,-0.565625,145.790298,3.767602,-27.036392,7.675516,70.993912,10.043035,-13.653564,3.374113,117.497955,12.489938,-19.237465,4.669177,93.429199,8.543464,0.996871,0.003129,0.000000,318.636353,10514999541760.000000,0.041084,0.046790,0.006087,0.088730,0.003233,0.001807,0.006467,0.094246,0.007228,0.003043,0.001141,0.004755,0.007703,0.001427,0.023585,0.100713,0.041655,0.028436,0.001807,0.018640,0.000856,0.000571,0.002378,0.017023,0.079125,0.018069,0.003709,0.015121,0.074275,0.014170,0.092820,0.153305,0.000000,0.000000,0.000000,0.000000,0.000000,0.000000,0.000000,0.000000,0.000000,0.000000,0.000000,0.000000,0.000000,0.000000,0.000000,0.000000,0.000000,0.000000,0.000000,0.000000,0.000000,0.000000,0.000000,0.000000,0.000000,0.000000,0.000000,0.000000,0.000000,0.000000,0.000000,0.000000,0.000000,0.000000,0.000000,0.000000,0.000000,0.000000,0.000000,0.000000,0.000000,0.000000,0.000000,0.000000,0.000000,0.000000,0.000000,0.000000,0.000000,0.000000,0.000000,0.000000,0.000000,0.000000,0.000000,0.000000,0.000000,0.000000,0.000000,0.000000,0.000000,0.000000,0.000000,0.000000,0.000000,0.000000,0.000000,0.000000,0.000000,0.000000,0.000000,0.000000,0.000000,0.000000,0.000000,0.000000
/home/ubuntu/all-idb/dataset/leukemia/Im083_1.tif,1,11207.000000,435.587860,0.742246,0.835787,0.956596,0.628371,1.821315,4.114633,0.939236,11259.500000,435.345245,0.746554,0.831104,0.958459,0.631315,1.798184,4.102742,0.940711,0.000000,4.000000,0.000000,0.000000,0.000000,0.000000,0.000000,4000000000.000000,1.000000,0.000000,0.000000,0.000000,0.000000,0.000000,0.000000,0.000000,0.000000,0.000000,0.173813,145.900101,75.347908,121.570450,3.875106,11.660287,8.982563,97.208321,9.160230,0.174622,145.841400,75.456482,121.639374,3.973557,11.743908,9.033187,97.285828,9.213562,0.000809,133.226410,98.792450,136.452835,4.688973,3.383414,7.559989,113.943398,4.090556,0.000000,0.000000,0.000000,0.000000,0.000000,0.000000,0.000000,0.000000,0.000000,12.673691,-0.813868,145.900101,3.875106,-23.444542,8.276873,75.347908,11.660287,-14.882385,1.422574,121.570450,8.982563,-16.735077,5.069674,97.208321,9.160230,0.995369,0.004631,0.000000,214.924530,11390999855104.000000,0.043631,0.047318,0.006584,0.076639,0.002721,0.001141,0.008603,0.083487,0.005004,0.002634,0.000527,0.004214,0.010359,0.001492,0.030024,0.086999,0.037135,0.030287,0.002370,0.019226,0.001756,0.000702,0.001844,0.012642,0.065227,0.019840,0.003160,0.015012,0.084628,0.011413,0.112721,0.170661,0.113208,0.396226,0.000000,0.150943,0.000000,0.000000,0.000000,0.000000,0.037736,0.000000,0.000000,0.000000,0.000000,0.000000,0.000000,0.000000,0.037736,0.056604,0.000000,0.000000,0.000000,0.000000,0.000000,0.000000,0.075472,0.018868,0.018868,0.000000,0.056604,0.000000,0.000000,0.037736,0.000000,0.000000,0.000000,0.000000,0.000000,0.000000,0.000000,0.000000,0.000000,0.000000,0.000000,0.000000,0.000000,0.000000,0.000000,0.000000,0.000000,0.000000,0.000000,0.000000,0.000000,0.000000,0.000000,0.000000,0.000000,0.000000,0.000000,0.000000,0.000000,0.000000,0.000000,0.000000,0.000000,0.000000,0.000000,0.000000,0.000000,0.000000,0.000000,0.000000,0.000000,0.000000,0.000000,0.000000
/home/ubuntu/all-idb/dataset/leukemia/Im084_1.tif,1,12581.000000,477.102600,0.694547,0.682556,0.923919,0.691264,1.368301,4.253576,0.891545,12642.500000,475.688385,0.702098,0.683689,0.925377,0.689340,1.370288,4.230640,0.895652,0.000000,4.000000,0.000000,0.000000,0.000000,0.000000,0.000000,4000000000.000000,1.000000,0.000000,0.000000,0.000000,0.000000,0.000000,0.000000,0.000000,0.000000,0.000000,0.195114,140.616562,70.403297,113.487450,4.814954,12.337626,11.498415,91.289436,9.399844,0.196045,140.571136,70.534012,113.581650,4.891753,12.462799,11.592192,91.389244,9.499461,0.000931,131.049179,97.934425,133.327866,9.439065,7.190314,14.018396,112.311478,6.713190,0.000000,0.000000,0.000000,0.000000,0.000000,0.000000,0.000000,0.000000,0.000000,9.567383,-4.624111,140.616562,4.814954,-27.531128,5.147312,70.403297,12.337626,-19.840416,-2.519981,113.487450,11.498415,-21.022041,2.686655,91.289436,9.399844,0.995252,0.004748,0.000000,209.622955,12786999492608.000000,0.037773,0.044186,0.005865,0.071948,0.004379,0.001251,0.008133,0.073669,0.007508,0.001642,0.000860,0.003597,0.008368,0.001877,0.027372,0.082427,0.041292,0.024713,0.002503,0.018534,0.001799,0.001095,0.001720,0.014077,0.082193,0.019160,0.003597,0.016579,0.094315,0.013060,0.118714,0.165793,0.049180,0.360656,0.000000,0.131148,0.000000,0.000000,0.000000,0.000000,0.016393,0.000000,0.000000,0.000000,0.000000,0.000000,0.000000,0.000000,0.147541,0.065574,0.000000,0.000000,0.000000,0.000000,0.000000,0.000000,0.114754,0.000000,0.000000,0.000000,0.032787,0.000000,0.032787,0.049180,0.000000,0.000000,0.000000,0.000000,0.000000,0.000000,0.000000,0.000000,0.000000,0.000000,0.000000,0.000000,0.000000,0.000000,0.000000,0.000000,0.000000,0.000000,0.000000,0.000000,0.000000,0.000000,0.000000,0.000000,0.000000,0.000000,0.000000,0.000000,0.000000,0.000000,0.000000,0.000000,0.000000,0.000000,0.000000,0.000000,0.000000,0.000000,0.000000,0.000000,0.000000,0.000000,0.000000,0.000000
/home/ubuntu/all-idb/dataset/leukemia/Im085_1.tif,1,13344.500000,467.546234,0.767120,0.677919,0.944409,0.743841,1.360291,4.047375,0.928933,13392.000000,468.132019,0.767925,0.675217,0.944929,0.746488,1.355713,4.045252,0.929526,1.000000,37.941124,0.008730,0.996058,0.086957,0.005128,11.273889,37.941124,0.981297,0.000000,0.000000,0.000000,0.000000,0.000000,0.000000,0.000000,0.000000,0.000000,0.206726,140.790817,75.200844,118.223282,4.360585,12.675361,12.845140,95.538528,10.214401,0.207458,140.730148,75.277802,118.293617,4.484002,12.724343,12.904821,95.597748,10.256124,0.000732,123.604164,97.000000,138.145828,5.819291,6.288217,14.310528,112.312500,8.116742,0.000000,0.000000,0.000000,0.000000,0.000000,0.000000,0.000000,0.000000,0.000000,17.186653,-1.458706,140.790817,4.360585,-21.799156,6.387144,75.200844,12.675361,-19.922546,-1.465388,118.223282,12.845140,-16.773972,2.097659,95.538528,10.214401,0.996470,0.003530,0.000000,282.250000,13548000378880.000000,0.039637,0.045763,0.005536,0.080676,0.003174,0.001329,0.008784,0.099720,0.007381,0.002583,0.001107,0.003838,0.009669,0.001993,0.025465,0.097948,0.045985,0.023989,0.002214,0.018158,0.001402,0.000960,0.002141,0.014615,0.079348,0.019560,0.004355,0.015500,0.081857,0.012400,0.085252,0.157662,0.000000,0.000000,0.000000,0.000000,0.000000,0.000000,0.000000,0.000000,0.000000,0.000000,0.000000,0.000000,0.000000,0.000000,0.000000,0.000000,0.000000,0.000000,0.000000,0.000000,0.000000,0.000000,0.000000,0.000000,0.000000,0.000000,0.000000,0.000000,0.000000,0.000000,0.000000,0.000000,0.000000,0.000000,0.000000,0.000000,0.000000,0.000000,0.000000,0.000000,0.000000,0.000000,0.000000,0.000000,0.000000,0.000000,0.000000,0.000000,0.000000,0.000000,0.000000,0.000000,0.000000,0.000000,0.000000,0.000000,0.000000,0.000000,0.000000,0.000000,0.000000,0.000000,0.000000,0.000000,0.000000,0.000000,0.000000,0.000000,0.000000,0.000000,0.000000,0.000000,0.000000,0.000000,0.000000,0.000000
/home/ubuntu/all-idb/dataset/leukemia/Im086_1.tif,1,11214.500000,411.889404,0.830670,0.634876,0.976788,0.732113,1.294307,3.889472,0.945172,11235.500000,411.889404,0.832226,0.636446,0.977042,0.733483,1.296477,3.885835,0.945624,0.000000,0.000000,0.000000,0.000000,0.000000,0.000000,0.000000,0.000000,0.000000,0.000000,0.000000,0.000000,0.000000,0.000000,0.000000,0.000000,0.000000,0.000000,0.173813,142.746552,70.486961,116.411118,3.881387,8.470898,10.232903,92.459137,6.844080,0.174133,142.718277,70.523483,116.425781,3.942623,8.507665,10.232694,92.481773,6.861220,0.000000,0.000000,0.000000,0.000000,0.000000,0.000000,0.000000,0.000000,0.000000,0.000000,0.000000,0.000000,0.000000,0.000000,0.000000,0.000000,0.000000,0.000000,142.746552,3.881387,142.746552,3.881387,70.486961,8.470898,70.486961,8.470898,116.411118,10.232903,116.411118,10.232903,92.459137,6.844080,92.459137,6.844080,0.998160,0.001840,0.000000,542.428589,11390999855104.000000,0.046265,0.038539,0.006935,0.072250,0.003073,0.001844,0.008515,0.088666,0.008779,0.001317,0.000878,0.002985,0.009042,0.002458,0.022386,0.088754,0.051883,0.030111,0.003336,0.020016,0.001931,0.001053,0.002283,0.017909,0.092793,0.022298,0.003950,0.019313,0.078746,0.013958,0.075586,0.162146,0.000000,0.000000,0.000000,0.000000,0.000000,0.000000,0.000000,0.000000,0.000000,0.000000,0.000000,0.000000,0.000000,0.000000,0.000000,0.000000,0.000000,0.000000,0.000000,0.000000,0.000000,0.000000,0.000000,0.000000,0.000000,0.000000,0.000000,0.000000,0.000000,0.000000,0.000000,0.000000,0.000000,0.000000,0.000000,0.000000,0.000000,0.000000,0.000000,0.000000,0.000000,0.000000,0.000000,0.000000,0.000000,0.000000,0.000000,0.000000,0.000000,0.000000,0.000000,0.000000,0.000000,0.000000,0.000000,0.000000,0.000000,0.000000,0.000000,0.000000,0.000000,0.000000,0.000000,0.000000,0.000000,0.000000,0.000000,0.000000,0.000000,0.000000,0.000000,0.000000,0.000000,0.000000,0.000000,0.000000
/home/ubuntu/all-idb/dataset/leukemia/Im087_1.tif,1,11220.000000,408.818329,0.843611,0.577745,0.975101,0.733573,1.225164,3.859526,0.942876,11256.000000,409.646759,0.842898,0.580672,0.975221,0.730435,1.228294,3.861157,0.942281,0.000000,0.000000,0.000000,0.000000,0.000000,0.000000,0.000000,0.000000,0.000000,0.000000,0.000000,0.000000,0.000000,0.000000,0.000000,0.000000,0.000000,0.000000,0.173889,146.425232,66.807655,109.882767,5.005274,12.682146,19.217131,88.763779,11.652902,0.174438,146.373688,66.885757,109.887161,5.103423,12.744229,19.199144,88.804848,11.662501,0.000549,130.055557,91.611115,111.277779,8.543823,6.989189,12.162354,101.805557,6.109281,0.000000,0.000000,0.000000,0.000000,0.000000,0.000000,0.000000,0.000000,0.000000,16.369675,-3.538549,146.425232,5.005274,-24.803459,5.692957,66.807655,12.682146,-1.395012,7.054777,109.882767,19.217131,-13.041779,5.543621,88.763779,11.652902,0.996851,0.003149,0.000000,316.555542,11396000514048.000000,0.041155,0.049930,0.005616,0.090119,0.002633,0.001492,0.007283,0.082924,0.006406,0.001492,0.001141,0.002369,0.007634,0.001492,0.022991,0.086697,0.052124,0.029835,0.001053,0.019305,0.001053,0.000351,0.002106,0.011583,0.094595,0.019481,0.003335,0.012022,0.104598,0.010706,0.092664,0.133819,0.000000,0.000000,0.000000,0.000000,0.000000,0.000000,0.000000,0.000000,0.000000,0.000000,0.000000,0.000000,0.000000,0.000000,0.000000,0.000000,0.000000,0.000000,0.000000,0.000000,0.000000,0.000000,0.000000,0.000000,0.000000,0.000000,0.000000,0.000000,0.000000,0.000000,0.000000,0.000000,0.000000,0.000000,0.000000,0.000000,0.000000,0.000000,0.000000,0.000000,0.000000,0.000000,0.000000,0.000000,0.000000,0.000000,0.000000,0.000000,0.000000,0.000000,0.000000,0.000000,0.000000,0.000000,0.000000,0.000000,0.000000,0.000000,0.000000,0.000000,0.000000,0.000000,0.000000,0.000000,0.000000,0.000000,0.000000,0.000000,0.000000,0.000000,0.000000,0.000000,0.000000,0.000000,0.000000,0.000000
/home/ubuntu/all-idb/dataset/leukemia/Im088_1.tif,1,10656.000000,395.788879,0.854824,0.382022,0.981894,0.716707,1.082072,3.834127,0.950696,10673.000000,395.788879,0.856188,0.383982,0.982238,0.717850,1.083024,3.831072,0.951027,0.000000,0.000000,0.000000,0.000000,0.000000,0.000000,0.000000,0.000000,0.000000,0.000000,0.000000,0.000000,0.000000,0.000000,0.000000,0.000000,0.000000,0.000000,0.165146,147.169357,72.218796,116.499954,4.179368,11.909744,10.703084,94.001297,9.817290,0.165405,147.153870,72.258118,116.512360,4.202127,11.943007,10.708467,94.026382,9.833524,0.000000,0.000000,0.000000,0.000000,0.000000,0.000000,0.000000,0.000000,0.000000,0.000000,0.000000,0.000000,0.000000,0.000000,0.000000,0.000000,0.000000,0.000000,147.169357,4.179368,147.169357,4.179368,72.218796,11.909744,72.218796,11.909744,116.499954,10.703084,116.499954,10.703084,94.001297,9.817290,94.001297,9.817290,0.998432,0.001568,0.000000,636.647034,10822999867392.000000,0.041948,0.045736,0.006283,0.090640,0.001940,0.001940,0.006930,0.091195,0.006375,0.002495,0.001016,0.005359,0.007761,0.002125,0.022729,0.088885,0.045274,0.028827,0.001663,0.020235,0.001848,0.001016,0.001663,0.014044,0.085836,0.020235,0.003881,0.013397,0.075672,0.013859,0.092765,0.156426,0.000000,0.000000,0.000000,0.000000,0.000000,0.000000,0.000000,0.000000,0.000000,0.000000,0.000000,0.000000,0.000000,0.000000,0.000000,0.000000,0.000000,0.000000,0.000000,0.000000,0.000000,0.000000,0.000000,0.000000,0.000000,0.000000,0.000000,0.000000,0.000000,0.000000,0.000000,0.000000,0.000000,0.000000,0.000000,0.000000,0.000000,0.000000,0.000000,0.000000,0.000000,0.000000,0.000000,0.000000,0.000000,0.000000,0.000000,0.000000,0.000000,0.000000,0.000000,0.000000,0.000000,0.000000,0.000000,0.000000,0.000000,0.000000,0.000000,0.000000,0.000000,0.000000,0.000000,0.000000,0.000000,0.000000,0.000000,0.000000,0.000000,0.000000,0.000000,0.000000,0.000000,0.000000,0.000000,0.000000
/home/ubuntu/all-idb/dataset/leukemia/Im089_1.tif,1,14393.500000,491.972656,0.747299,0.447092,0.950819,0.699393,1.117958,4.100698,0.897312,14415.500000,492.801086,0.745927,0.442013,0.950013,0.695494,1.114817,4.104467,0.896968,0.000000,0.000000,0.000000,0.000000,0.000000,0.000000,0.000000,0.000000,0.000000,0.000000,0.000000,0.000000,0.000000,0.000000,0.000000,0.000000,0.000000,0.000000,0.222824,140.341980,81.291786,125.984459,3.235492,9.530819,6.708267,101.384918,7.147133,0.223160,140.331619,81.327797,126.021057,3.245990,9.569433,6.771764,101.416000,7.187687,0.000000,0.000000,0.000000,0.000000,0.000000,0.000000,0.000000,0.000000,0.000000,0.000000,0.000000,0.000000,0.000000,0.000000,0.000000,0.000000,0.000000,0.000000,140.341980,3.235492,140.341980,3.235492,81.291786,9.530819,81.291786,9.530819,125.984459,6.708267,125.984459,6.708267,101.384918,7.147133,101.384918,7.147133,0.998496,0.001504,0.000000,663.772705,14602999955456.000000,0.040950,0.041498,0.007601,0.087174,0.003082,0.002397,0.008971,0.085119,0.006985,0.002945,0.001096,0.004725,0.008902,0.001917,0.023077,0.084983,0.035883,0.022393,0.002465,0.020338,0.002191,0.000890,0.002397,0.013764,0.073957,0.022324,0.005821,0.018078,0.077655,0.014038,0.091967,0.184414,0.000000,0.000000,0.000000,0.000000,0.000000,0.000000,0.000000,0.000000,0.000000,0.000000,0.000000,0.000000,0.000000,0.000000,0.000000,0.000000,0.000000,0.000000,0.000000,0.000000,0.000000,0.000000,0.000000,0.000000,0.000000,0.000000,0.000000,0.000000,0.000000,0.000000,0.000000,0.000000,0.000000,0.000000,0.000000,0.000000,0.000000,0.000000,0.000000,0.000000,0.000000,0.000000,0.000000,0.000000,0.000000,0.000000,0.000000,0.000000,0.000000,0.000000,0.000000,0.000000,0.000000,0.000000,0.000000,0.000000,0.000000,0.000000,0.000000,0.000000,0.000000,0.000000,0.000000,0.000000,0.000000,0.000000,0.000000,0.000000,0.000000,0.000000,0.000000,0.000000,0.000000,0.000000,0.000000,0.000000
/home/ubuntu/all-idb/dataset/leukemia/Im090_1.tif,1,13577.000000,498.073151,0.687745,0.260684,0.918731,0.678104,1.035814,4.274558,0.874943,13598.500000,498.658936,0.687217,0.276447,0.918197,0.674395,1.040551,4.276201,0.874585,0.000000,0.000000,0.000000,0.000000,0.000000,0.000000,0.000000,0.000000,0.000000,0.000000,0.000000,0.000000,0.000000,0.000000,0.000000,0.000000,0.000000,0.000000,0.210434,121.009209,61.255672,101.974403,4.247985,8.175307,12.012490,80.237617,6.980443,0.210770,120.984146,61.283791,101.984360,4.302181,8.203122,12.010031,80.254250,6.991256,0.000000,0.000000,0.000000,0.000000,0.000000,0.000000,0.000000,0.000000,0.000000,0.000000,0.000000,0.000000,0.000000,0.000000,0.000000,0.000000,0.000000,0.000000,121.009209,4.247985,121.009209,4.247985,61.255672,8.175307,61.255672,8.175307,101.974403,12.012490,101.974403,12.012490,80.237617,6.980443,80.237617,6.980443,0.998407,0.001593,0.000000,626.863647,13790999478272.000000,0.055326,0.039809,0.012037,0.071206,0.006091,0.004206,0.010732,0.075992,0.010007,0.003988,0.001233,0.004786,0.009934,0.004061,0.027699,0.083895,0.044594,0.022116,0.003843,0.021173,0.003045,0.001813,0.003771,0.018128,0.071858,0.021318,0.007251,0.017185,0.070118,0.022188,0.076137,0.174462,0.000000,0.000000,0.000000,0.000000,0.000000,0.000000,0.000000,0.000000,0.000000,0.000000,0.000000,0.000000,0.000000,0.000000,0.000000,0.000000,0.000000,0.000000,0.000000,0.000000,0.000000,0.000000,0.000000,0.000000,0.000000,0.000000,0.000000,0.000000,0.000000,0.000000,0.000000,0.000000,0.000000,0.000000,0.000000,0.000000,0.000000,0.000000,0.000000,0.000000,0.000000,0.000000,0.000000,0.000000,0.000000,0.000000,0.000000,0.000000,0.000000,0.000000,0.000000,0.000000,0.000000,0.000000,0.000000,0.000000,0.000000,0.000000,0.000000,0.000000,0.000000,0.000000,0.000000,0.000000,0.000000,0.000000,0.000000,0.000000,0.000000,0.000000,0.000000,0.000000,0.000000,0.000000,0.000000,0.000000
/home/ubuntu/all-idb/dataset/leukemia/Im091_1.tif,1,17649.000000,529.328003,0.791553,0.470020,0.962349,0.699109,1.132944,3.984417,0.928724,24988.000000,855.553406,0.428990,0.728052,0.834630,0.580522,1.458743,5.412294,0.780223,201.500000,88.811180,0.321033,0.946003,0.628705,0.276406,3.084925,6.256481,0.890339,769.000000,163.480225,0.361581,0.976338,0.902582,0.277317,4.624245,5.895248,0.949177,0.272705,127.047562,57.307297,93.388206,4.348048,10.581678,13.689706,76.043304,8.477188,0.387039,126.906883,60.327263,97.318512,4.525723,12.695690,14.608653,78.977173,10.481297,0.005188,128.447052,112.452942,124.494118,7.924654,26.467863,25.560020,117.894119,22.583061,0.013153,123.821342,61.183296,92.042923,5.581550,11.036905,12.411329,77.545242,8.358397,-1.399490,-3.576605,3.226219,-1.233501,-55.145645,-15.886185,-3.875999,-0.455227,-31.105911,-11.870315,1.345284,1.278377,-41.850815,-14.105873,-1.501938,0.118791,0.704593,0.013404,0.033984,52.564705,20.733179,0.045043,0.037265,0.006043,0.064346,0.005595,0.001063,0.009960,0.088518,0.011191,0.002966,0.001343,0.004532,0.012590,0.001902,0.030774,0.103234,0.038272,0.022605,0.002126,0.020255,0.002406,0.000615,0.002574,0.016954,0.072124,0.018800,0.003525,0.016171,0.067032,0.012254,0.087623,0.190298,0.026471,0.052941,0.020588,0.194118,0.011765,0.000000,0.011765,0.105882,0.005882,0.000000,0.000000,0.000000,0.011765,0.000000,0.008824,0.008824,0.067647,0.008824,0.000000,0.002941,0.000000,0.000000,0.000000,0.000000,0.050000,0.000000,0.000000,0.000000,0.376471,0.000000,0.023529,0.011765,0.035963,0.035963,0.011601,0.126450,0.001160,0.002320,0.006961,0.134571,0.004640,0.005800,0.001160,0.003480,0.003480,0.001160,0.019722,0.085847,0.018561,0.009281,0.002320,0.024362,0.000000,0.000000,0.000000,0.017401,0.049884,0.016241,0.008121,0.022042,0.134571,0.015081,0.044084,0.157773,0.000000,0.000000,0.000000,0.000000,0.000000,0.000000,0.000000,0.000000,0.000000,0.000000,0.000000,0.000000
/home/ubuntu/all-idb/dataset/leukemia/Im092_1.tif,1,9686.000000,372.534058,0.877046,0.435146,0.988166,0.773704,1.110667,3.785243,0.948888,9735.500000,371.948273,0.884307,0.436763,0.989028,0.777658,1.111634,3.769671,0.952126,0.000000,4.000000,0.000000,0.000000,0.000000,0.000000,0.000000,4000000000.000000,1.000000,0.000000,0.000000,0.000000,0.000000,0.000000,0.000000,0.000000,0.000000,0.000000,0.150269,128.897644,56.639523,100.916229,4.092364,7.986625,8.520094,78.112511,6.775929,0.151016,128.860260,56.770939,101.008484,4.136474,8.187036,8.636340,78.213097,6.919445,0.000748,121.346939,83.183670,119.551018,5.773094,4.168264,11.396492,98.428574,5.674864,0.000000,0.000000,0.000000,0.000000,0.000000,0.000000,0.000000,0.000000,0.000000,7.550705,-1.680729,128.897644,4.092364,-26.544147,3.818361,56.639523,7.986625,-18.634789,-2.876398,100.916229,8.520094,-20.316063,1.101065,78.112511,6.775929,0.995049,0.004951,0.000000,200.979599,9848000348160.000000,0.050772,0.044578,0.005991,0.074838,0.002945,0.001422,0.009037,0.073314,0.010053,0.003351,0.001320,0.004773,0.009850,0.001625,0.026807,0.083976,0.048233,0.031072,0.003351,0.023253,0.002640,0.000914,0.001929,0.018278,0.093014,0.022340,0.003554,0.019395,0.074025,0.012693,0.075955,0.164704,0.000000,0.000000,0.000000,0.000000,0.000000,0.000000,0.000000,0.000000,0.000000,0.000000,0.000000,0.000000,0.000000,0.000000,0.000000,0.000000,0.000000,0.000000,0.000000,0.000000,0.000000,0.000000,0.000000,0.000000,0.000000,0.000000,0.000000,0.000000,0.000000,0.000000,0.000000,0.000000,0.000000,0.000000,0.000000,0.000000,0.000000,0.000000,0.000000,0.000000,0.000000,0.000000,0.000000,0.000000,0.000000,0.000000,0.000000,0.000000,0.000000,0.000000,0.000000,0.000000,0.000000,0.000000,0.000000,0.000000,0.000000,0.000000,0.000000,0.000000,0.000000,0.000000,0.000000,0.000000,0.000000,0.000000,0.000000,0.000000,0.000000,0.000000,0.000000,0.000000,0.000000,0.000000,0.000000,0.000000
/home/ubuntu/all-idb/dataset/leukemia/Im093_1.tif,1,15611.500000,505.144226,0.768818,0.461302,0.961003,0.723659,1.127087,4.042901,0.912623,15655.000000,502.901581,0.777852,0.465733,0.962437,0.725676,1.130039,4.019356,0.917077,0.000000,0.000000,0.000000,0.000000,0.000000,0.000000,0.000000,0.000000,0.000000,0.000000,0.000000,0.000000,0.000000,0.000000,0.000000,0.000000,0.000000,0.000000,0.241516,130.072464,71.728142,110.438843,3.880349,16.405817,15.191030,89.951981,12.649854,0.242172,130.062317,71.788734,110.486992,3.887665,16.426355,15.206045,90.000885,12.670139,0.000656,126.325584,94.093025,128.209305,4.693989,4.381855,9.181777,108.000000,4.974353,0.000000,0.000000,0.000000,0.000000,0.000000,0.000000,0.000000,0.000000,0.000000,3.746880,-0.813640,130.072464,3.880349,-22.364883,12.023962,71.728142,16.405817,-17.770462,6.009253,110.438843,15.191030,-18.048019,7.675501,89.951981,12.649854,0.997291,0.002709,0.000000,368.093018,15827999916032.000000,0.042899,0.040687,0.006697,0.083333,0.003222,0.001200,0.007582,0.075373,0.008087,0.002401,0.001011,0.004170,0.008087,0.001959,0.027672,0.091926,0.045679,0.025967,0.002085,0.019459,0.002022,0.001137,0.001895,0.013963,0.097233,0.021923,0.004928,0.016363,0.085861,0.012952,0.085418,0.156811,0.000000,0.000000,0.000000,0.000000,0.000000,0.000000,0.000000,0.000000,0.000000,0.000000,0.000000,0.000000,0.000000,0.000000,0.000000,0.000000,0.000000,0.000000,0.000000,0.000000,0.000000,0.000000,0.000000,0.000000,0.000000,0.000000,0.000000,0.000000,0.000000,0.000000,0.000000,0.000000,0.000000,0.000000,0.000000,0.000000,0.000000,0.000000,0.000000,0.000000,0.000000,0.000000,0.000000,0.000000,0.000000,0.000000,0.000000,0.000000,0.000000,0.000000,0.000000,0.000000,0.000000,0.000000,0.000000,0.000000,0.000000,0.000000,0.000000,0.000000,0.000000,0.000000,0.000000,0.000000,0.000000,0.000000,0.000000,0.000000,0.000000,0.000000,0.000000,0.000000,0.000000,0.000000,0.000000,0.000000
/home/ubuntu/all-idb/dataset/leukemia/Im094_1.tif,1,11627.500000,484.173676,0.623295,0.880284,0.900798,0.652937,2.107719,4.490120,0.907206,11661.500000,483.345245,0.627263,0.885917,0.902663,0.654846,2.155902,4.475899,0.908999,0.000000,0.000000,0.000000,0.000000,0.000000,0.000000,0.000000,0.000000,0.000000,0.000000,0.000000,0.000000,0.000000,0.000000,0.000000,0.000000,0.000000,0.000000,0.180603,135.226257,68.223976,116.802383,3.136822,8.891317,5.964996,90.386276,6.776161,0.181122,135.204132,68.292084,116.831764,3.174912,8.974138,5.992209,90.432434,6.827810,0.000519,127.500000,92.000000,127.058823,5.852350,5.651653,6.655123,106.500000,5.684085,0.000000,0.000000,0.000000,0.000000,0.000000,0.000000,0.000000,0.000000,0.000000,7.726257,-2.715528,135.226257,3.136822,-23.776024,3.239665,68.223976,8.891317,-10.256439,-0.690127,116.802383,5.964996,-16.113724,1.092076,90.386276,6.776161,0.997136,0.002864,0.000000,348.117645,11835999780864.000000,0.043258,0.058466,0.006844,0.085840,0.003380,0.001605,0.007181,0.065478,0.006252,0.003717,0.001183,0.005238,0.008026,0.002197,0.026867,0.081615,0.036837,0.034302,0.002366,0.021967,0.001183,0.000929,0.002197,0.014616,0.068266,0.020193,0.004562,0.016560,0.078996,0.013603,0.103244,0.173031,0.000000,0.000000,0.000000,0.000000,0.000000,0.000000,0.000000,0.000000,0.000000,0.000000,0.000000,0.000000,0.000000,0.000000,0.000000,0.000000,0.000000,0.000000,0.000000,0.000000,0.000000,0.000000,0.000000,0.000000,0.000000,0.000000,0.000000,0.000000,0.000000,0.000000,0.000000,0.000000,0.000000,0.000000,0.000000,0.000000,0.000000,0.000000,0.000000,0.000000,0.000000,0.000000,0.000000,0.000000,0.000000,0.000000,0.000000,0.000000,0.000000,0.000000,0.000000,0.000000,0.000000,0.000000,0.000000,0.000000,0.000000,0.000000,0.000000,0.000000,0.000000,0.000000,0.000000,0.000000,0.000000,0.000000,0.000000,0.000000,0.000000,0.000000,0.000000,0.000000,0.000000,0.000000,0.000000,0.000000
/home/ubuntu/all-idb/dataset/leukemia/Im095_1.tif,1,10399.500000,385.747253,0.878247,0.371833,0.987513,0.760197,1.077238,3.782654,0.948770,10421.000000,385.161469,0.882742,0.374647,0.988428,0.761769,1.078554,3.773011,0.950709,0.000000,0.000000,0.000000,0.000000,0.000000,0.000000,0.000000,0.000000,0.000000,0.000000,0.000000,0.000000,0.000000,0.000000,0.000000,0.000000,0.000000,0.000000,0.161209,151.793091,74.139236,103.728256,4.103162,13.084979,13.947365,91.839661,9.598964,0.161530,151.778198,74.199036,103.766014,4.116745,13.145107,13.988570,91.884277,9.644205,0.000000,0.000000,0.000000,0.000000,0.000000,0.000000,0.000000,0.000000,0.000000,0.000000,0.000000,0.000000,0.000000,0.000000,0.000000,0.000000,0.000000,0.000000,151.793091,4.103162,151.793091,4.103162,74.139236,13.084979,74.139236,13.084979,103.728256,13.947365,103.728256,13.947365,91.839661,9.598964,91.839661,9.598964,0.998016,0.001984,0.000000,503.095245,10564999839744.000000,0.036252,0.044108,0.004733,0.090677,0.003313,0.001514,0.007478,0.081969,0.004827,0.002177,0.001514,0.003502,0.009465,0.002082,0.031898,0.099101,0.040038,0.023379,0.001798,0.018268,0.001325,0.000568,0.001609,0.011926,0.074207,0.019498,0.003407,0.014671,0.084714,0.012021,0.095977,0.171983,0.000000,0.000000,0.000000,0.000000,0.000000,0.000000,0.000000,0.000000,0.000000,0.000000,0.000000,0.000000,0.000000,0.000000,0.000000,0.000000,0.000000,0.000000,0.000000,0.000000,0.000000,0.000000,0.000000,0.000000,0.000000,0.000000,0.000000,0.000000,0.000000,0.000000,0.000000,0.000000,0.000000,0.000000,0.000000,0.000000,0.000000,0.000000,0.000000,0.000000,0.000000,0.000000,0.000000,0.000000,0.000000,0.000000,0.000000,0.000000,0.000000,0.000000,0.000000,0.000000,0.000000,0.000000,0.000000,0.000000,0.000000,0.000000,0.000000,0.000000,0.000000,0.000000,0.000000,0.000000,0.000000,0.000000,0.000000,0.000000,0.000000,0.000000,0.000000,0.000000,0.000000,0.000000,0.000000,0.000000
/home/ubuntu/all-idb/dataset/leukemia/Im096_1.tif,1,7272.500000,322.291412,0.879825,0.483361,0.986905,0.742016,1.142307,3.779261,0.954868,7335.000000,323.705627,0.879649,0.481822,0.987214,0.748393,1.141202,3.779638,0.954449,0.000000,0.000000,0.000000,0.000000,0.000000,0.000000,0.000000,0.000000,0.000000,0.000000,0.000000,0.000000,0.000000,0.000000,0.000000,0.000000,0.000000,0.000000,0.113068,150.637253,60.100945,89.344398,4.483633,11.653745,10.250776,79.166397,8.653082,0.114029,150.538605,60.392345,89.581024,4.646461,12.046597,10.578143,79.397430,8.987149,0.000961,138.936508,94.666664,117.412697,7.790659,7.451430,11.520355,106.571426,5.403451,0.000000,0.000000,0.000000,0.000000,0.000000,0.000000,0.000000,0.000000,0.000000,11.700745,-3.307027,150.637253,4.483633,-34.565720,4.202314,60.100945,11.653745,-28.068298,-1.269579,89.344398,10.250776,-27.405029,3.249631,79.166397,8.653082,0.991570,0.008430,0.000000,117.619049,7409999806464.000000,0.036437,0.054926,0.005533,0.074494,0.002699,0.000405,0.008097,0.072470,0.005803,0.003644,0.000540,0.004588,0.010931,0.001484,0.028475,0.088799,0.043185,0.026046,0.001889,0.015789,0.002294,0.000810,0.001350,0.013900,0.084885,0.017409,0.004318,0.012821,0.086640,0.010391,0.114575,0.164372,0.015873,0.206349,0.000000,0.015873,0.000000,0.000000,0.000000,0.015873,0.000000,0.000000,0.000000,0.000000,0.000000,0.000000,0.000000,0.047619,0.222222,0.000000,0.000000,0.000000,0.000000,0.000000,0.000000,0.000000,0.222222,0.000000,0.000000,0.000000,0.206349,0.000000,0.047619,0.000000,0.000000,0.000000,0.000000,0.000000,0.000000,0.000000,0.000000,0.000000,0.000000,0.000000,0.000000,0.000000,0.000000,0.000000,0.000000,0.000000,0.000000,0.000000,0.000000,0.000000,0.000000,0.000000,0.000000,0.000000,0.000000,0.000000,0.000000,0.000000,0.000000,0.000000,0.000000,0.000000,0.000000,0.000000,0.000000,0.000000,0.000000,0.000000,0.000000,0.000000,0.000000,0.000000,0.000000,0.000000
/home/ubuntu/all-idb/dataset/leukemia/Im097_1.tif,1,18087.000000,667.705627,0.509808,0.625321,0.920013,0.598471,1.281448,4.964800,0.931429,18087.000000,667.705627,0.509808,0.625321,0.920013,0.598471,1.281448,4.964800,0.931429,0.000000,0.000000,0.000000,0.000000,0.000000,0.000000,0.000000,0.000000,0.000000,0.000000,0.000000,0.000000,0.000000,0.000000,0.000000,0.000000,0.000000,0.000000,0.280716,135.775070,147.747238,168.388107,13.955039,15.217815,7.600494,152.543411,12.506324,0.280716,135.775070,147.747238,168.388107,13.955039,15.217815,7.600494,152.543411,12.506324,0.000000,0.000000,0.000000,0.000000,0.000000,0.000000,0.000000,0.000000,0.000000,0.000000,0.000000,0.000000,0.000000,0.000000,0.000000,0.000000,0.000000,0.000000,135.775070,13.955039,135.775070,13.955039,147.747238,15.217815,147.747238,15.217815,168.388107,7.600494,168.388107,7.600494,152.543411,12.506324,152.543411,12.506324,1.000000,0.000000,0.000000,18396999581696.000000,18396999581696.000000,0.054247,0.029035,0.010251,0.051366,0.005319,0.001884,0.010639,0.065994,0.015848,0.004932,0.002161,0.007093,0.012190,0.004821,0.023660,0.088048,0.050867,0.019505,0.003103,0.021112,0.003435,0.001552,0.004876,0.023882,0.082728,0.022829,0.007480,0.022774,0.060065,0.017953,0.070704,0.199645,0.000000,0.000000,0.000000,0.000000,0.000000,0.000000,0.000000,0.000000,0.000000,0.000000,0.000000,0.000000,0.000000,0.000000,0.000000,0.000000,0.000000,0.000000,0.000000,0.000000,0.000000,0.000000,0.000000,0.000000,0.000000,0.000000,0.000000,0.000000,0.000000,0.000000,0.000000,0.000000,0.000000,0.000000,0.000000,0.000000,0.000000,0.000000,0.000000,0.000000,0.000000,0.000000,0.000000,0.000000,0.000000,0.000000,0.000000,0.000000,0.000000,0.000000,0.000000,0.000000,0.000000,0.000000,0.000000,0.000000,0.000000,0.000000,0.000000,0.000000,0.000000,0.000000,0.000000,0.000000,0.000000,0.000000,0.000000,0.000000,0.000000,0.000000,0.000000,0.000000,0.000000,0.000000,0.000000,0.000000
/home/ubuntu/all-idb/dataset/leukemia/Im098_1.tif,1,6213.500000,347.462982,0.646739,0.784819,0.901095,0.623658,1.613618,4.407988,0.931125,65025.000000,1020.000000,0.785398,0.000000,1.000000,0.992203,0.000000,4.000000,1.000000,9821.500000,412.232544,0.726278,0.741378,0.939272,0.680018,1.490118,4.159617,0.938507,15939.500000,505.487366,0.783906,0.693661,0.965884,0.722585,1.388308,4.003806,0.940205,0.097107,146.258163,56.527500,82.431175,4.456840,13.754699,10.588682,74.502357,9.989710,1.000000,141.693802,143.282532,161.310089,15.023329,32.969707,27.554338,148.483154,27.848375,0.055466,157.102341,158.263275,167.100418,7.868974,22.447905,22.261818,160.768631,19.885384,0.093964,157.047256,169.440735,176.217926,8.331953,9.943898,6.164276,170.044662,8.353885,-10.844177,-3.412134,-10.789093,-3.875113,-101.735779,-8.693206,-112.913239,3.810801,-84.669243,-11.673136,-93.786751,4.424406,-86.266273,-9.895674,-95.542305,1.635825,0.097107,0.055466,0.093964,1.750757,1.033452,0.039441,0.039912,0.004871,0.079353,0.004714,0.001728,0.008957,0.073853,0.008328,0.003928,0.001571,0.004085,0.010999,0.001728,0.024041,0.071653,0.043369,0.027970,0.002357,0.021056,0.002357,0.000943,0.002200,0.016656,0.067725,0.019642,0.003928,0.019799,0.088624,0.011785,0.110465,0.181961,0.046768,0.056396,0.006878,0.117744,0.007978,0.000550,0.007153,0.110591,0.014856,0.001926,0.002201,0.003851,0.007153,0.002476,0.015681,0.051719,0.054470,0.021458,0.003576,0.009354,0.001100,0.001376,0.001651,0.010454,0.074003,0.009904,0.003576,0.014305,0.103989,0.009078,0.104264,0.123521,0.048717,0.040598,0.011043,0.069503,0.006820,0.001786,0.010393,0.062520,0.014615,0.004060,0.002111,0.007632,0.013803,0.002761,0.023384,0.086716,0.034264,0.023384,0.003573,0.020299,0.001137,0.002598,0.003897,0.021273,0.048880,0.019974,0.005034,0.025658,0.067879,0.016889,0.076323,0.222475,0.000000,0.000000,0.000000,0.000000,0.000000,0.000000,0.000000,0.000000,0.000000,0.000000,0.000000,0.000000
/home/ubuntu/all-idb/dataset/leukemia/Im099_1.tif,1,7399.500000,352.149261,0.749823,0.743661,0.944055,0.710602,1.495758,4.093791,0.928970,7479.000000,351.906647,0.758924,0.744648,0.944616,0.718237,1.498222,4.069169,0.933769,2.000000,28.142136,0.031734,0.974339,0.097561,0.023810,4.442778,19.899494,0.928280,0.000000,0.000000,0.000000,0.000000,0.000000,0.000000,0.000000,0.000000,0.000000,0.115265,147.309509,58.822083,85.098228,4.560980,14.715144,10.297656,76.759201,10.334766,0.116486,147.255173,59.252029,85.348312,4.670474,15.268204,10.610046,77.079643,10.761579,0.001221,142.125000,99.849998,108.962502,9.521522,11.544587,12.874824,107.337502,6.387378,0.000000,0.000000,0.000000,0.000000,0.000000,0.000000,0.000000,0.000000,0.000000,5.184509,-4.960542,147.309509,4.560980,-41.027916,3.170557,58.822083,14.715144,-23.864273,-2.577168,85.098228,10.297656,-30.578300,3.947389,76.759201,10.334766,0.989521,0.010479,0.000000,94.425003,7554000224256.000000,0.037066,0.047922,0.006619,0.079825,0.004236,0.001059,0.007943,0.074795,0.008340,0.002250,0.000794,0.005295,0.010193,0.001456,0.030712,0.082208,0.033095,0.022505,0.002383,0.018533,0.001721,0.001324,0.001324,0.017077,0.063675,0.019989,0.003839,0.015753,0.095049,0.014562,0.107757,0.180699,0.000000,0.100000,0.000000,0.087500,0.000000,0.000000,0.000000,0.150000,0.000000,0.000000,0.000000,0.000000,0.000000,0.000000,0.037500,0.125000,0.162500,0.050000,0.000000,0.000000,0.000000,0.000000,0.000000,0.000000,0.100000,0.000000,0.000000,0.000000,0.100000,0.000000,0.062500,0.025000,0.000000,0.000000,0.000000,0.000000,0.000000,0.000000,0.000000,0.000000,0.000000,0.000000,0.000000,0.000000,0.000000,0.000000,0.000000,0.000000,0.000000,0.000000,0.000000,0.000000,0.000000,0.000000,0.000000,0.000000,0.000000,0.000000,0.000000,0.000000,0.000000,0.000000,0.000000,0.000000,0.000000,0.000000,0.000000,0.000000,0.000000,0.000000,0.000000,0.000000,0.000000,0.000000,0.000000,0.000000
/home/ubuntu/all-idb/dataset/leukemia/Im100_1.tif,1,13800.000000,502.700562,0.686231,0.628756,0.932275,0.605901,1.286004,4.279272,0.903270,13821.500000,505.286346,0.680283,0.633121,0.931902,0.602717,1.291901,4.297936,0.901882,17.500000,19.899494,0.555346,0.875142,0.875000,0.364583,2.066685,4.756889,0.955239,441.500000,105.497475,0.498490,0.955115,0.946409,0.490556,3.375678,5.020844,0.957638,0.213821,153.122452,87.073715,115.001930,3.853503,12.628086,15.885251,102.953972,11.088362,0.266434,151.951599,82.636276,109.487030,4.608815,16.436436,18.849218,98.564743,14.494913,0.000778,153.901962,139.411758,135.588242,12.078590,24.479824,26.235865,139.941177,20.376276,0.007446,146.721313,70.956970,80.411888,4.327784,23.091766,11.465755,82.409836,14.527534,-0.779510,-8.225087,6.401138,-0.474280,-52.338043,-11.851738,16.116745,-10.463680,-20.586311,-10.350614,34.590042,4.419496,-36.987206,-9.287914,20.544136,-3.439172,0.802531,0.002921,0.027948,274.764709,28.715164,0.040677,0.043745,0.006209,0.071291,0.002640,0.001570,0.006994,0.075287,0.006565,0.002070,0.001213,0.003354,0.007993,0.001855,0.020766,0.063655,0.051095,0.027118,0.001927,0.020124,0.002212,0.001213,0.002212,0.012631,0.107900,0.021980,0.003711,0.016984,0.107757,0.014130,0.099122,0.154000,0.019608,0.000000,0.000000,0.019608,0.000000,0.000000,0.000000,0.098039,0.000000,0.000000,0.000000,0.000000,0.000000,0.000000,0.058824,0.470588,0.254902,0.019608,0.000000,0.000000,0.000000,0.000000,0.000000,0.000000,0.000000,0.019608,0.000000,0.000000,0.000000,0.000000,0.019608,0.019608,0.022541,0.012295,0.004098,0.028689,0.008197,0.002049,0.012295,0.106557,0.016393,0.006148,0.002049,0.004098,0.020492,0.002049,0.020492,0.239754,0.016393,0.010246,0.002049,0.008197,0.002049,0.002049,0.002049,0.020492,0.065574,0.010246,0.006148,0.014344,0.040984,0.014344,0.098361,0.178279,0.000000,0.000000,0.000000,0.000000,0.000000,0.000000,0.000000,0.000000,0.000000,0.000000,0.000000,0.000000
/home/ubuntu/all-idb/dataset/leukemia/Im101_1.tif,1,14872.500000,546.742188,0.625214,0.806654,0.932708,0.623846,1.691979,4.483226,0.885401,14914.500000,548.742188,0.622418,0.810178,0.933527,0.621437,1.705948,4.493286,0.883916,0.000000,2.000000,0.000000,0.000000,0.000000,0.000000,0.000000,2000000000.000000,1.000000,0.000000,0.000000,0.000000,0.000000,0.000000,0.000000,0.000000,0.000000,0.000000,0.230469,150.450867,88.585670,117.896385,3.719167,11.903442,13.898083,104.399765,10.082401,0.231125,150.413223,88.640724,117.976295,3.786128,11.931891,13.962187,104.451508,10.115903,0.000656,137.186050,107.976746,146.046509,3.925207,2.367301,5.664880,122.627907,2.949366,0.000000,0.000000,0.000000,0.000000,0.000000,0.000000,0.000000,0.000000,0.000000,13.264816,-0.206040,150.450867,3.719167,-19.391075,9.536142,88.585670,11.903442,-28.150124,8.233202,117.896385,13.898083,-18.228142,7.133036,104.399765,10.082401,0.997161,0.002839,0.000000,351.255829,15104000131072.000000,0.041247,0.040453,0.007680,0.060249,0.003046,0.001523,0.007481,0.085938,0.006621,0.002119,0.001457,0.004370,0.008408,0.001986,0.023702,0.097060,0.052966,0.025291,0.002450,0.018075,0.001721,0.001258,0.003377,0.013506,0.085739,0.019730,0.004833,0.015029,0.079317,0.014764,0.094478,0.174126,0.000000,0.000000,0.000000,0.000000,0.000000,0.000000,0.000000,0.000000,0.000000,0.000000,0.000000,0.000000,0.000000,0.000000,0.000000,0.000000,0.000000,0.000000,0.000000,0.000000,0.000000,0.000000,0.000000,0.000000,0.000000,0.000000,0.000000,0.000000,0.000000,0.000000,0.000000,0.000000,0.000000,0.000000,0.000000,0.000000,0.000000,0.000000,0.000000,0.000000,0.000000,0.000000,0.000000,0.000000,0.000000,0.000000,0.000000,0.000000,0.000000,0.000000,0.000000,0.000000,0.000000,0.000000,0.000000,0.000000,0.000000,0.000000,0.000000,0.000000,0.000000,0.000000,0.000000,0.000000,0.000000,0.000000,0.000000,0.000000,0.000000,0.000000,0.000000,0.000000,0.000000,0.000000,0.000000,0.000000
/home/ubuntu/all-idb/dataset/leukemia/Im102_1.tif,1,10303.500000,440.374664,0.667652,0.513419,0.905285,0.636019,1.165313,4.338404,0.904316,10373.000000,438.960449,0.676493,0.539101,0.909713,0.640309,1.187308,4.309960,0.907782,0.000000,0.000000,0.000000,0.000000,0.000000,0.000000,0.000000,0.000000,0.000000,0.000000,0.000000,0.000000,0.000000,0.000000,0.000000,0.000000,0.000000,0.000000,0.160110,126.097115,59.581627,103.904793,4.058587,10.656437,9.774801,80.415993,8.990730,0.161163,126.039383,59.736603,104.001991,4.129503,10.797446,9.830985,80.529732,9.076268,0.001053,117.260872,83.304344,118.782608,5.271339,4.188682,6.652600,97.826088,4.032320,0.000000,0.000000,0.000000,0.000000,0.000000,0.000000,0.000000,0.000000,0.000000,8.836243,-1.212752,126.097115,4.058587,-23.722717,6.467755,59.581627,10.656437,-14.877815,3.122201,103.904793,9.774801,-17.410095,4.958410,80.415993,8.990730,0.993467,0.006533,0.000000,152.072464,10493000417280.000000,0.048318,0.051177,0.007243,0.096541,0.002573,0.002192,0.007624,0.080053,0.007338,0.003240,0.001525,0.006195,0.008768,0.002573,0.023158,0.089298,0.039264,0.028305,0.002192,0.023730,0.001525,0.001430,0.002097,0.018298,0.073001,0.022301,0.004384,0.019156,0.071572,0.013628,0.078338,0.162966,0.014493,0.057971,0.000000,0.028986,0.000000,0.000000,0.000000,0.000000,0.000000,0.000000,0.000000,0.000000,0.000000,0.000000,0.000000,0.130435,0.246377,0.028986,0.000000,0.014493,0.000000,0.000000,0.000000,0.000000,0.275362,0.000000,0.000000,0.000000,0.028986,0.014493,0.144928,0.014493,0.000000,0.000000,0.000000,0.000000,0.000000,0.000000,0.000000,0.000000,0.000000,0.000000,0.000000,0.000000,0.000000,0.000000,0.000000,0.000000,0.000000,0.000000,0.000000,0.000000,0.000000,0.000000,0.000000,0.000000,0.000000,0.000000,0.000000,0.000000,0.000000,0.000000,0.000000,0.000000,0.000000,0.000000,0.000000,0.000000,0.000000,0.000000,0.000000,0.000000,0.000000,0.000000,0.000000,0.000000
/home/ubuntu/all-idb/dataset/leukemia/Im103_1.tif,1,12712.500000,468.173645,0.728831,0.627161,0.948623,0.649990,1.283879,4.152327,0.919731,12747.000000,468.759460,0.728984,0.630767,0.949426,0.651754,1.288706,4.151892,0.919168,0.000000,2.828427,0.000000,0.000000,0.000000,0.000000,0.000000,2828427008.000000,1.000000,0.000000,0.000000,0.000000,0.000000,0.000000,0.000000,0.000000,0.000000,0.000000,0.197037,124.753426,62.152248,102.239601,3.708780,9.506765,9.824877,81.272675,7.919799,0.197571,124.728996,62.214783,102.279655,3.745103,9.573149,9.871832,81.318581,7.966095,0.000534,115.714287,85.285713,117.057144,5.694967,5.023211,14.822653,98.257141,6.863330,0.000000,0.000000,0.000000,0.000000,0.000000,0.000000,0.000000,0.000000,0.000000,9.039139,-1.986187,124.753426,3.708780,-23.133465,4.483554,62.152248,9.506765,-14.817543,-4.997776,102.239601,9.824877,-16.984467,1.056468,81.272675,7.919799,0.997297,0.002703,0.000000,368.942871,12912999530496.000000,0.044761,0.036397,0.011694,0.085340,0.005111,0.003098,0.012468,0.106792,0.008596,0.002943,0.001471,0.005498,0.007899,0.003485,0.023542,0.100906,0.040812,0.021064,0.002556,0.021374,0.001859,0.000542,0.002633,0.016108,0.066522,0.018741,0.004492,0.018276,0.068768,0.016650,0.069233,0.170371,0.000000,0.000000,0.000000,0.000000,0.000000,0.000000,0.000000,0.000000,0.000000,0.000000,0.000000,0.000000,0.000000,0.000000,0.000000,0.000000,0.000000,0.000000,0.000000,0.000000,0.000000,0.000000,0.000000,0.000000,0.000000,0.000000,0.000000,0.000000,0.000000,0.000000,0.000000,0.000000,0.000000,0.000000,0.000000,0.000000,0.000000,0.000000,0.000000,0.000000,0.000000,0.000000,0.000000,0.000000,0.000000,0.000000,0.000000,0.000000,0.000000,0.000000,0.000000,0.000000,0.000000,0.000000,0.000000,0.000000,0.000000,0.000000,0.000000,0.000000,0.000000,0.000000,0.000000,0.000000,0.000000,0.000000,0.000000,0.000000,0.000000,0.000000,0.000000,0.000000,0.000000,0.000000,0.000000,0.000000
/home/ubuntu/all-idb/dataset/leukemia/Im104_1.tif,1,15083.000000,486.558441,0.800622,0.657043,0.966394,0.752870,1.326518,3.961787,0.927483,15088.000000,486.558441,0.800888,0.657289,0.966436,0.753120,1.326896,3.961131,0.927615,0.000000,0.000000,0.000000,0.000000,0.000000,0.000000,0.000000,0.000000,0.000000,0.000000,0.000000,0.000000,0.000000,0.000000,0.000000,0.000000,0.000000,0.000000,0.233307,121.972206,64.029694,104.873314,3.402296,8.984786,9.951832,82.847153,7.145868,0.233383,121.968025,64.034714,104.869759,3.410360,8.987749,9.956212,82.848579,7.145960,0.000000,0.000000,0.000000,0.000000,0.000000,0.000000,0.000000,0.000000,0.000000,0.000000,0.000000,0.000000,0.000000,0.000000,0.000000,0.000000,0.000000,0.000000,121.972206,3.402296,121.972206,3.402296,64.029694,8.984786,64.029694,8.984786,104.873314,9.951832,104.873314,9.951832,82.847153,7.145868,82.847153,7.145868,0.999673,0.000327,0.000000,3058.000000,15289999687680.000000,0.043100,0.041465,0.007260,0.083519,0.004513,0.002420,0.009483,0.082734,0.007325,0.003466,0.001831,0.005559,0.010464,0.001700,0.027927,0.082603,0.035252,0.027469,0.002224,0.020994,0.001897,0.000916,0.002093,0.015435,0.074559,0.019490,0.004709,0.017332,0.082603,0.014912,0.090582,0.174166,0.000000,0.000000,0.000000,0.000000,0.000000,0.000000,0.000000,0.000000,0.000000,0.000000,0.000000,0.000000,0.000000,0.000000,0.000000,0.000000,0.000000,0.000000,0.000000,0.000000,0.000000,0.000000,0.000000,0.000000,0.000000,0.000000,0.000000,0.000000,0.000000,0.000000,0.000000,0.000000,0.000000,0.000000,0.000000,0.000000,0.000000,0.000000,0.000000,0.000000,0.000000,0.000000,0.000000,0.000000,0.000000,0.000000,0.000000,0.000000,0.000000,0.000000,0.000000,0.000000,0.000000,0.000000,0.000000,0.000000,0.000000,0.000000,0.000000,0.000000,0.000000,0.000000,0.000000,0.000000,0.000000,0.000000,0.000000,0.000000,0.000000,0.000000,0.000000,0.000000,0.000000,0.000000,0.000000,0.000000
/home/ubuntu/all-idb/dataset/leukemia/Im105_1.tif,1,9785.000000,387.989899,0.816827,0.577372,0.975865,0.714860,1.224768,3.922293,0.929923,9840.000000,384.818329,0.835013,0.575708,0.977840,0.718878,1.223009,3.879343,0.939129,3.500000,11.071068,0.358838,0.959663,0.700000,0.175000,3.556773,5.917735,0.951727,0.000000,0.000000,0.000000,0.000000,0.000000,0.000000,0.000000,0.000000,0.000000,0.151840,126.875092,58.473217,100.910057,4.047523,10.870293,9.710949,78.955780,8.573882,0.152649,126.837967,58.609955,100.946625,4.148126,11.023075,9.717406,79.042381,8.653130,0.000809,119.867928,84.283020,107.811317,11.098253,9.323085,8.402732,95.301888,8.088158,0.000000,0.000000,0.000000,0.000000,0.000000,0.000000,0.000000,0.000000,0.000000,7.007164,-7.050730,126.875092,4.047523,-25.809803,1.547208,58.473217,10.870293,-6.901260,1.308217,100.910057,9.710949,-16.346107,0.485724,78.955780,8.573882,0.994702,0.005298,0.000000,187.754715,9950999871488.000000,0.046227,0.046528,0.006130,0.088534,0.004623,0.001407,0.008743,0.086022,0.009949,0.002110,0.001105,0.003819,0.009647,0.002211,0.025827,0.088634,0.045222,0.026430,0.002211,0.020701,0.002211,0.000603,0.002010,0.016782,0.086323,0.020400,0.003919,0.018390,0.072254,0.012361,0.074565,0.164104,0.037736,0.000000,0.000000,0.150943,0.000000,0.000000,0.000000,0.075472,0.018868,0.000000,0.000000,0.000000,0.018868,0.000000,0.037736,0.037736,0.320755,0.018868,0.000000,0.000000,0.000000,0.000000,0.000000,0.000000,0.207547,0.000000,0.000000,0.000000,0.037736,0.000000,0.018868,0.018868,0.000000,0.000000,0.000000,0.000000,0.000000,0.000000,0.000000,0.000000,0.000000,0.000000,0.000000,0.000000,0.000000,0.000000,0.000000,0.000000,0.000000,0.000000,0.000000,0.000000,0.000000,0.000000,0.000000,0.000000,0.000000,0.000000,0.000000,0.000000,0.000000,0.000000,0.000000,0.000000,0.000000,0.000000,0.000000,0.000000,0.000000,0.000000,0.000000,0.000000,0.000000,0.000000,0.000000,0.000000
/home/ubuntu/all-idb/dataset/leukemia/Im106_1.tif,1,14463.000000,557.043701,0.585720,0.809192,0.855647,0.555628,1.701999,4.631910,0.914795,14467.000000,557.872131,0.584143,0.811640,0.855555,0.552872,1.711867,4.638157,0.914037,0.000000,0.000000,0.000000,0.000000,0.000000,0.000000,0.000000,0.000000,0.000000,0.000000,0.000000,0.000000,0.000000,0.000000,0.000000,0.000000,0.000000,0.000000,0.224365,128.522369,70.211029,115.786789,3.300640,9.424022,9.560040,90.487694,7.547112,0.224426,128.518295,70.216957,115.790863,3.309587,9.429637,9.562417,90.491844,7.550402,0.000000,0.000000,0.000000,0.000000,0.000000,0.000000,0.000000,0.000000,0.000000,0.000000,0.000000,0.000000,0.000000,0.000000,0.000000,0.000000,0.000000,0.000000,128.522369,3.300640,128.522369,3.300640,70.211029,9.424022,70.211029,9.424022,115.786789,9.560040,115.786789,9.560040,90.487694,7.547112,90.487694,7.547112,0.999728,0.000272,0.000000,3676.000000,14703999844352.000000,0.041213,0.034548,0.009725,0.067873,0.004761,0.001292,0.008705,0.075354,0.007889,0.002720,0.001972,0.003808,0.010745,0.002176,0.028360,0.082223,0.041145,0.024891,0.003400,0.019518,0.002924,0.001360,0.002312,0.014622,0.084331,0.022171,0.006121,0.017138,0.075966,0.015710,0.096640,0.188384,0.000000,0.000000,0.000000,0.000000,0.000000,0.000000,0.000000,0.000000,0.000000,0.000000,0.000000,0.000000,0.000000,0.000000,0.000000,0.000000,0.000000,0.000000,0.000000,0.000000,0.000000,0.000000,0.000000,0.000000,0.000000,0.000000,0.000000,0.000000,0.000000,0.000000,0.000000,0.000000,0.000000,0.000000,0.000000,0.000000,0.000000,0.000000,0.000000,0.000000,0.000000,0.000000,0.000000,0.000000,0.000000,0.000000,0.000000,0.000000,0.000000,0.000000,0.000000,0.000000,0.000000,0.000000,0.000000,0.000000,0.000000,0.000000,0.000000,0.000000,0.000000,0.000000,0.000000,0.000000,0.000000,0.000000,0.000000,0.000000,0.000000,0.000000,0.000000,0.000000,0.000000,0.000000,0.000000,0.000000
/home/ubuntu/all-idb/dataset/leukemia/Im107_1.tif,1,7422.500000,332.291412,0.844738,0.487990,0.974337,0.720491,1.145673,3.856950,0.940618,7537.000000,334.190918,0.848045,0.501600,0.976865,0.724503,1.155936,3.849421,0.941826,1.000000,16.828426,0.044373,1.000000,0.250000,0.055556,999001.000000,16.828426,0.969718,0.000000,0.000000,0.000000,0.000000,0.000000,0.000000,0.000000,0.000000,0.000000,0.115433,112.953606,45.453667,78.152412,5.050213,9.844911,9.391079,62.929543,6.973801,0.117172,112.900505,45.954552,78.551506,5.188867,10.681877,10.149010,63.337414,7.736704,0.001740,109.377190,79.192986,105.035088,10.417926,11.521053,19.334965,90.403511,7.808811,0.000000,0.000000,0.000000,0.000000,0.000000,0.000000,0.000000,0.000000,0.000000,3.576416,-5.367712,112.953606,5.050213,-33.739319,-1.676143,45.453667,9.844911,-26.882675,-9.943886,78.152412,9.391079,-27.473969,-0.835010,62.929543,6.973801,0.985154,0.014846,0.000000,66.359650,7564999786496.000000,0.040978,0.032650,0.003833,0.063847,0.004494,0.001322,0.007138,0.088037,0.010972,0.003437,0.002512,0.003305,0.011236,0.001983,0.022868,0.082882,0.039524,0.020357,0.003040,0.019960,0.002247,0.000793,0.002247,0.017713,0.084997,0.017581,0.003966,0.015995,0.107336,0.012954,0.093060,0.176735,0.026316,0.192982,0.000000,0.140351,0.000000,0.000000,0.000000,0.026316,0.000000,0.000000,0.000000,0.000000,0.000000,0.000000,0.008772,0.035088,0.192982,0.043860,0.000000,0.000000,0.000000,0.000000,0.000000,0.000000,0.131579,0.000000,0.000000,0.000000,0.087719,0.000000,0.105263,0.008772,0.000000,0.000000,0.000000,0.000000,0.000000,0.000000,0.000000,0.000000,0.000000,0.000000,0.000000,0.000000,0.000000,0.000000,0.000000,0.000000,0.000000,0.000000,0.000000,0.000000,0.000000,0.000000,0.000000,0.000000,0.000000,0.000000,0.000000,0.000000,0.000000,0.000000,0.000000,0.000000,0.000000,0.000000,0.000000,0.000000,0.000000,0.000000,0.000000,0.000000,0.000000,0.000000,0.000000,0.000000
/home/ubuntu/all-idb/dataset/leukemia/Im108_1.tif,1,14715.500000,470.374664,0.835790,0.563885,0.976055,0.749643,1.210869,3.877541,0.939940,14753.000000,470.960449,0.835836,0.566747,0.975792,0.751554,1.213752,3.877433,0.940438,0.000000,4.000000,0.000000,0.000000,0.000000,0.000000,0.000000,4000000000.000000,1.000000,0.000000,0.000000,0.000000,0.000000,0.000000,0.000000,0.000000,0.000000,0.000000,0.227661,141.626068,81.972054,125.209717,3.819335,10.330469,10.447837,101.701141,8.222102,0.228241,141.595535,82.035698,125.262535,3.867499,10.401882,10.526627,101.750969,8.286823,0.000580,129.605270,107.026314,146.000000,4.023219,7.962038,18.125294,121.315788,10.218933,0.000000,0.000000,0.000000,0.000000,0.000000,0.000000,0.000000,0.000000,0.000000,12.020798,-0.203883,141.626068,3.819335,-25.054260,2.368432,81.972054,10.330469,-20.790283,-7.677457,125.209717,10.447837,-19.614647,-1.996831,101.701141,8.222102,0.997460,0.002540,0.000000,392.631592,14920000208896.000000,0.041220,0.047319,0.007775,0.072051,0.003284,0.001743,0.008512,0.086327,0.008512,0.002681,0.001206,0.004223,0.009718,0.001408,0.025737,0.102011,0.042962,0.026609,0.002145,0.019236,0.001408,0.000670,0.002279,0.013405,0.075469,0.020174,0.004424,0.015147,0.084718,0.013003,0.096247,0.158378,0.000000,0.000000,0.000000,0.000000,0.000000,0.000000,0.000000,0.000000,0.000000,0.000000,0.000000,0.000000,0.000000,0.000000,0.000000,0.000000,0.000000,0.000000,0.000000,0.000000,0.000000,0.000000,0.000000,0.000000,0.000000,0.000000,0.000000,0.000000,0.000000,0.000000,0.000000,0.000000,0.000000,0.000000,0.000000,0.000000,0.000000,0.000000,0.000000,0.000000,0.000000,0.000000,0.000000,0.000000,0.000000,0.000000,0.000000,0.000000,0.000000,0.000000,0.000000,0.000000,0.000000,0.000000,0.000000,0.000000,0.000000,0.000000,0.000000,0.000000,0.000000,0.000000,0.000000,0.000000,0.000000,0.000000,0.000000,0.000000,0.000000,0.000000,0.000000,0.000000,0.000000,0.000000,0.000000,0.000000
/home/ubuntu/all-idb/dataset/leukemia/Im109_1.tif,1,16997.500000,539.286377,0.734440,0.234708,0.964342,0.735727,1.028737,4.136442,0.878455,17060.000000,537.043701,0.743309,0.233991,0.965751,0.738432,1.028554,4.111688,0.883439,8.000000,22.142136,0.205051,0.764281,0.421053,0.177778,1.550668,7.828427,0.885140,0.000000,0.000000,0.000000,0.000000,0.000000,0.000000,0.000000,0.000000,0.000000,0.262894,139.089905,63.020432,99.365143,4.631388,10.526113,11.047504,82.555923,8.759090,0.263840,139.048813,63.116074,99.384361,4.715691,10.638681,11.046318,82.612923,8.807178,0.000946,127.629036,89.693550,104.725807,10.503815,8.145034,9.279130,98.451614,7.780616,0.000000,0.000000,0.000000,0.000000,0.000000,0.000000,0.000000,0.000000,0.000000,11.460869,-5.872427,139.089905,4.631388,-26.673119,2.381079,63.020432,10.526113,-5.360664,1.768374,99.365143,11.047504,-15.895691,0.978474,82.555923,8.759090,0.996414,0.003586,0.000000,277.887085,17229000212480.000000,0.043531,0.045505,0.006094,0.078066,0.003134,0.001335,0.009055,0.091996,0.007429,0.002554,0.001103,0.004179,0.009171,0.002031,0.028673,0.096001,0.045505,0.031633,0.002090,0.019502,0.001567,0.000697,0.001973,0.014975,0.077892,0.020895,0.003192,0.014336,0.075338,0.010622,0.083174,0.166754,0.032258,0.129032,0.016129,0.016129,0.000000,0.000000,0.000000,0.064516,0.000000,0.000000,0.000000,0.000000,0.000000,0.000000,0.000000,0.032258,0.177419,0.064516,0.016129,0.000000,0.000000,0.000000,0.000000,0.000000,0.274194,0.000000,0.000000,0.032258,0.048387,0.016129,0.032258,0.048387,0.000000,0.000000,0.000000,0.000000,0.000000,0.000000,0.000000,0.000000,0.000000,0.000000,0.000000,0.000000,0.000000,0.000000,0.000000,0.000000,0.000000,0.000000,0.000000,0.000000,0.000000,0.000000,0.000000,0.000000,0.000000,0.000000,0.000000,0.000000,0.000000,0.000000,0.000000,0.000000,0.000000,0.000000,0.000000,0.000000,0.000000,0.000000,0.000000,0.000000,0.000000,0.000000,0.000000,0.000000
/home/ubuntu/all-idb/dataset/leukemia/Im110_1.tif,1,15457.000000,491.931030,0.802651,0.440700,0.970125,0.726807,1.114015,3.956777,0.921107,15506.000000,493.931030,0.798688,0.444618,0.970277,0.729111,1.116420,3.966582,0.918747,0.000000,0.000000,0.000000,0.000000,0.000000,0.000000,0.000000,0.000000,0.000000,0.000000,0.000000,0.000000,0.000000,0.000000,0.000000,0.000000,0.000000,0.000000,0.239105,140.228210,72.492279,111.710915,3.688457,12.664390,9.154396,91.935738,8.702691,0.239868,140.195923,72.574493,111.732567,3.757085,12.740632,9.170722,91.986832,8.740346,0.000763,130.080002,98.339996,118.519997,8.461301,10.167812,11.473866,108.000000,5.000000,0.000000,0.000000,0.000000,0.000000,0.000000,0.000000,0.000000,0.000000,0.000000,10.148209,-4.772843,140.228210,3.688457,-25.847717,2.496577,72.492279,12.664390,-6.809082,-2.319470,111.710915,9.154396,-16.064262,3.702691,91.935738,8.702691,0.996819,0.003181,0.000000,313.399994,15670000484352.000000,0.043012,0.047160,0.006382,0.077537,0.003318,0.001978,0.006445,0.079196,0.008232,0.002680,0.001340,0.003893,0.007594,0.001914,0.026675,0.091704,0.049777,0.030121,0.001340,0.018571,0.001468,0.000893,0.001149,0.012380,0.082578,0.019017,0.003765,0.014422,0.092470,0.009955,0.094512,0.158519,0.040000,0.120000,0.000000,0.180000,0.000000,0.000000,0.000000,0.000000,0.000000,0.000000,0.000000,0.000000,0.000000,0.000000,0.020000,0.000000,0.440000,0.060000,0.000000,0.000000,0.000000,0.000000,0.000000,0.000000,0.100000,0.000000,0.000000,0.000000,0.040000,0.000000,0.000000,0.000000,0.000000,0.000000,0.000000,0.000000,0.000000,0.000000,0.000000,0.000000,0.000000,0.000000,0.000000,0.000000,0.000000,0.000000,0.000000,0.000000,0.000000,0.000000,0.000000,0.000000,0.000000,0.000000,0.000000,0.000000,0.000000,0.000000,0.000000,0.000000,0.000000,0.000000,0.000000,0.000000,0.000000,0.000000,0.000000,0.000000,0.000000,0.000000,0.000000,0.000000,0.000000,0.000000,0.000000,0.000000
/home/ubuntu/all-idb/dataset/leukemia/Im111_1.tif,1,12313.500000,483.688385,0.661394,0.646033,0.917207,0.680680,1.310085,4.358880,0.861628,12338.000000,482.274170,0.666602,0.645817,0.918484,0.682034,1.309771,4.341818,0.864465,0.000000,0.000000,0.000000,0.000000,0.000000,0.000000,0.000000,0.000000,0.000000,0.000000,0.000000,0.000000,0.000000,0.000000,0.000000,0.000000,0.000000,0.000000,0.191086,146.962143,70.512421,110.246902,5.063236,16.028963,17.413677,91.106926,13.555885,0.191452,146.944611,70.570732,110.258232,5.100633,16.079096,17.411324,91.142426,13.578791,0.000000,0.000000,0.000000,0.000000,0.000000,0.000000,0.000000,0.000000,0.000000,0.000000,0.000000,0.000000,0.000000,0.000000,0.000000,0.000000,0.000000,0.000000,146.962143,5.063236,146.962143,5.063236,70.512421,16.028963,70.512421,16.028963,110.246902,17.413677,110.246902,17.413677,91.106926,13.555885,91.106926,13.555885,0.998087,0.001913,0.000000,521.791687,12522999513088.000000,0.037531,0.051825,0.005670,0.086481,0.002076,0.001038,0.006628,0.086720,0.005670,0.001198,0.000559,0.002475,0.006468,0.001597,0.027150,0.091192,0.045436,0.027629,0.001837,0.015092,0.001118,0.000399,0.001757,0.011579,0.090953,0.014773,0.003194,0.010461,0.102851,0.010301,0.105725,0.142618,0.000000,0.000000,0.000000,0.000000,0.000000,0.000000,0.000000,0.000000,0.000000,0.000000,0.000000,0.000000,0.000000,0.000000,0.000000,0.000000,0.000000,0.000000,0.000000,0.000000,0.000000,0.000000,0.000000,0.000000,0.000000,0.000000,0.000000,0.000000,0.000000,0.000000,0.000000,0.000000,0.000000,0.000000,0.000000,0.000000,0.000000,0.000000,0.000000,0.000000,0.000000,0.000000,0.000000,0.000000,0.000000,0.000000,0.000000,0.000000,0.000000,0.000000,0.000000,0.000000,0.000000,0.000000,0.000000,0.000000,0.000000,0.000000,0.000000,0.000000,0.000000,0.000000,0.000000,0.000000,0.000000,0.000000,0.000000,0.000000,0.000000,0.000000,0.000000,0.000000,0.000000,0.000000,0.000000,0.000000
/home/ubuntu/all-idb/dataset/leukemia/Im112_1.tif,1,8875.000000,371.504608,0.808071,0.663215,0.970423,0.707397,1.336132,3.943484,0.939153,8895.000000,370.676178,0.813517,0.652324,0.970699,0.708991,1.319365,3.930264,0.942369,0.000000,0.000000,0.000000,0.000000,0.000000,0.000000,0.000000,0.000000,0.000000,0.000000,0.000000,0.000000,0.000000,0.000000,0.000000,0.000000,0.000000,0.000000,0.137848,146.167694,67.316025,112.607819,3.604245,12.011326,11.449718,89.841377,9.340943,0.138153,146.155396,67.386345,112.618843,3.618033,12.092351,11.455544,89.884689,9.379299,0.000000,0.000000,0.000000,0.000000,0.000000,0.000000,0.000000,0.000000,0.000000,0.000000,0.000000,0.000000,0.000000,0.000000,0.000000,0.000000,0.000000,0.000000,146.167694,3.604245,146.167694,3.604245,67.316025,12.011326,67.316025,12.011326,112.607819,11.449718,112.607819,11.449718,89.841377,9.340943,89.841377,9.340943,0.997791,0.002209,0.000000,451.700012,9034000236544.000000,0.033761,0.043724,0.004649,0.088112,0.001882,0.000996,0.006752,0.102723,0.004981,0.002103,0.000886,0.004206,0.007527,0.001328,0.025570,0.110582,0.048926,0.021807,0.001660,0.017379,0.001439,0.001107,0.001328,0.011291,0.097742,0.015497,0.003431,0.010294,0.084237,0.011401,0.084016,0.148661,0.000000,0.000000,0.000000,0.000000,0.000000,0.000000,0.000000,0.000000,0.000000,0.000000,0.000000,0.000000,0.000000,0.000000,0.000000,0.000000,0.000000,0.000000,0.000000,0.000000,0.000000,0.000000,0.000000,0.000000,0.000000,0.000000,0.000000,0.000000,0.000000,0.000000,0.000000,0.000000,0.000000,0.000000,0.000000,0.000000,0.000000,0.000000,0.000000,0.000000,0.000000,0.000000,0.000000,0.000000,0.000000,0.000000,0.000000,0.000000,0.000000,0.000000,0.000000,0.000000,0.000000,0.000000,0.000000,0.000000,0.000000,0.000000,0.000000,0.000000,0.000000,0.000000,0.000000,0.000000,0.000000,0.000000,0.000000,0.000000,0.000000,0.000000,0.000000,0.000000,0.000000,0.000000,0.000000,0.000000
/home/ubuntu/all-idb/dataset/leukemia/Im113_1.tif,1,7534.000000,350.190918,0.772015,0.634363,0.960357,0.672078,1.293601,4.034522,0.934947,7584.000000,349.362488,0.780829,0.643340,0.962131,0.676539,1.306199,4.011688,0.939201,0.000000,4.000000,0.000000,0.000000,0.000000,0.000000,0.000000,4000000000.000000,1.000000,0.000000,0.000000,0.000000,0.000000,0.000000,0.000000,0.000000,0.000000,0.000000,0.117249,139.555954,55.951977,96.231522,4.382673,10.671185,12.203789,77.522385,8.961433,0.118011,139.517075,56.189682,96.420219,4.435546,11.048045,12.516553,77.713860,9.281017,0.000763,133.539993,92.720001,125.419998,7.440995,6.066432,22.324955,107.139999,10.514771,0.000000,0.000000,0.000000,0.000000,0.000000,0.000000,0.000000,0.000000,0.000000,6.015961,-3.058321,139.555954,4.382673,-36.768024,4.604753,55.951977,10.671185,-29.188477,-10.121166,96.231522,12.203789,-29.617615,-1.553337,77.522385,8.961433,0.993535,0.006465,0.000000,153.679993,7684000055296.000000,0.045549,0.047111,0.006507,0.086543,0.003774,0.001432,0.006117,0.070016,0.008329,0.002343,0.000781,0.004295,0.009110,0.001562,0.023425,0.076262,0.044508,0.030973,0.002863,0.020692,0.001952,0.000390,0.002343,0.014576,0.081468,0.022124,0.004945,0.016788,0.083030,0.013665,0.111530,0.154997,0.020000,0.100000,0.000000,0.400000,0.000000,0.000000,0.000000,0.080000,0.000000,0.000000,0.000000,0.000000,0.000000,0.000000,0.000000,0.040000,0.140000,0.060000,0.000000,0.000000,0.000000,0.000000,0.000000,0.000000,0.040000,0.000000,0.000000,0.000000,0.100000,0.000000,0.000000,0.020000,0.000000,0.000000,0.000000,0.000000,0.000000,0.000000,0.000000,0.000000,0.000000,0.000000,0.000000,0.000000,0.000000,0.000000,0.000000,0.000000,0.000000,0.000000,0.000000,0.000000,0.000000,0.000000,0.000000,0.000000,0.000000,0.000000,0.000000,0.000000,0.000000,0.000000,0.000000,0.000000,0.000000,0.000000,0.000000,0.000000,0.000000,0.000000,0.000000,0.000000,0.000000,0.000000,0.000000,0.000000
/home/ubuntu/all-idb/dataset/leukemia/Im114_1.tif,1,8515.500000,425.722870,0.590427,0.728202,0.936593,0.701673,1.459082,4.613409,0.926278,8515.500000,425.722870,0.590427,0.728202,0.936593,0.701673,1.459082,4.613409,0.926278,0.000000,0.000000,0.000000,0.000000,0.000000,0.000000,0.000000,0.000000,0.000000,0.000000,0.000000,0.000000,0.000000,0.000000,0.000000,0.000000,0.000000,0.000000,0.132950,123.376335,138.222763,157.764374,8.351518,8.497288,3.768481,142.357391,6.803088,0.132950,123.376335,138.222763,157.764374,8.351518,8.497288,3.768481,142.357391,6.803088,0.000000,0.000000,0.000000,0.000000,0.000000,0.000000,0.000000,0.000000,0.000000,0.000000,0.000000,0.000000,0.000000,0.000000,0.000000,0.000000,0.000000,0.000000,123.376335,8.351518,123.376335,8.351518,138.222763,8.497288,138.222763,8.497288,157.764374,3.768481,157.764374,3.768481,142.357391,6.803088,142.357391,6.803088,1.000000,0.000000,0.000000,8713000189952.000000,8713000189952.000000,0.056868,0.031724,0.014804,0.051345,0.009635,0.004230,0.016332,0.058982,0.012337,0.005640,0.003055,0.007050,0.013277,0.006932,0.025144,0.074257,0.032194,0.015627,0.005170,0.022324,0.004112,0.003525,0.004465,0.027846,0.061450,0.022677,0.008695,0.025261,0.051933,0.026906,0.065327,0.230878,0.000000,0.000000,0.000000,0.000000,0.000000,0.000000,0.000000,0.000000,0.000000,0.000000,0.000000,0.000000,0.000000,0.000000,0.000000,0.000000,0.000000,0.000000,0.000000,0.000000,0.000000,0.000000,0.000000,0.000000,0.000000,0.000000,0.000000,0.000000,0.000000,0.000000,0.000000,0.000000,0.000000,0.000000,0.000000,0.000000,0.000000,0.000000,0.000000,0.000000,0.000000,0.000000,0.000000,0.000000,0.000000,0.000000,0.000000,0.000000,0.000000,0.000000,0.000000,0.000000,0.000000,0.000000,0.000000,0.000000,0.000000,0.000000,0.000000,0.000000,0.000000,0.000000,0.000000,0.000000,0.000000,0.000000,0.000000,0.000000,0.000000,0.000000,0.000000,0.000000,0.000000,0.000000,0.000000,0.000000
/home/ubuntu/all-idb/dataset/leukemia/Im115_1.tif,1,11716.000000,467.102600,0.674784,0.249559,0.917355,0.715132,1.032674,4.315415,0.871552,11733.500000,463.688385,0.685780,0.244809,0.918725,0.716200,1.031384,4.280677,0.877969,0.000000,0.000000,0.000000,0.000000,0.000000,0.000000,0.000000,0.000000,0.000000,0.000000,0.000000,0.000000,0.000000,0.000000,0.000000,0.000000,0.000000,0.000000,0.181839,133.803055,70.768311,115.185951,3.079719,9.734821,8.365376,91.234787,6.908220,0.182083,133.806747,70.819077,115.200623,3.080805,9.829078,8.372736,91.269257,6.969988,0.000000,0.000000,0.000000,0.000000,0.000000,0.000000,0.000000,0.000000,0.000000,0.000000,0.000000,0.000000,0.000000,0.000000,0.000000,0.000000,0.000000,0.000000,133.803055,3.079719,133.803055,3.079719,70.768311,9.734821,70.768311,9.734821,115.185951,8.365376,115.185951,8.365376,91.234787,6.908220,91.234787,6.908220,0.998659,0.001341,0.000000,744.812500,11917000179712.000000,0.040279,0.042376,0.006629,0.087606,0.002685,0.001427,0.007217,0.092137,0.005622,0.002517,0.001091,0.004615,0.007636,0.002014,0.023748,0.085592,0.042628,0.027188,0.002350,0.019720,0.001343,0.001091,0.001510,0.014853,0.072669,0.020727,0.004112,0.015944,0.087102,0.013762,0.097340,0.164471,0.000000,0.000000,0.000000,0.000000,0.000000,0.000000,0.000000,0.000000,0.000000,0.000000,0.000000,0.000000,0.000000,0.000000,0.000000,0.000000,0.000000,0.000000,0.000000,0.000000,0.000000,0.000000,0.000000,0.000000,0.000000,0.000000,0.000000,0.000000,0.000000,0.000000,0.000000,0.000000,0.000000,0.000000,0.000000,0.000000,0.000000,0.000000,0.000000,0.000000,0.000000,0.000000,0.000000,0.000000,0.000000,0.000000,0.000000,0.000000,0.000000,0.000000,0.000000,0.000000,0.000000,0.000000,0.000000,0.000000,0.000000,0.000000,0.000000,0.000000,0.000000,0.000000,0.000000,0.000000,0.000000,0.000000,0.000000,0.000000,0.000000,0.000000,0.000000,0.000000,0.000000,0.000000,0.000000,0.000000
/home/ubuntu/all-idb/dataset/leukemia/Im116_1.tif,1,61103.500000,990.124878,0.783242,0.643170,0.981787,0.932365,1.305954,4.005502,0.986266,61103.500000,990.124878,0.783242,0.643170,0.981787,0.932365,1.305954,4.005502,0.986266,0.000000,0.000000,0.000000,0.000000,0.000000,0.000000,0.000000,0.000000,0.000000,0.000000,0.000000,0.000000,0.000000,0.000000,0.000000,0.000000,0.000000,0.000000,0.939774,125.144608,123.852150,144.854614,12.079305,33.723614,25.338728,130.268921,27.089468,0.939774,125.144608,123.852150,144.854614,12.079305,33.723614,25.338728,130.268921,27.089468,0.000000,0.000000,0.000000,0.000000,0.000000,0.000000,0.000000,0.000000,0.000000,0.000000,0.000000,0.000000,0.000000,0.000000,0.000000,0.000000,0.000000,0.000000,125.144608,12.079305,125.144608,12.079305,123.852150,33.723614,123.852150,33.723614,144.854614,25.338728,144.854614,25.338728,130.268921,27.089468,130.268921,27.089468,1.000000,0.000000,0.000000,61589000552448.000000,61589000552448.000000,0.057034,0.038819,0.011759,0.067855,0.006489,0.002569,0.012204,0.072384,0.013917,0.004463,0.002388,0.006193,0.012599,0.004019,0.022415,0.075151,0.043990,0.023617,0.003837,0.021954,0.002685,0.001976,0.003936,0.021130,0.069551,0.021888,0.006720,0.023420,0.061728,0.018397,0.071264,0.193649,0.000000,0.000000,0.000000,0.000000,0.000000,0.000000,0.000000,0.000000,0.000000,0.000000,0.000000,0.000000,0.000000,0.000000,0.000000,0.000000,0.000000,0.000000,0.000000,0.000000,0.000000,0.000000,0.000000,0.000000,0.000000,0.000000,0.000000,0.000000,0.000000,0.000000,0.000000,0.000000,0.000000,0.000000,0.000000,0.000000,0.000000,0.000000,0.000000,0.000000,0.000000,0.000000,0.000000,0.000000,0.000000,0.000000,0.000000,0.000000,0.000000,0.000000,0.000000,0.000000,0.000000,0.000000,0.000000,0.000000,0.000000,0.000000,0.000000,0.000000,0.000000,0.000000,0.000000,0.000000,0.000000,0.000000,0.000000,0.000000,0.000000,0.000000,0.000000,0.000000,0.000000,0.000000,0.000000,0.000000
/home/ubuntu/all-idb/dataset/leukemia/Im117_1.tif,1,13602.000000,445.445740,0.861436,0.470861,0.981102,0.746706,1.133520,3.819385,0.947957,13635.500000,446.859955,0.858100,0.472679,0.980689,0.743160,1.134771,3.826801,0.946395,0.000000,2.000000,0.000000,0.000000,0.000000,0.000000,0.000000,2000000000.000000,1.000000,0.000000,0.000000,0.000000,0.000000,0.000000,0.000000,0.000000,0.000000,0.000000,0.210464,126.052490,59.026970,99.909302,3.489563,9.264544,10.541620,78.887695,6.978393,0.210983,126.029579,59.106457,100.006004,3.534239,9.393226,10.720552,78.960442,7.127949,0.000519,116.735291,91.352943,139.235291,7.293465,4.451585,10.751358,108.470589,5.801802,0.000000,0.000000,0.000000,0.000000,0.000000,0.000000,0.000000,0.000000,0.000000,9.317200,-3.803903,126.052490,3.489563,-32.325974,4.812960,59.026970,9.264544,-39.325989,-0.209738,99.909302,10.541620,-29.582893,1.176591,78.887695,6.978393,0.997541,0.002459,0.000000,405.676483,13793000161280.000000,0.042775,0.034873,0.006670,0.070036,0.003335,0.001668,0.008918,0.075981,0.010005,0.002393,0.001885,0.004568,0.010513,0.002828,0.027115,0.090626,0.052345,0.025883,0.002393,0.020010,0.002103,0.000653,0.003335,0.017400,0.090191,0.020735,0.004930,0.019358,0.074603,0.015153,0.080838,0.175886,0.000000,0.000000,0.000000,0.000000,0.000000,0.000000,0.000000,0.000000,0.000000,0.000000,0.000000,0.000000,0.000000,0.000000,0.000000,0.000000,0.000000,0.000000,0.000000,0.000000,0.000000,0.000000,0.000000,0.000000,0.000000,0.000000,0.000000,0.000000,0.000000,0.000000,0.000000,0.000000,0.000000,0.000000,0.000000,0.000000,0.000000,0.000000,0.000000,0.000000,0.000000,0.000000,0.000000,0.000000,0.000000,0.000000,0.000000,0.000000,0.000000,0.000000,0.000000,0.000000,0.000000,0.000000,0.000000,0.000000,0.000000,0.000000,0.000000,0.000000,0.000000,0.000000,0.000000,0.000000,0.000000,0.000000,0.000000,0.000000,0.000000,0.000000,0.000000,0.000000,0.000000,0.000000,0.000000,0.000000
/home/ubuntu/all-idb/dataset/leukemia/Im118_1.tif,1,65025.000000,1020.000000,0.785398,0.000000,1.000000,0.992203,0.000000,4.000000,1.000000,65025.000000,1020.000000,0.785398,0.000000,1.000000,0.992203,0.000000,4.000000,1.000000,0.000000,0.000000,0.000000,0.000000,0.000000,0.000000,0.000000,0.000000,0.000000,0.000000,0.000000,0.000000,0.000000,0.000000,0.000000,0.000000,0.000000,0.000000,1.000000,131.848053,125.825043,142.330826,10.119066,42.883007,32.687939,131.443298,35.098999,1.000000,131.848053,125.825043,142.330826,10.119066,42.883007,32.687939,131.443298,35.098999,0.000000,0.000000,0.000000,0.000000,0.000000,0.000000,0.000000,0.000000,0.000000,0.000000,0.000000,0.000000,0.000000,0.000000,0.000000,0.000000,0.000000,0.000000,131.848053,10.119066,131.848053,10.119066,125.825043,42.883007,125.825043,42.883007,142.330826,32.687939,142.330826,32.687939,131.443298,35.098999,131.443298,35.098999,1.000000,0.000000,0.000000,65536000000000.000000,65536000000000.000000,0.059877,0.032519,0.013640,0.060822,0.007378,0.003782,0.012850,0.066666,0.015113,0.004712,0.002992,0.006975,0.012881,0.004418,0.024025,0.074431,0.035294,0.021452,0.004836,0.022568,0.002883,0.001922,0.004480,0.023591,0.060218,0.023684,0.006216,0.026335,0.062357,0.021452,0.067503,0.212133,0.000000,0.000000,0.000000,0.000000,0.000000,0.000000,0.000000,0.000000,0.000000,0.000000,0.000000,0.000000,0.000000,0.000000,0.000000,0.000000,0.000000,0.000000,0.000000,0.000000,0.000000,0.000000,0.000000,0.000000,0.000000,0.000000,0.000000,0.000000,0.000000,0.000000,0.000000,0.000000,0.000000,0.000000,0.000000,0.000000,0.000000,0.000000,0.000000,0.000000,0.000000,0.000000,0.000000,0.000000,0.000000,0.000000,0.000000,0.000000,0.000000,0.000000,0.000000,0.000000,0.000000,0.000000,0.000000,0.000000,0.000000,0.000000,0.000000,0.000000,0.000000,0.000000,0.000000,0.000000,0.000000,0.000000,0.000000,0.000000,0.000000,0.000000,0.000000,0.000000,0.000000,0.000000,0.000000,0.000000
/home/ubuntu/all-idb/dataset/leukemia/Im119_1.tif,1,12067.000000,445.445740,0.764222,0.413471,0.942513,0.725311,1.098277,4.055040,0.910484,12081.500000,444.859955,0.767157,0.393560,0.943204,0.726183,1.087786,4.047276,0.912113,0.000000,0.000000,0.000000,0.000000,0.000000,0.000000,0.000000,0.000000,0.000000,0.000000,0.000000,0.000000,0.000000,0.000000,0.000000,0.000000,0.000000,0.000000,0.187302,140.587051,70.043015,114.448143,4.173427,13.081470,14.454304,91.362526,11.416681,0.187515,140.577179,70.071526,114.449425,4.184210,13.101692,14.451270,91.378548,11.421446,0.000000,0.000000,0.000000,0.000000,0.000000,0.000000,0.000000,0.000000,0.000000,0.000000,0.000000,0.000000,0.000000,0.000000,0.000000,0.000000,0.000000,0.000000,140.587051,4.173427,140.587051,4.173427,70.043015,13.081470,70.043015,13.081470,114.448143,14.454304,114.448143,14.454304,91.362526,11.416681,91.362526,11.416681,0.998861,0.001139,0.000000,876.785706,12274999754752.000000,0.048961,0.051731,0.007739,0.085947,0.004073,0.001059,0.007739,0.069572,0.007984,0.002200,0.001059,0.003177,0.007902,0.002363,0.018737,0.070305,0.055153,0.032342,0.002933,0.025010,0.001711,0.000733,0.002037,0.014664,0.100448,0.026069,0.004318,0.019552,0.082851,0.013116,0.078859,0.149654,0.000000,0.000000,0.000000,0.000000,0.000000,0.000000,0.000000,0.000000,0.000000,0.000000,0.000000,0.000000,0.000000,0.000000,0.000000,0.000000,0.000000,0.000000,0.000000,0.000000,0.000000,0.000000,0.000000,0.000000,0.000000,0.000000,0.000000,0.000000,0.000000,0.000000,0.000000,0.000000,0.000000,0.000000,0.000000,0.000000,0.000000,0.000000,0.000000,0.000000,0.000000,0.000000,0.000000,0.000000,0.000000,0.000000,0.000000,0.000000,0.000000,0.000000,0.000000,0.000000,0.000000,0.000000,0.000000,0.000000,0.000000,0.000000,0.000000,0.000000,0.000000,0.000000,0.000000,0.000000,0.000000,0.000000,0.000000,0.000000,0.000000,0.000000,0.000000,0.000000,0.000000,0.000000,0.000000,0.000000
/home/ubuntu/all-idb/dataset/leukemia/Im120_1.tif,1,18367.000000,540.984863,0.788638,0.521791,0.972597,0.714781,1.172232,3.991774,0.920513,24405.500000,778.624451,0.505873,0.743829,0.843766,0.614068,1.496176,4.984071,0.833015,635.000000,227.338089,0.154397,0.850619,0.394043,0.171807,1.901927,9.021637,0.908691,1027.500000,202.468033,0.314977,0.985241,0.772266,0.412319,5.842000,6.316341,0.941018,0.283737,142.077438,64.919655,112.303200,5.130334,13.876675,14.690019,87.885452,12.348750,0.377548,141.098862,66.936104,113.850220,7.790398,15.241745,16.488329,89.421211,13.314567,0.012695,114.735580,97.042068,137.449524,11.834385,14.137526,24.579979,111.143028,14.476521,0.017090,134.480362,62.609821,103.408928,11.670076,20.823462,24.403175,82.997322,17.878384,27.341858,-6.704051,7.597076,-6.539742,-32.122414,-0.260851,2.309834,-6.946787,-25.146324,-9.889960,8.894272,-9.713157,-23.257576,-2.127771,4.888130,-5.529634,0.751526,0.033626,0.045265,22.349760,16.602678,0.040172,0.041624,0.006937,0.075020,0.004087,0.001775,0.009572,0.075934,0.008228,0.002689,0.001022,0.004894,0.010003,0.002635,0.033235,0.099866,0.032428,0.020005,0.002205,0.018177,0.001990,0.000592,0.002581,0.014950,0.070395,0.015327,0.003764,0.017048,0.084216,0.014789,0.099274,0.184566,0.061298,0.152644,0.012019,0.106971,0.004808,0.001202,0.004808,0.032452,0.006010,0.001202,0.000000,0.000000,0.004808,0.000000,0.025240,0.019231,0.043269,0.019231,0.008413,0.025240,0.001202,0.000000,0.001202,0.004808,0.033654,0.009615,0.008413,0.015625,0.032452,0.004808,0.250000,0.109375,0.059821,0.090179,0.005357,0.142857,0.003571,0.002679,0.003571,0.058036,0.001786,0.002679,0.002679,0.008036,0.001786,0.000893,0.019643,0.050893,0.034821,0.044643,0.001786,0.034821,0.000000,0.000000,0.000893,0.011607,0.041071,0.021429,0.000893,0.016071,0.059821,0.012500,0.129464,0.135714,0.000000,0.000000,0.000000,0.000000,0.000000,0.000000,0.000000,0.000000,0.000000,0.000000,0.000000,0.000000
/home/ubuntu/all-idb/dataset/leukemia/Im121_1.tif,1,14123.500000,461.688385,0.832634,0.707462,0.983599,0.736059,1.414925,3.884881,0.946553,14139.500000,461.688385,0.833578,0.708267,0.983583,0.736893,1.416541,3.882683,0.946849,0.000000,0.000000,0.000000,0.000000,0.000000,0.000000,0.000000,0.000000,0.000000,0.000000,0.000000,0.000000,0.000000,0.000000,0.000000,0.000000,0.000000,0.000000,0.218536,142.204163,73.620651,113.264557,4.021509,16.833450,14.849448,93.290115,12.722424,0.218781,142.190750,73.647369,113.260635,4.043815,16.843613,14.848125,93.303040,12.722727,0.000000,0.000000,0.000000,0.000000,0.000000,0.000000,0.000000,0.000000,0.000000,0.000000,0.000000,0.000000,0.000000,0.000000,0.000000,0.000000,0.000000,0.000000,142.204163,4.021509,142.204163,4.021509,73.620651,16.833450,73.620651,16.833450,113.264557,14.849448,113.264557,14.849448,93.290115,12.722424,93.290115,12.722424,0.998884,0.001116,0.000000,895.125000,14322000461824.000000,0.037006,0.038542,0.005307,0.075688,0.003002,0.001327,0.009286,0.087069,0.007820,0.002514,0.001396,0.004259,0.009985,0.002444,0.029046,0.094680,0.032747,0.017316,0.002165,0.016967,0.002165,0.000559,0.002304,0.016688,0.081483,0.017875,0.004399,0.015152,0.087697,0.013057,0.102430,0.177629,0.000000,0.000000,0.000000,0.000000,0.000000,0.000000,0.000000,0.000000,0.000000,0.000000,0.000000,0.000000,0.000000,0.000000,0.000000,0.000000,0.000000,0.000000,0.000000,0.000000,0.000000,0.000000,0.000000,0.000000,0.000000,0.000000,0.000000,0.000000,0.000000,0.000000,0.000000,0.000000,0.000000,0.000000,0.000000,0.000000,0.000000,0.000000,0.000000,0.000000,0.000000,0.000000,0.000000,0.000000,0.000000,0.000000,0.000000,0.000000,0.000000,0.000000,0.000000,0.000000,0.000000,0.000000,0.000000,0.000000,0.000000,0.000000,0.000000,0.000000,0.000000,0.000000,0.000000,0.000000,0.000000,0.000000,0.000000,0.000000,0.000000,0.000000,0.000000,0.000000,0.000000,0.000000,0.000000,0.000000
/home/ubuntu/all-idb/dataset/leukemia/Im122_1.tif,1,15170.000000,473.788879,0.849231,0.416486,0.982449,0.768568,1.099938,3.846733,0.933973,15182.500000,474.374664,0.847833,0.419277,0.982559,0.769202,1.101494,3.849904,0.933230,0.000000,0.000000,0.000000,0.000000,0.000000,0.000000,0.000000,0.000000,0.000000,0.000000,0.000000,0.000000,0.000000,0.000000,0.000000,0.000000,0.000000,0.000000,0.234619,131.574860,70.265610,110.370445,3.601092,10.631893,11.304530,89.247856,8.534211,0.234818,131.571060,70.288063,110.398918,3.604186,10.656762,11.346927,89.269218,8.564652,0.000000,0.000000,0.000000,0.000000,0.000000,0.000000,0.000000,0.000000,0.000000,0.000000,0.000000,0.000000,0.000000,0.000000,0.000000,0.000000,0.000000,0.000000,131.574860,3.601092,131.574860,3.601092,70.265610,10.631893,70.265610,10.631893,110.370445,11.304530,110.370445,11.304530,89.247856,8.534211,89.247856,8.534211,0.999155,0.000845,0.000000,1182.769287,15375999696896.000000,0.038502,0.044290,0.007024,0.082661,0.003512,0.001431,0.008065,0.084677,0.006764,0.001756,0.001106,0.004683,0.008195,0.001691,0.024844,0.089685,0.038762,0.023218,0.002732,0.018796,0.001626,0.000976,0.001756,0.014373,0.087669,0.020747,0.004357,0.013658,0.082271,0.011511,0.096839,0.171826,0.000000,0.000000,0.000000,0.000000,0.000000,0.000000,0.000000,0.000000,0.000000,0.000000,0.000000,0.000000,0.000000,0.000000,0.000000,0.000000,0.000000,0.000000,0.000000,0.000000,0.000000,0.000000,0.000000,0.000000,0.000000,0.000000,0.000000,0.000000,0.000000,0.000000,0.000000,0.000000,0.000000,0.000000,0.000000,0.000000,0.000000,0.000000,0.000000,0.000000,0.000000,0.000000,0.000000,0.000000,0.000000,0.000000,0.000000,0.000000,0.000000,0.000000,0.000000,0.000000,0.000000,0.000000,0.000000,0.000000,0.000000,0.000000,0.000000,0.000000,0.000000,0.000000,0.000000,0.000000,0.000000,0.000000,0.000000,0.000000,0.000000,0.000000,0.000000,0.000000,0.000000,0.000000,0.000000,0.000000
/home/ubuntu/all-idb/dataset/leukemia/Im123_1.tif,1,16364.500000,551.972656,0.674959,0.585000,0.939004,0.768286,1.232995,4.314855,0.878510,16484.500000,531.830505,0.732385,0.551885,0.944319,0.773920,1.199155,4.142241,0.912349,61.000000,43.455845,0.405923,0.902691,0.739394,0.358824,2.324014,5.563951,0.910471,0.000000,0.000000,0.000000,0.000000,0.000000,0.000000,0.000000,0.000000,0.000000,0.253357,141.555832,79.934532,120.462837,3.136339,10.796601,12.063771,99.078659,8.566099,0.255066,141.546417,80.115936,120.558449,3.153174,10.996538,12.096193,99.212433,8.703274,0.001709,140.151779,107.008926,134.732147,4.866448,6.227095,7.758615,119.044640,5.565179,0.000000,0.000000,0.000000,0.000000,0.000000,0.000000,0.000000,0.000000,0.000000,1.404053,-1.730110,141.555832,3.136339,-27.074394,4.569507,79.934532,10.796601,-14.269310,4.305156,120.462837,12.063771,-19.965981,3.000920,99.078659,8.566099,0.993300,0.006700,0.000000,148.250000,16603999633408.000000,0.038726,0.039629,0.005902,0.078776,0.003072,0.001566,0.008492,0.086365,0.005722,0.001867,0.001084,0.003192,0.008070,0.001867,0.027042,0.098470,0.047037,0.024813,0.002530,0.015960,0.001205,0.001024,0.002108,0.014876,0.086003,0.018429,0.004336,0.014274,0.090460,0.011443,0.096182,0.159480,0.035714,0.133929,0.008929,0.125000,0.017857,0.000000,0.000000,0.071429,0.008929,0.008929,0.000000,0.000000,0.000000,0.000000,0.026786,0.035714,0.062500,0.017857,0.000000,0.000000,0.000000,0.000000,0.000000,0.008929,0.151786,0.008929,0.017857,0.000000,0.125000,0.000000,0.080357,0.053571,0.000000,0.000000,0.000000,0.000000,0.000000,0.000000,0.000000,0.000000,0.000000,0.000000,0.000000,0.000000,0.000000,0.000000,0.000000,0.000000,0.000000,0.000000,0.000000,0.000000,0.000000,0.000000,0.000000,0.000000,0.000000,0.000000,0.000000,0.000000,0.000000,0.000000,0.000000,0.000000,0.000000,0.000000,0.000000,0.000000,0.000000,0.000000,0.000000,0.000000,0.000000,0.000000,0.000000,0.000000
/home/ubuntu/all-idb/dataset/leukemia/Im124_1.tif,1,12048.500000,427.889404,0.826951,0.590043,0.977249,0.735427,1.238587,3.898208,0.941265,12134.000000,431.303589,0.819686,0.592715,0.976815,0.734859,1.241601,3.915445,0.936196,0.000000,14.000000,0.000000,0.000000,0.000000,0.000000,0.000000,14000000000.000000,1.000000,0.000000,0.000000,0.000000,0.000000,0.000000,0.000000,0.000000,0.000000,0.000000,0.186661,132.033020,62.981361,101.495544,3.734010,12.754688,10.254276,82.363686,8.718731,0.187988,131.998047,63.204304,101.669235,3.772077,13.001458,10.563657,82.542450,8.960030,0.001328,127.080460,94.551727,126.091957,5.481879,8.548387,20.408266,107.678162,6.618494,0.000000,0.000000,0.000000,0.000000,0.000000,0.000000,0.000000,0.000000,0.000000,4.952560,-1.747869,132.033020,3.734010,-31.570366,4.206302,62.981361,12.754688,-24.596413,-10.153990,101.495544,10.254276,-25.314476,2.100237,82.363686,8.718731,0.992938,0.007062,0.000000,140.609192,12233000091648.000000,0.041609,0.037603,0.005967,0.071855,0.003679,0.001880,0.007112,0.083626,0.008175,0.003433,0.001717,0.004905,0.009319,0.002452,0.024115,0.094253,0.049048,0.025832,0.002207,0.018475,0.001880,0.000654,0.001962,0.015940,0.085506,0.021172,0.003433,0.015614,0.085343,0.012344,0.089594,0.169296,0.000000,0.218391,0.000000,0.149425,0.000000,0.000000,0.000000,0.195402,0.000000,0.000000,0.000000,0.000000,0.000000,0.000000,0.000000,0.206897,0.045977,0.011494,0.000000,0.000000,0.000000,0.000000,0.000000,0.000000,0.091954,0.000000,0.000000,0.000000,0.080460,0.000000,0.000000,0.000000,0.000000,0.000000,0.000000,0.000000,0.000000,0.000000,0.000000,0.000000,0.000000,0.000000,0.000000,0.000000,0.000000,0.000000,0.000000,0.000000,0.000000,0.000000,0.000000,0.000000,0.000000,0.000000,0.000000,0.000000,0.000000,0.000000,0.000000,0.000000,0.000000,0.000000,0.000000,0.000000,0.000000,0.000000,0.000000,0.000000,0.000000,0.000000,0.000000,0.000000,0.000000,0.000000,0.000000,0.000000
/home/ubuntu/all-idb/dataset/leukemia/Im125_1.tif,1,15683.000000,653.362488,0.461669,0.563137,0.833670,0.728493,1.210121,5.217226,0.907806,15683.000000,653.362488,0.461669,0.563137,0.833670,0.728493,1.210121,5.217226,0.907806,0.000000,0.000000,0.000000,0.000000,0.000000,0.000000,0.000000,0.000000,0.000000,0.000000,0.000000,0.000000,0.000000,0.000000,0.000000,0.000000,0.000000,0.000000,0.243912,129.479507,137.818268,160.612259,11.301314,13.282751,8.505292,143.680206,11.015129,0.243912,129.479507,137.818268,160.612259,11.301314,13.282751,8.505292,143.680206,11.015129,0.000000,0.000000,0.000000,0.000000,0.000000,0.000000,0.000000,0.000000,0.000000,0.000000,0.000000,0.000000,0.000000,0.000000,0.000000,0.000000,0.000000,0.000000,129.479507,11.301314,129.479507,11.301314,137.818268,13.282751,137.818268,13.282751,160.612259,8.505292,160.612259,8.505292,143.680206,11.015129,143.680206,11.015129,1.000000,0.000000,0.000000,15985000054784.000000,15985000054784.000000,0.050443,0.028597,0.014203,0.045156,0.007070,0.003185,0.014012,0.056939,0.011974,0.003121,0.002675,0.005859,0.012547,0.004140,0.027323,0.082224,0.036240,0.014967,0.006751,0.019489,0.003694,0.001720,0.003312,0.018534,0.059678,0.020572,0.007197,0.022419,0.083753,0.026113,0.101140,0.204955,0.000000,0.000000,0.000000,0.000000,0.000000,0.000000,0.000000,0.000000,0.000000,0.000000,0.000000,0.000000,0.000000,0.000000,0.000000,0.000000,0.000000,0.000000,0.000000,0.000000,0.000000,0.000000,0.000000,0.000000,0.000000,0.000000,0.000000,0.000000,0.000000,0.000000,0.000000,0.000000,0.000000,0.000000,0.000000,0.000000,0.000000,0.000000,0.000000,0.000000,0.000000,0.000000,0.000000,0.000000,0.000000,0.000000,0.000000,0.000000,0.000000,0.000000,0.000000,0.000000,0.000000,0.000000,0.000000,0.000000,0.000000,0.000000,0.000000,0.000000,0.000000,0.000000,0.000000,0.000000,0.000000,0.000000,0.000000,0.000000,0.000000,0.000000,0.000000,0.000000,0.000000,0.000000,0.000000,0.000000
/home/ubuntu/all-idb/dataset/leukemia/Im126_1.tif,1,9723.500000,384.374664,0.827033,0.593747,0.975423,0.734958,1.242773,3.898015,0.941768,9764.500000,383.546234,0.834112,0.600930,0.977281,0.738057,1.251092,3.881439,0.944991,0.000000,0.000000,0.000000,0.000000,0.000000,0.000000,0.000000,0.000000,0.000000,0.000000,0.000000,0.000000,0.000000,0.000000,0.000000,0.000000,0.000000,0.000000,0.150833,143.401413,64.892967,108.692764,4.720677,12.031491,11.768059,86.938492,9.849554,0.151459,143.366013,65.027908,108.775742,4.771014,12.194877,11.845659,87.038689,9.960021,0.000626,134.829269,97.560974,128.780487,8.048337,6.343996,13.426425,111.195122,6.390616,0.000000,0.000000,0.000000,0.000000,0.000000,0.000000,0.000000,0.000000,0.000000,8.572144,-3.327660,143.401413,4.720677,-32.668007,5.687495,64.892967,12.031491,-20.087723,-1.658366,108.692764,11.768059,-24.256630,3.458938,86.938492,9.849554,0.995869,0.004131,0.000000,241.097565,9885000400896.000000,0.038948,0.042084,0.005463,0.067172,0.003440,0.001416,0.008801,0.071826,0.008093,0.001922,0.001517,0.003136,0.010116,0.001315,0.030147,0.094689,0.044512,0.029135,0.002428,0.016894,0.001720,0.001517,0.002731,0.014365,0.083966,0.016388,0.004148,0.015883,0.088720,0.012848,0.106525,0.168134,0.000000,0.000000,0.000000,0.000000,0.000000,0.000000,0.000000,0.000000,0.000000,0.000000,0.000000,0.000000,0.000000,0.000000,0.000000,0.000000,0.000000,0.000000,0.000000,0.000000,0.000000,0.000000,0.000000,0.000000,0.000000,0.000000,0.000000,0.000000,0.000000,0.000000,0.000000,0.000000,0.000000,0.000000,0.000000,0.000000,0.000000,0.000000,0.000000,0.000000,0.000000,0.000000,0.000000,0.000000,0.000000,0.000000,0.000000,0.000000,0.000000,0.000000,0.000000,0.000000,0.000000,0.000000,0.000000,0.000000,0.000000,0.000000,0.000000,0.000000,0.000000,0.000000,0.000000,0.000000,0.000000,0.000000,0.000000,0.000000,0.000000,0.000000,0.000000,0.000000,0.000000,0.000000,0.000000,0.000000
/home/ubuntu/all-idb/dataset/leukemia/Im127_1.tif,1,10775.500000,445.144226,0.683354,0.599107,0.938305,0.668124,1.248956,4.288269,0.868580,10821.000000,441.244720,0.698422,0.592415,0.940793,0.670945,1.241260,4.241757,0.876993,2.000000,17.313709,0.083842,0.889536,0.222222,0.083333,2.188831,12.242640,0.883725,0.000000,0.000000,0.000000,0.000000,0.000000,0.000000,0.000000,0.000000,0.000000,0.167267,144.126801,66.185005,107.243935,3.654352,12.803708,12.863924,87.349388,9.448050,0.167953,144.114380,66.336784,107.243027,3.692468,13.003205,12.869850,87.436905,9.542386,0.000687,141.088882,103.311111,107.022224,8.524012,7.108124,14.238429,108.755554,8.433150,0.000000,0.000000,0.000000,0.000000,0.000000,0.000000,0.000000,0.000000,0.000000,3.037918,-4.869659,144.126801,3.654352,-37.126106,5.695584,66.185005,12.803708,0.221710,-1.374505,107.243935,12.863924,-21.406166,1.014899,87.349388,9.448050,0.995912,0.004088,0.000000,243.600006,10962000150528.000000,0.042419,0.049170,0.006568,0.111841,0.003467,0.001186,0.006751,0.101533,0.006203,0.002919,0.001186,0.004561,0.009396,0.002372,0.025452,0.090130,0.038405,0.023262,0.001277,0.020252,0.001186,0.000912,0.002098,0.016238,0.074530,0.020252,0.003193,0.015052,0.074621,0.011494,0.083835,0.148239,0.000000,0.000000,0.000000,0.000000,0.000000,0.000000,0.000000,0.000000,0.000000,0.000000,0.000000,0.000000,0.000000,0.000000,0.000000,0.000000,0.000000,0.000000,0.000000,0.000000,0.000000,0.000000,0.000000,0.000000,0.000000,0.000000,0.000000,0.000000,0.000000,0.000000,0.000000,0.000000,0.000000,0.000000,0.000000,0.000000,0.000000,0.000000,0.000000,0.000000,0.000000,0.000000,0.000000,0.000000,0.000000,0.000000,0.000000,0.000000,0.000000,0.000000,0.000000,0.000000,0.000000,0.000000,0.000000,0.000000,0.000000,0.000000,0.000000,0.000000,0.000000,0.000000,0.000000,0.000000,0.000000,0.000000,0.000000,0.000000,0.000000,0.000000,0.000000,0.000000,0.000000,0.000000,0.000000,0.000000
/home/ubuntu/all-idb/dataset/leukemia/Im128_1.tif,1,13559.000000,444.617310,0.861916,0.410819,0.984034,0.767606,1.096832,3.818322,0.943025,13589.500000,445.203094,0.861583,0.414777,0.984176,0.769333,1.098994,3.819060,0.943032,0.000000,0.000000,0.000000,0.000000,0.000000,0.000000,0.000000,0.000000,0.000000,0.000000,0.000000,0.000000,0.000000,0.000000,0.000000,0.000000,0.000000,0.000000,0.209808,149.402252,75.112656,114.746185,5.487560,18.524872,15.822029,95.433456,14.372865,0.210281,149.357742,75.157974,114.724327,5.576147,18.530239,15.815310,95.448441,14.362527,0.000473,129.612900,95.258064,105.032257,8.664638,5.161694,7.855485,102.096771,5.496948,0.000000,0.000000,0.000000,0.000000,0.000000,0.000000,0.000000,0.000000,0.000000,19.789352,-3.177077,149.402252,5.487560,-20.145409,13.363178,75.112656,18.524872,9.713928,7.966544,114.746185,15.822029,-6.663315,8.875917,95.433456,14.372865,0.997751,0.002249,0.000000,443.548401,13750000156672.000000,0.038473,0.042327,0.005745,0.083491,0.003273,0.001309,0.008218,0.099345,0.007273,0.001964,0.001309,0.003491,0.008291,0.001309,0.028000,0.095564,0.047127,0.023200,0.001818,0.015782,0.001673,0.000727,0.001818,0.012218,0.093455,0.016436,0.003345,0.012073,0.095927,0.011273,0.086109,0.147636,0.000000,0.000000,0.000000,0.000000,0.000000,0.000000,0.000000,0.000000,0.000000,0.000000,0.000000,0.000000,0.000000,0.000000,0.000000,0.000000,0.000000,0.000000,0.000000,0.000000,0.000000,0.000000,0.000000,0.000000,0.000000,0.000000,0.000000,0.000000,0.000000,0.000000,0.000000,0.000000,0.000000,0.000000,0.000000,0.000000,0.000000,0.000000,0.000000,0.000000,0.000000,0.000000,0.000000,0.000000,0.000000,0.000000,0.000000,0.000000,0.000000,0.000000,0.000000,0.000000,0.000000,0.000000,0.000000,0.000000,0.000000,0.000000,0.000000,0.000000,0.000000,0.000000,0.000000,0.000000,0.000000,0.000000,0.000000,0.000000,0.000000,0.000000,0.000000,0.000000,0.000000,0.000000,0.000000,0.000000
/home/ubuntu/all-idb/dataset/leukemia/Im129_1.tif,1,17364.500000,496.315796,0.885841,0.335452,0.990616,0.761868,1.061507,3.766404,0.949088,17468.000000,496.901581,0.889022,0.344809,0.991345,0.766409,1.065334,3.759662,0.950449,0.000000,0.000000,0.000000,0.000000,0.000000,0.000000,0.000000,0.000000,0.000000,0.000000,0.000000,0.000000,0.000000,0.000000,0.000000,0.000000,0.000000,0.000000,0.268204,145.945557,62.675030,101.066963,3.751899,11.573732,11.713643,83.647491,8.245031,0.269791,145.891754,62.873535,101.103897,3.870236,11.847483,11.707060,83.769073,8.385885,0.001587,136.798080,96.423080,107.346153,9.178130,9.578314,8.473680,104.317307,6.442444,0.000000,0.000000,0.000000,0.000000,0.000000,0.000000,0.000000,0.000000,0.000000,9.147476,-5.426231,145.945557,3.751899,-33.748051,1.995419,62.675030,11.573732,-6.279190,3.239963,101.066963,11.713643,-20.669815,1.802588,83.647491,8.245031,0.994118,0.005882,0.000000,169.009613,17576999518208.000000,0.044149,0.043807,0.005063,0.084542,0.003812,0.001877,0.006941,0.092507,0.009444,0.002503,0.001252,0.004779,0.009160,0.001821,0.026341,0.085282,0.046311,0.031063,0.001934,0.018775,0.001479,0.000910,0.001934,0.015304,0.093702,0.021392,0.003755,0.013882,0.084144,0.009729,0.081982,0.150424,0.019231,0.057692,0.000000,0.086538,0.000000,0.000000,0.000000,0.086538,0.000000,0.000000,0.000000,0.000000,0.000000,0.000000,0.000000,0.076923,0.211538,0.048077,0.000000,0.009615,0.009615,0.000000,0.000000,0.000000,0.211538,0.000000,0.000000,0.000000,0.115385,0.009615,0.038462,0.019231,0.000000,0.000000,0.000000,0.000000,0.000000,0.000000,0.000000,0.000000,0.000000,0.000000,0.000000,0.000000,0.000000,0.000000,0.000000,0.000000,0.000000,0.000000,0.000000,0.000000,0.000000,0.000000,0.000000,0.000000,0.000000,0.000000,0.000000,0.000000,0.000000,0.000000,0.000000,0.000000,0.000000,0.000000,0.000000,0.000000,0.000000,0.000000,0.000000,0.000000,0.000000,0.000000,0.000000,0.000000
/home/ubuntu/all-idb/dataset/leukemia/Im130_1.tif,1,16333.000000,508.014282,0.795287,0.741181,0.968312,0.675643,1.489636,3.975053,0.940329,16602.000000,510.014282,0.802058,0.730402,0.972470,0.673646,1.464091,3.958240,0.942094,21.500000,231.948273,0.005022,0.996008,0.033411,0.003632,11.203401,50.023251,0.939752,0.000000,0.000000,0.000000,0.000000,0.000000,0.000000,0.000000,0.000000,0.000000,0.252487,128.669724,53.309605,85.973648,5.190957,11.723180,11.156698,71.665863,8.981880,0.256607,128.641083,53.951717,86.510674,5.254930,12.734327,12.163795,72.200157,9.880105,0.004120,126.885185,93.303703,119.422226,8.089189,10.193516,22.055811,104.944443,6.800372,0.000000,0.000000,0.000000,0.000000,0.000000,0.000000,0.000000,0.000000,0.000000,1.784538,-2.898232,128.669724,5.190957,-39.994099,1.529664,53.309605,11.723180,-33.448578,-10.899113,85.973648,11.156698,-33.278580,2.181508,71.665863,8.981880,0.983945,0.016055,0.000000,61.285187,16547000090624.000000,0.044902,0.038919,0.006829,0.062186,0.005439,0.001632,0.010455,0.079773,0.010092,0.003143,0.001209,0.005258,0.010757,0.001632,0.029673,0.096392,0.046836,0.029613,0.001934,0.019339,0.002538,0.000846,0.002357,0.017526,0.080317,0.020487,0.004472,0.015532,0.075784,0.011664,0.086118,0.176346,0.033333,0.185185,0.000000,0.055556,0.000000,0.000000,0.000000,0.033333,0.000000,0.000000,0.000000,0.000000,0.000000,0.000000,0.011111,0.059259,0.214815,0.088889,0.000000,0.003704,0.000000,0.000000,0.000000,0.000000,0.085185,0.000000,0.000000,0.003704,0.070370,0.003704,0.125926,0.025926,0.000000,0.000000,0.000000,0.000000,0.000000,0.000000,0.000000,0.000000,0.000000,0.000000,0.000000,0.000000,0.000000,0.000000,0.000000,0.000000,0.000000,0.000000,0.000000,0.000000,0.000000,0.000000,0.000000,0.000000,0.000000,0.000000,0.000000,0.000000,0.000000,0.000000,0.000000,0.000000,0.000000,0.000000,0.000000,0.000000,0.000000,0.000000,0.000000,0.000000,0.000000,0.000000,0.000000,0.000000
/home/ubuntu/all-idb/dataset/healthy/Im131_0.tif,0,6321.000000,552.617310,0.260104,0.646101,0.616593,0.449541,1.310184,6.950749,0.692202,6728.500000,552.859924,0.276629,0.637779,0.641787,0.470524,1.298331,6.739940,0.697343,8.500000,64.384773,0.025767,0.881228,0.070539,0.024638,2.115546,22.083796,0.891198,0.000000,0.000000,0.000000,0.000000,0.000000,0.000000,0.000000,0.000000,0.000000,0.100189,140.756775,54.458878,97.255714,5.531547,16.363178,17.291456,77.093513,14.290663,0.106400,140.957687,56.982361,99.609634,5.544528,18.865458,19.382795,79.299728,16.485106,0.006210,144.199020,97.692871,137.584763,4.680158,4.237022,9.029956,114.891891,3.995466,0.000000,0.000000,0.000000,0.000000,0.000000,0.000000,0.000000,0.000000,0.000000,-3.442245,0.851389,140.756775,5.531547,-43.233994,12.126156,54.458878,16.363178,-40.329048,8.261500,97.255714,17.291456,-37.798378,10.295197,77.093513,14.290663,0.941632,0.058368,0.000000,16.132679,6565999935488.000000,0.022693,0.064118,0.003960,0.117118,0.001675,0.001218,0.002741,0.092903,0.003351,0.000914,0.000609,0.002894,0.003503,0.000609,0.016448,0.091989,0.063052,0.030308,0.001523,0.016296,0.000609,0.000609,0.001371,0.007158,0.092446,0.014012,0.002284,0.012945,0.095949,0.007920,0.113311,0.113463,0.000000,0.100737,0.000000,0.176904,0.000000,0.000000,0.000000,0.058968,0.000000,0.000000,0.000000,0.000000,0.000000,0.000000,0.004914,0.083538,0.115479,0.019656,0.000000,0.000000,0.000000,0.000000,0.000000,0.000000,0.186732,0.000000,0.000000,0.000000,0.159705,0.000000,0.076167,0.017199,0.000000,0.000000,0.000000,0.000000,0.000000,0.000000,0.000000,0.000000,0.000000,0.000000,0.000000,0.000000,0.000000,0.000000,0.000000,0.000000,0.000000,0.000000,0.000000,0.000000,0.000000,0.000000,0.000000,0.000000,0.000000,0.000000,0.000000,0.000000,0.000000,0.000000,0.000000,0.000000,0.000000,0.000000,0.000000,0.000000,0.000000,0.000000,0.000000,0.000000,0.000000,0.000000,0.000000,0.000000
/home/ubuntu/all-idb/dataset/healthy/Im132_0.tif,0,6375.000000,507.043732,0.311601,0.704015,0.723610,0.487385,1.408084,6.350462,0.697940,7159.500000,417.889404,0.515193,0.739485,0.791936,0.537904,1.485503,4.938784,0.856614,401.500000,127.639610,0.309688,0.508082,0.559582,0.310759,1.161024,6.370048,0.821019,0.000000,0.000000,0.000000,0.000000,0.000000,0.000000,0.000000,0.000000,0.000000,0.100571,143.273712,57.360340,103.818542,4.197091,15.763141,14.800555,81.044456,13.231836,0.111984,143.538635,62.606213,108.437523,4.238364,21.912521,20.193275,85.534676,18.636248,0.011414,145.873001,108.830215,149.137695,3.868309,11.936521,15.036801,125.100266,11.036490,0.000000,0.000000,0.000000,0.000000,0.000000,0.000000,0.000000,0.000000,0.000000,-2.599289,0.328782,143.273712,4.197091,-51.469875,3.826620,57.360340,15.763141,-45.319153,-0.236246,103.818542,14.800555,-44.055809,2.195346,81.044456,13.231836,0.898079,0.101921,0.000000,8.811498,6591000084480.000000,0.027007,0.063875,0.003034,0.086482,0.001669,0.001972,0.004248,0.099681,0.003641,0.001972,0.000759,0.002124,0.005310,0.001365,0.019572,0.099833,0.062206,0.034289,0.000759,0.014414,0.001365,0.000607,0.001214,0.012441,0.097557,0.012896,0.002579,0.012138,0.094675,0.005159,0.101047,0.124109,0.014706,0.104278,0.000000,0.101604,0.002674,0.000000,0.002674,0.160428,0.002674,0.000000,0.000000,0.000000,0.006684,0.000000,0.010695,0.109626,0.084225,0.021390,0.000000,0.000000,0.000000,0.000000,0.000000,0.000000,0.160428,0.002674,0.001337,0.001337,0.116310,0.000000,0.084225,0.012032,0.000000,0.000000,0.000000,0.000000,0.000000,0.000000,0.000000,0.000000,0.000000,0.000000,0.000000,0.000000,0.000000,0.000000,0.000000,0.000000,0.000000,0.000000,0.000000,0.000000,0.000000,0.000000,0.000000,0.000000,0.000000,0.000000,0.000000,0.000000,0.000000,0.000000,0.000000,0.000000,0.000000,0.000000,0.000000,0.000000,0.000000,0.000000,0.000000,0.000000,0.000000,0.000000,0.000000,0.000000
/home/ubuntu/all-idb/dataset/healthy/Im133_0.tif,0,9254.000000,375.019348,0.826860,0.646230,0.967435,0.738901,1.310370,3.898422,0.945086,9317.000000,377.019348,0.823680,0.642762,0.968856,0.736638,1.305370,3.905940,0.942309,0.000000,0.000000,0.000000,0.000000,0.000000,0.000000,0.000000,0.000000,0.000000,0.000000,0.000000,0.000000,0.000000,0.000000,0.000000,0.000000,0.000000,0.000000,0.143677,135.999786,58.671410,113.610558,3.900090,12.473657,10.639578,83.912598,10.313939,0.144653,136.003479,58.907173,113.709175,3.898919,12.758286,10.683041,84.080803,10.482818,0.000977,136.546875,93.593750,128.218750,3.682432,2.837906,6.206017,108.828125,3.165017,0.000000,0.000000,0.000000,0.000000,0.000000,0.000000,0.000000,0.000000,0.000000,-0.547089,0.217659,135.999786,3.900090,-34.922340,9.635751,58.671410,12.473657,-14.608192,4.433561,113.610558,10.639578,-24.915527,7.148922,83.912598,10.313939,0.993249,0.006751,0.000000,147.125000,9415999619072.000000,0.036215,0.042268,0.005841,0.079652,0.004142,0.001062,0.007647,0.105459,0.004142,0.002230,0.001274,0.003505,0.007222,0.002124,0.025382,0.098556,0.049596,0.026975,0.001699,0.015187,0.001274,0.000319,0.001274,0.014444,0.082413,0.017842,0.002974,0.012532,0.096538,0.009983,0.096432,0.143798,0.000000,0.046875,0.000000,0.125000,0.000000,0.000000,0.000000,0.125000,0.000000,0.000000,0.000000,0.000000,0.000000,0.000000,0.031250,0.140625,0.093750,0.046875,0.000000,0.000000,0.000000,0.000000,0.000000,0.000000,0.187500,0.000000,0.000000,0.000000,0.062500,0.000000,0.093750,0.046875,0.000000,0.000000,0.000000,0.000000,0.000000,0.000000,0.000000,0.000000,0.000000,0.000000,0.000000,0.000000,0.000000,0.000000,0.000000,0.000000,0.000000,0.000000,0.000000,0.000000,0.000000,0.000000,0.000000,0.000000,0.000000,0.000000,0.000000,0.000000,0.000000,0.000000,0.000000,0.000000,0.000000,0.000000,0.000000,0.000000,0.000000,0.000000,0.000000,0.000000,0.000000,0.000000,0.000000,0.000000
/home/ubuntu/all-idb/dataset/healthy/Im134_0.tif,0,6797.500000,346.492432,0.711495,0.349879,0.933658,0.738297,1.067469,4.202610,0.891593,7251.000000,373.220337,0.654150,0.322762,0.909730,0.703981,1.056546,4.382948,0.856566,139.000000,73.455841,0.323722,0.928384,0.679707,0.399425,2.690909,6.230443,0.893950,57.500000,39.556351,0.461791,0.923052,0.851852,0.422794,2.599603,5.216537,0.958799,0.106049,127.801727,42.695396,83.870506,6.314956,14.302166,10.872150,64.705032,10.998805,0.113144,128.549026,46.218746,85.511124,7.050363,19.537268,12.846607,67.349022,14.903342,0.005936,138.377899,99.030846,113.616966,7.953828,8.924365,13.358025,107.874039,8.366420,0.001160,146.578949,98.105263,91.684212,2.921171,4.961905,7.182234,101.710526,4.841748,-10.576172,-1.638872,-18.777222,3.393785,-56.335449,5.377801,-55.409866,9.340261,-29.746460,-2.485874,-7.813705,3.689917,-43.169006,2.632385,-37.005493,6.157057,0.937289,0.052461,0.010249,17.866323,91.447365,0.038849,0.043165,0.003885,0.078849,0.004029,0.001583,0.007194,0.078417,0.008921,0.002446,0.001007,0.005036,0.008921,0.001727,0.022302,0.084892,0.040719,0.025468,0.000719,0.020144,0.001151,0.000288,0.002158,0.016403,0.090935,0.018705,0.003597,0.014820,0.105899,0.011511,0.103309,0.152950,0.038560,0.123393,0.000000,0.107969,0.002571,0.000000,0.007712,0.074550,0.000000,0.002571,0.000000,0.000000,0.002571,0.000000,0.012853,0.066838,0.102828,0.048843,0.002571,0.012853,0.000000,0.000000,0.002571,0.002571,0.097686,0.005141,0.007712,0.002571,0.138817,0.000000,0.107969,0.028278,0.052632,0.157895,0.000000,0.013158,0.000000,0.000000,0.000000,0.026316,0.000000,0.000000,0.000000,0.000000,0.000000,0.000000,0.052632,0.052632,0.000000,0.052632,0.000000,0.052632,0.000000,0.000000,0.000000,0.000000,0.000000,0.013158,0.000000,0.000000,0.078947,0.065789,0.236842,0.144737,0.000000,0.000000,0.000000,0.000000,0.000000,0.000000,0.000000,0.000000,0.000000,0.000000,0.000000,0.000000
/home/ubuntu/all-idb/dataset/healthy/Im135_0.tif,0,5886.500000,538.256897,0.255322,0.592786,0.671056,0.459524,1.241681,7.015539,0.652740,6445.500000,516.801086,0.303263,0.549835,0.713866,0.489742,1.197213,6.437172,0.688415,67.000000,55.941124,0.269043,0.658796,0.521401,0.279167,1.329219,6.834296,0.806430,0.000000,0.000000,0.000000,0.000000,0.000000,0.000000,0.000000,0.000000,0.000000,0.093307,131.640549,48.219131,92.810463,7.599629,15.401427,20.137148,71.060509,15.070136,0.101730,132.245087,52.532623,97.258591,7.798973,20.800102,24.572273,74.992348,19.680538,0.008423,138.942032,100.317032,146.534424,6.777272,10.404110,12.375857,118.548912,9.681586,0.000000,0.000000,0.000000,0.000000,0.000000,0.000000,0.000000,0.000000,0.000000,-7.301483,0.822357,131.640549,7.599629,-52.097900,4.997317,48.219131,15.401427,-53.723961,7.761291,92.810463,20.137148,-47.488403,5.388550,71.060509,15.070136,0.917204,0.082796,0.000000,11.077899,6115000057856.000000,0.031562,0.060180,0.002780,0.101226,0.001145,0.000818,0.005887,0.128046,0.003107,0.001308,0.000654,0.002289,0.005070,0.000654,0.018316,0.098446,0.053312,0.026165,0.000981,0.014064,0.000654,0.000000,0.001962,0.009485,0.095339,0.014064,0.002617,0.007850,0.099755,0.007195,0.096321,0.108749,0.030797,0.090580,0.001812,0.139493,0.003623,0.000000,0.009058,0.117754,0.003623,0.000000,0.000000,0.000000,0.005435,0.001812,0.010870,0.063406,0.128623,0.038043,0.000000,0.005435,0.000000,0.000000,0.000000,0.000000,0.148551,0.000000,0.001812,0.000000,0.112319,0.000000,0.070652,0.016304,0.000000,0.000000,0.000000,0.000000,0.000000,0.000000,0.000000,0.000000,0.000000,0.000000,0.000000,0.000000,0.000000,0.000000,0.000000,0.000000,0.000000,0.000000,0.000000,0.000000,0.000000,0.000000,0.000000,0.000000,0.000000,0.000000,0.000000,0.000000,0.000000,0.000000,0.000000,0.000000,0.000000,0.000000,0.000000,0.000000,0.000000,0.000000,0.000000,0.000000,0.000000,0.000000,0.000000,0.000000
/home/ubuntu/all-idb/dataset/healthy/Im136_0.tif,0,6961.000000,387.220337,0.583398,0.777956,0.858853,0.592325,1.591549,4.641115,0.877307,7239.500000,389.462982,0.599772,0.769052,0.868514,0.599098,1.564489,4.577327,0.882768,20.000000,139.740112,0.012871,0.991614,0.068611,0.025221,7.737847,31.246840,0.902481,0.000000,0.000000,0.000000,0.000000,0.000000,0.000000,0.000000,0.000000,0.000000,0.108826,124.260796,51.297813,99.533234,6.237257,16.631229,18.770737,74.042061,15.450259,0.113083,124.402107,52.733368,100.896507,6.263926,17.904802,19.842754,75.308189,16.515463,0.004257,128.014343,89.430107,135.745514,5.848120,6.753304,13.781310,107.673836,7.393041,0.000000,0.000000,0.000000,0.000000,0.000000,0.000000,0.000000,0.000000,0.000000,-3.753548,0.389137,124.260796,6.237257,-38.132294,9.877925,51.297813,16.631229,-36.212280,4.989427,99.533234,18.770737,-33.631775,8.057219,74.042061,15.450259,0.962353,0.037647,0.000000,25.562723,7131999764480.000000,0.035193,0.051178,0.002804,0.102916,0.001122,0.000981,0.004487,0.100112,0.006169,0.001122,0.000280,0.002664,0.005609,0.000701,0.025098,0.099972,0.068845,0.027762,0.001262,0.015423,0.001262,0.000421,0.001542,0.010937,0.115956,0.014302,0.001542,0.009254,0.081043,0.007151,0.085390,0.117499,0.000000,0.146953,0.000000,0.265233,0.000000,0.000000,0.000000,0.082437,0.000000,0.000000,0.000000,0.000000,0.000000,0.000000,0.007168,0.078853,0.111111,0.003584,0.000000,0.000000,0.000000,0.000000,0.000000,0.000000,0.146953,0.000000,0.000000,0.000000,0.096774,0.000000,0.057348,0.003584,0.000000,0.000000,0.000000,0.000000,0.000000,0.000000,0.000000,0.000000,0.000000,0.000000,0.000000,0.000000,0.000000,0.000000,0.000000,0.000000,0.000000,0.000000,0.000000,0.000000,0.000000,0.000000,0.000000,0.000000,0.000000,0.000000,0.000000,0.000000,0.000000,0.000000,0.000000,0.000000,0.000000,0.000000,0.000000,0.000000,0.000000,0.000000,0.000000,0.000000,0.000000,0.000000,0.000000,0.000000
/home/ubuntu/all-idb/dataset/healthy/Im137_0.tif,0,7144.000000,341.362488,0.770406,0.436248,0.963517,0.751683,1.111325,4.038732,0.902937,7324.000000,337.705627,0.807015,0.426884,0.969488,0.755052,1.105820,3.946064,0.920778,18.500000,57.355339,0.070670,0.823013,0.164444,0.074899,1.760495,13.334846,0.817962,0.000000,0.000000,0.000000,0.000000,0.000000,0.000000,0.000000,0.000000,0.000000,0.111237,113.594925,43.711933,74.675858,10.658695,19.788376,12.361879,60.934429,15.574347,0.113968,113.835854,44.652966,75.176193,10.698192,20.473680,12.710545,61.663410,16.104017,0.002731,123.648048,82.977654,95.553070,7.082446,6.167091,9.600468,91.351952,6.295705,0.000000,0.000000,0.000000,0.000000,0.000000,0.000000,0.000000,0.000000,0.000000,-10.053123,3.576249,113.594925,10.658695,-39.265720,13.621284,43.711933,19.788376,-20.877213,2.761412,74.675858,12.361879,-30.417522,9.278643,60.934429,15.574347,0.976034,0.023966,0.000000,40.726257,7290000244736.000000,0.038272,0.041701,0.003567,0.095748,0.001646,0.000960,0.005624,0.094650,0.007407,0.001920,0.001097,0.003841,0.006584,0.002058,0.023457,0.082990,0.054321,0.025240,0.001509,0.017558,0.000960,0.000686,0.000960,0.011523,0.118519,0.017421,0.003018,0.012483,0.085322,0.009191,0.091632,0.138134,0.016760,0.089385,0.000000,0.150838,0.005587,0.000000,0.005587,0.134078,0.000000,0.000000,0.000000,0.000000,0.011173,0.000000,0.005587,0.067039,0.094972,0.027933,0.000000,0.000000,0.000000,0.000000,0.005587,0.011173,0.055866,0.005587,0.000000,0.000000,0.145251,0.005587,0.106145,0.055866,0.000000,0.000000,0.000000,0.000000,0.000000,0.000000,0.000000,0.000000,0.000000,0.000000,0.000000,0.000000,0.000000,0.000000,0.000000,0.000000,0.000000,0.000000,0.000000,0.000000,0.000000,0.000000,0.000000,0.000000,0.000000,0.000000,0.000000,0.000000,0.000000,0.000000,0.000000,0.000000,0.000000,0.000000,0.000000,0.000000,0.000000,0.000000,0.000000,0.000000,0.000000,0.000000,0.000000,0.000000
/home/ubuntu/all-idb/dataset/healthy/Im138_0.tif,0,7715.000000,332.534058,0.876746,0.347208,0.984747,0.742684,1.066339,3.785892,0.953171,7789.000000,333.362488,0.880761,0.355373,0.986012,0.742234,1.069834,3.777251,0.954301,0.000000,2.000000,0.000000,0.000000,0.000000,0.000000,0.000000,2000000000.000000,1.000000,0.000000,0.000000,0.000000,0.000000,0.000000,0.000000,0.000000,0.000000,0.000000,0.119888,133.614609,52.436298,105.257225,4.736335,12.095018,9.682074,77.486702,9.841864,0.121017,133.605225,52.783005,105.347122,4.763542,12.564877,9.756300,77.716301,10.097106,0.001129,132.608109,89.594597,114.891891,7.009294,4.499006,12.506828,102.094597,6.512294,0.000000,0.000000,0.000000,0.000000,0.000000,0.000000,0.000000,0.000000,0.000000,1.006500,-2.272959,133.614609,4.736335,-37.158298,7.596013,52.436298,12.095018,-9.634666,-2.824755,105.257225,9.682074,-24.607895,3.329570,77.486702,9.841864,0.990670,0.009330,0.000000,106.175674,7856999890944.000000,0.039201,0.051165,0.004200,0.095074,0.003818,0.001273,0.006491,0.100547,0.007255,0.002418,0.001145,0.004582,0.008527,0.001273,0.024946,0.108184,0.040092,0.024182,0.001145,0.017819,0.001273,0.000764,0.001145,0.014891,0.086038,0.013491,0.002036,0.014891,0.075474,0.010309,0.085783,0.150566,0.013514,0.067568,0.000000,0.256757,0.000000,0.000000,0.000000,0.094595,0.000000,0.000000,0.000000,0.000000,0.000000,0.000000,0.000000,0.094595,0.189189,0.040541,0.000000,0.000000,0.000000,0.000000,0.000000,0.000000,0.121622,0.000000,0.000000,0.000000,0.040541,0.000000,0.067568,0.013514,0.000000,0.000000,0.000000,0.000000,0.000000,0.000000,0.000000,0.000000,0.000000,0.000000,0.000000,0.000000,0.000000,0.000000,0.000000,0.000000,0.000000,0.000000,0.000000,0.000000,0.000000,0.000000,0.000000,0.000000,0.000000,0.000000,0.000000,0.000000,0.000000,0.000000,0.000000,0.000000,0.000000,0.000000,0.000000,0.000000,0.000000,0.000000,0.000000,0.000000,0.000000,0.000000,0.000000,0.000000
/home/ubuntu/all-idb/dataset/healthy/Im139_0.tif,0,13004.000000,620.783813,0.424039,0.628474,0.873250,0.650460,1.285628,5.443797,0.722291,13650.000000,529.729980,0.611270,0.591787,0.905593,0.673210,1.240550,4.534070,0.851595,84.500000,44.041630,0.547444,0.801320,0.800948,0.469444,1.671583,4.791098,0.913274,0.000000,0.000000,0.000000,0.000000,0.000000,0.000000,0.000000,0.000000,0.000000,0.202469,132.991180,59.581280,107.742935,8.742418,22.118950,21.034422,82.350594,19.489214,0.212234,133.038681,61.568336,109.167809,9.009151,23.782063,21.888311,83.947662,20.727606,0.009521,134.407059,103.883011,139.990387,13.194830,17.966246,16.160551,118.144234,16.386997,0.000000,0.000000,0.000000,0.000000,0.000000,0.000000,0.000000,0.000000,0.000000,-1.415878,-4.452412,132.991180,8.742418,-44.301731,4.152704,59.581280,22.118950,-32.247452,4.873871,107.742935,21.034422,-35.793640,3.102217,82.350594,19.489214,0.953987,0.044863,0.001150,21.264423,829.312500,0.040244,0.060216,0.004296,0.099781,0.002864,0.001281,0.007536,0.100234,0.006331,0.000678,0.000377,0.002110,0.007913,0.001055,0.030673,0.096013,0.057126,0.031276,0.001130,0.014168,0.000452,0.000301,0.000528,0.009873,0.097445,0.012736,0.001432,0.007687,0.102193,0.005728,0.091115,0.105208,0.049679,0.099359,0.009615,0.080128,0.004808,0.000000,0.009615,0.073718,0.009615,0.001603,0.000000,0.001603,0.008013,0.000000,0.032051,0.073718,0.120192,0.046474,0.003205,0.012821,0.001603,0.000000,0.000000,0.008013,0.139423,0.004808,0.001603,0.003205,0.075321,0.004808,0.081731,0.043269,0.000000,0.000000,0.000000,0.000000,0.000000,0.000000,0.000000,0.000000,0.000000,0.000000,0.000000,0.000000,0.000000,0.000000,0.000000,0.000000,0.000000,0.000000,0.000000,0.000000,0.000000,0.000000,0.000000,0.000000,0.000000,0.000000,0.000000,0.000000,0.000000,0.000000,0.000000,0.000000,0.000000,0.000000,0.000000,0.000000,0.000000,0.000000,0.000000,0.000000,0.000000,0.000000,0.000000,0.000000
/home/ubuntu/all-idb/dataset/healthy/Im140_0.tif,0,5432.000000,280.391907,0.868238,0.384360,0.982278,0.726592,1.083209,3.804395,0.948504,65025.000000,1020.000000,0.785398,0.000000,1.000000,0.992203,0.000000,4.000000,1.000000,8411.000000,345.504608,0.885421,0.379040,0.988831,0.741973,1.080637,3.767298,0.953112,13651.000000,437.931030,0.894464,0.334790,0.991574,0.754866,1.061241,3.748206,0.953765,0.084686,104.224861,32.637657,58.704323,8.588064,10.763221,11.407297,48.598740,10.159462,1.000000,123.988327,128.128189,142.825394,16.115566,33.655781,26.884954,132.039856,28.794739,0.045883,136.987701,133.833389,137.883270,7.171298,21.288612,17.842920,135.404388,18.231543,0.080566,135.954926,148.442810,154.314011,9.118426,8.838564,4.034073,148.763443,7.087996,-32.762840,1.416766,-31.730064,-0.530362,-101.195732,-10.525392,-115.805153,1.924657,-79.178947,-6.435623,-95.609688,7.373224,-86.805649,-8.072081,-100.164703,3.071466,0.084686,0.045883,0.080566,1.845693,1.051136,0.032432,0.052613,0.005225,0.087928,0.002523,0.001982,0.007387,0.106306,0.004144,0.002523,0.002342,0.005586,0.010991,0.002342,0.018559,0.099279,0.048108,0.028649,0.000721,0.021261,0.001441,0.001261,0.001622,0.015676,0.097477,0.019459,0.003063,0.015315,0.078559,0.010450,0.072432,0.142342,0.038244,0.079814,0.007981,0.114732,0.002660,0.002328,0.006651,0.088128,0.005321,0.001663,0.001330,0.002660,0.006651,0.001663,0.020951,0.101430,0.059195,0.034586,0.002993,0.008314,0.000333,0.000665,0.001663,0.007316,0.043898,0.008979,0.003326,0.010974,0.117725,0.004656,0.102095,0.111074,0.052841,0.032576,0.014015,0.051705,0.007008,0.002841,0.014583,0.037879,0.015909,0.003788,0.003030,0.007576,0.014962,0.004167,0.025189,0.053788,0.030492,0.018561,0.005492,0.023295,0.002462,0.001136,0.003977,0.024053,0.068750,0.026705,0.007008,0.030114,0.080682,0.022159,0.070833,0.242424,0.000000,0.000000,0.000000,0.000000,0.000000,0.000000,0.000000,0.000000,0.000000,0.000000,0.000000,0.000000
/home/ubuntu/all-idb/dataset/healthy/Im141_0.tif,0,1879.000000,185.681244,0.684858,0.819490,0.909927,0.631384,1.744916,4.283558,0.918764,65025.000000,1020.000000,0.785398,0.000000,1.000000,0.992203,0.000000,4.000000,1.000000,3964.000000,247.622360,0.812389,0.716704,0.964242,0.710904,1.433944,3.932992,0.944781,7875.500000,339.462982,0.858822,0.632447,0.983208,0.745786,1.290983,3.825193,0.949522,0.029907,109.472961,37.486225,75.550003,6.531656,11.632371,16.061666,57.068878,11.720723,1.000000,125.545959,129.024460,145.267090,13.891850,31.793871,22.389318,133.468170,26.150745,0.032211,130.997635,117.880150,142.018005,5.256968,18.049864,13.812600,126.598770,14.704659,0.060287,130.611740,121.605415,141.188553,8.556900,35.306763,26.005579,128.490005,29.101465,-21.524673,1.274689,-21.138779,-2.025244,-80.393921,-6.417493,-84.119186,-23.674393,-66.468002,2.249066,-65.638550,-9.943913,-69.529892,-2.983935,-71.421127,-17.380741,0.029907,0.032211,0.060287,0.928470,0.496077,0.037755,0.081122,0.002551,0.100510,0.000510,0.000000,0.005612,0.093367,0.003061,0.001531,0.001020,0.001531,0.003571,0.001020,0.024490,0.108163,0.066837,0.038265,0.001531,0.015816,0.001531,0.000510,0.001020,0.010714,0.089796,0.013265,0.000000,0.008163,0.066327,0.005612,0.083163,0.131633,0.044055,0.051634,0.008527,0.046897,0.005685,0.000947,0.007579,0.053529,0.008527,0.004737,0.001421,0.000947,0.017054,0.000947,0.031739,0.087162,0.044055,0.019896,0.002369,0.015632,0.003316,0.000474,0.001895,0.009000,0.089531,0.014211,0.006158,0.014685,0.054950,0.014211,0.179062,0.159166,0.036193,0.022273,0.010883,0.050114,0.006834,0.001266,0.012655,0.082005,0.009871,0.002531,0.001266,0.004556,0.012655,0.003037,0.030372,0.125285,0.021767,0.012149,0.003037,0.014933,0.003543,0.000506,0.002278,0.015945,0.055935,0.016198,0.008352,0.015945,0.068084,0.012908,0.101493,0.235130,0.000000,0.000000,0.000000,0.000000,0.000000,0.000000,0.000000,0.000000,0.000000,0.000000,0.000000,0.000000
/home/ubuntu/all-idb/dataset/healthy/Im142_0.tif,0,4876.000000,265.764496,0.867520,0.341110,0.982866,0.734780,1.063803,3.805968,0.946725,65025.000000,1020.000000,0.785398,0.000000,1.000000,0.992203,0.000000,4.000000,1.000000,7718.500000,331.119843,0.884652,0.331163,0.989044,0.749660,1.059801,3.768936,0.951189,12745.500000,424.374664,0.889340,0.274602,0.991328,0.760290,1.039979,3.758989,0.950425,0.076141,119.949295,37.724850,54.443687,8.919864,15.003135,12.978476,52.099998,12.909902,1.000000,142.330307,143.919510,157.866028,17.427824,36.485245,31.406307,147.903473,31.910734,0.043793,155.780136,155.642853,161.210098,9.160669,22.514997,21.993460,157.322998,20.592899,0.077316,152.478790,163.411682,169.984207,11.823955,14.127079,7.216584,164.120789,11.616020,-35.830841,-0.240806,-32.529495,-2.904091,-117.917999,-7.511863,-125.686829,0.876056,-106.766411,-9.014984,-115.540520,5.761891,-105.223000,-7.682998,-112.020790,1.293881,0.076141,0.043793,0.077316,1.738676,0.984804,0.037074,0.047094,0.004609,0.082365,0.002806,0.000401,0.008216,0.075150,0.005812,0.002405,0.000401,0.003808,0.006814,0.003006,0.022244,0.093387,0.049699,0.030261,0.003006,0.019840,0.001002,0.000200,0.002004,0.015431,0.077355,0.020240,0.003407,0.020240,0.095190,0.011623,0.097395,0.157515,0.055401,0.066202,0.012195,0.093728,0.005226,0.000697,0.010105,0.068990,0.013589,0.002787,0.001045,0.006620,0.010801,0.001045,0.020906,0.089199,0.055052,0.026829,0.003136,0.016376,0.002091,0.001045,0.002787,0.012544,0.086063,0.013937,0.003833,0.015331,0.086760,0.007317,0.078049,0.130314,0.053089,0.029801,0.010855,0.031182,0.006907,0.001776,0.010855,0.055260,0.012433,0.004539,0.003552,0.007894,0.016775,0.003750,0.028024,0.109335,0.022696,0.015788,0.003158,0.026446,0.002960,0.000592,0.004144,0.025064,0.040853,0.025064,0.006118,0.027432,0.041445,0.021117,0.089994,0.261101,0.000000,0.000000,0.000000,0.000000,0.000000,0.000000,0.000000,0.000000,0.000000,0.000000,0.000000,0.000000
/home/ubuntu/all-idb/dataset/healthy/Im143_0.tif,0,5010.500000,511.629517,0.240536,0.431809,0.703327,0.511432,1.108690,7.227949,0.613716,65025.000000,1020.000000,0.785398,0.000000,1.000000,0.992203,0.000000,4.000000,1.000000,10012.000000,421.931030,0.706721,0.419547,0.943816,0.707212,1.101645,4.216781,0.894332,16106.500000,495.972656,0.822802,0.383216,0.974616,0.745499,1.082651,3.908023,0.939014,0.079788,123.796906,41.868999,76.170586,8.136392,13.859879,21.289354,61.462231,14.202331,1.000000,136.557724,137.769516,154.788361,14.899019,33.653584,25.337019,142.713318,28.041262,0.075195,140.576096,127.569397,155.489655,5.516310,15.003735,13.840270,137.397720,12.461422,0.094009,146.444733,149.930695,163.694046,6.112741,13.812407,5.492677,153.644211,10.035872,-16.779190,2.620082,-22.647827,2.023651,-85.700394,-1.143856,-108.061691,0.047472,-79.319069,7.449084,-87.523460,15.796678,-75.935486,1.740909,-92.181976,4.166458,0.079788,0.075195,0.094009,1.061080,0.848726,0.030599,0.067508,0.002869,0.085102,0.002104,0.001339,0.003634,0.102314,0.004207,0.000765,0.000191,0.001339,0.004972,0.000574,0.020080,0.094282,0.063301,0.036145,0.001530,0.014726,0.001530,0.000191,0.000765,0.008797,0.096003,0.014534,0.003060,0.008988,0.103844,0.008415,0.104418,0.111876,0.055804,0.053166,0.006291,0.075081,0.003450,0.000812,0.006696,0.079951,0.010146,0.002841,0.001420,0.004261,0.007914,0.002029,0.019481,0.081778,0.091112,0.042411,0.002638,0.015422,0.001420,0.001015,0.002232,0.008726,0.134537,0.018060,0.005276,0.009334,0.087865,0.006291,0.078734,0.083807,0.046908,0.030515,0.008765,0.079533,0.004869,0.002435,0.011849,0.081643,0.014121,0.001948,0.001623,0.005032,0.013147,0.002922,0.024184,0.099335,0.021587,0.015582,0.003246,0.016880,0.001623,0.001948,0.003084,0.016880,0.069145,0.020127,0.006492,0.019477,0.070605,0.015257,0.092842,0.196397,0.000000,0.000000,0.000000,0.000000,0.000000,0.000000,0.000000,0.000000,0.000000,0.000000,0.000000,0.000000
/home/ubuntu/all-idb/dataset/healthy/Im144_0.tif,0,5192.000000,280.735077,0.827849,0.739051,0.981846,0.720111,1.484452,3.896093,0.953243,65025.000000,1020.000000,0.785398,0.000000,1.000000,0.992203,0.000000,4.000000,1.000000,8219.000000,346.676178,0.859371,0.683149,0.988217,0.742457,1.369340,3.823970,0.954667,13459.000000,439.931030,0.873883,0.630395,0.991382,0.755360,1.288203,3.792086,0.953193,0.081039,121.828659,36.199963,66.563927,9.111436,14.725031,14.006172,55.042740,13.211055,1.000000,143.702286,147.499023,160.242722,16.415710,37.420132,29.082144,150.880814,31.604012,0.046616,154.993774,150.343704,152.705734,9.174841,24.012102,20.854767,151.586914,20.846291,0.080566,154.057770,165.894501,170.188828,7.666625,14.972299,5.885439,165.835602,11.006690,-33.165115,-0.063405,-32.229111,1.444810,-114.143738,-9.287071,-129.694534,-0.247268,-86.141808,-6.848595,-103.624901,8.120733,-96.544174,-7.635236,-110.792862,2.204365,0.081039,0.046616,0.080566,1.738461,1.005871,0.042930,0.043495,0.005084,0.078705,0.002636,0.001883,0.008661,0.090002,0.006778,0.001695,0.000753,0.004707,0.007343,0.003013,0.018641,0.090567,0.065336,0.029938,0.003201,0.019017,0.002259,0.000941,0.001883,0.011862,0.095086,0.019959,0.004331,0.015628,0.087178,0.014875,0.068349,0.153267,0.051064,0.043535,0.004910,0.082815,0.003601,0.001964,0.007856,0.114566,0.010147,0.001637,0.002619,0.005565,0.008511,0.002946,0.013421,0.086416,0.102128,0.032733,0.000327,0.012766,0.001964,0.000655,0.001637,0.006874,0.127987,0.013748,0.001309,0.013093,0.075614,0.008183,0.061866,0.097545,0.055303,0.024053,0.021591,0.054924,0.008333,0.003220,0.014583,0.060985,0.013636,0.003977,0.004735,0.005492,0.016477,0.005114,0.026515,0.060795,0.030114,0.027273,0.003977,0.021970,0.003788,0.001894,0.003788,0.030114,0.044318,0.025189,0.007008,0.028409,0.052652,0.028598,0.064773,0.246402,0.000000,0.000000,0.000000,0.000000,0.000000,0.000000,0.000000,0.000000,0.000000,0.000000,0.000000,0.000000
/home/ubuntu/all-idb/dataset/healthy/Im145_0.tif,0,6454.500000,306.149261,0.865378,0.499471,0.984743,0.755442,1.154294,3.810675,0.945059,6627.500000,308.149261,0.877076,0.486645,0.986235,0.751417,1.144689,3.785178,0.950117,8.500000,68.384773,0.022841,0.987816,0.128788,0.044271,6.425622,23.455784,0.928887,0.000000,0.000000,0.000000,0.000000,0.000000,0.000000,0.000000,0.000000,0.000000,0.100494,124.031586,40.573338,74.513512,6.615387,12.702613,10.353173,60.233829,10.187999,0.103149,124.185204,41.838757,75.267456,6.771461,14.818918,11.536503,61.219673,11.819092,0.002655,130.000000,89.735634,103.804596,9.498941,8.333508,16.662533,98.534485,8.317442,0.000000,0.000000,0.000000,0.000000,0.000000,0.000000,0.000000,0.000000,0.000000,-5.968414,-2.883554,124.031586,6.615387,-49.162296,4.369105,40.573338,12.702613,-29.291084,-6.309360,74.513512,10.353173,-38.300655,1.870557,60.233829,10.187999,0.974260,0.025740,0.000000,37.850574,6585999949824.000000,0.042363,0.043122,0.003037,0.071819,0.003340,0.001670,0.008199,0.083814,0.009110,0.002126,0.000304,0.003037,0.009262,0.001367,0.023687,0.088217,0.040541,0.022168,0.001215,0.019587,0.001518,0.000607,0.001670,0.015184,0.111752,0.018524,0.003189,0.015184,0.093532,0.011388,0.093076,0.156392,0.017241,0.137931,0.000000,0.120690,0.000000,0.000000,0.005747,0.080460,0.005747,0.000000,0.000000,0.000000,0.000000,0.000000,0.005747,0.068966,0.086207,0.011494,0.000000,0.005747,0.000000,0.000000,0.000000,0.017241,0.057471,0.005747,0.000000,0.011494,0.155172,0.005747,0.137931,0.063218,0.000000,0.000000,0.000000,0.000000,0.000000,0.000000,0.000000,0.000000,0.000000,0.000000,0.000000,0.000000,0.000000,0.000000,0.000000,0.000000,0.000000,0.000000,0.000000,0.000000,0.000000,0.000000,0.000000,0.000000,0.000000,0.000000,0.000000,0.000000,0.000000,0.000000,0.000000,0.000000,0.000000,0.000000,0.000000,0.000000,0.000000,0.000000,0.000000,0.000000,0.000000,0.000000,0.000000,0.000000
/home/ubuntu/all-idb/dataset/healthy/Im146_0.tif,0,8004.000000,340.534058,0.867353,0.381454,0.984441,0.748597,1.081797,3.806335,0.948049,8109.000000,342.190918,0.870242,0.372080,0.985657,0.743945,1.077353,3.800011,0.948340,1.000000,22.485281,0.024855,0.995896,0.142857,0.022727,11.049521,22.485281,0.937008,0.000000,0.000000,0.000000,0.000000,0.000000,0.000000,0.000000,0.000000,0.000000,0.124359,121.618034,48.570305,95.812149,5.282521,10.692118,11.270731,71.025398,9.301888,0.125961,121.613686,49.001698,96.017563,5.320304,11.297615,11.381478,71.339554,9.662000,0.001602,121.276192,82.485718,111.961906,7.699716,5.048553,8.170708,95.723808,4.601232,0.000000,0.000000,0.000000,0.000000,0.000000,0.000000,0.000000,0.000000,0.000000,0.341843,-2.417195,121.618034,5.282521,-33.915413,5.643564,48.570305,10.692118,-16.149757,3.100023,95.812149,11.270731,-24.698410,4.700656,71.025398,9.301888,0.987280,0.012720,0.000000,77.619049,8149999812608.000000,0.039018,0.054969,0.004417,0.087362,0.004172,0.002209,0.006135,0.099509,0.006748,0.003067,0.000982,0.004785,0.008344,0.001104,0.025521,0.096810,0.044908,0.024540,0.002086,0.018037,0.000982,0.000736,0.001350,0.015706,0.075460,0.019632,0.003436,0.012883,0.087362,0.009080,0.082699,0.155951,0.019048,0.057143,0.000000,0.171429,0.000000,0.000000,0.000000,0.038095,0.000000,0.000000,0.000000,0.000000,0.000000,0.000000,0.009524,0.076190,0.295238,0.019048,0.000000,0.009524,0.000000,0.000000,0.000000,0.000000,0.161905,0.000000,0.000000,0.000000,0.047619,0.000000,0.066667,0.028571,0.000000,0.000000,0.000000,0.000000,0.000000,0.000000,0.000000,0.000000,0.000000,0.000000,0.000000,0.000000,0.000000,0.000000,0.000000,0.000000,0.000000,0.000000,0.000000,0.000000,0.000000,0.000000,0.000000,0.000000,0.000000,0.000000,0.000000,0.000000,0.000000,0.000000,0.000000,0.000000,0.000000,0.000000,0.000000,0.000000,0.000000,0.000000,0.000000,0.000000,0.000000,0.000000,0.000000,0.000000
/home/ubuntu/all-idb/dataset/healthy/Im147_0.tif,0,8638.500000,353.462982,0.868881,0.416887,0.985568,0.762984,1.100160,3.802986,0.947201,8777.500000,355.119843,0.874643,0.413075,0.988569,0.768339,1.098060,3.790439,0.948596,2.500000,21.556349,0.067608,0.897133,0.263158,0.039062,2.263667,13.633432,0.948033,0.000000,0.000000,0.000000,0.000000,0.000000,0.000000,0.000000,0.000000,0.000000,0.134155,116.613625,47.183006,98.328026,4.523829,9.847498,10.590063,70.386826,8.470775,0.136276,116.637108,47.728249,98.641029,4.592752,10.720246,11.032719,70.802483,9.101485,0.002121,118.122299,82.215828,118.438850,7.654838,6.490461,18.137808,97.093529,9.039396,0.000000,0.000000,0.000000,0.000000,0.000000,0.000000,0.000000,0.000000,0.000000,-1.508675,-3.131010,116.613625,4.523829,-35.032822,3.357037,47.183006,9.847498,-20.110825,-7.547745,98.328026,10.590063,-26.706703,-0.568622,70.386826,8.470775,0.984436,0.015564,0.000000,63.251797,8791999905792.000000,0.040150,0.043676,0.004208,0.078822,0.003412,0.001479,0.005232,0.086670,0.007734,0.002275,0.001024,0.005346,0.006483,0.001820,0.022975,0.113626,0.045723,0.029004,0.001706,0.019791,0.002047,0.000910,0.001592,0.014104,0.095655,0.019904,0.004322,0.013080,0.077798,0.007621,0.083371,0.158439,0.021583,0.179856,0.000000,0.187050,0.000000,0.000000,0.000000,0.187050,0.000000,0.000000,0.000000,0.000000,0.000000,0.000000,0.000000,0.079137,0.071942,0.050360,0.000000,0.000000,0.000000,0.000000,0.007194,0.000000,0.079137,0.000000,0.000000,0.000000,0.064748,0.000000,0.057554,0.014388,0.000000,0.000000,0.000000,0.000000,0.000000,0.000000,0.000000,0.000000,0.000000,0.000000,0.000000,0.000000,0.000000,0.000000,0.000000,0.000000,0.000000,0.000000,0.000000,0.000000,0.000000,0.000000,0.000000,0.000000,0.000000,0.000000,0.000000,0.000000,0.000000,0.000000,0.000000,0.000000,0.000000,0.000000,0.000000,0.000000,0.000000,0.000000,0.000000,0.000000,0.000000,0.000000,0.000000,0.000000
/home/ubuntu/all-idb/dataset/healthy/Im148_0.tif,0,12627.500000,603.712769,0.435378,0.486115,0.908127,0.663627,1.144303,5.372441,0.703194,13118.000000,516.499573,0.617928,0.485854,0.943198,0.689405,1.144112,4.509581,0.822039,363.000000,106.769554,0.400149,0.910259,0.714567,0.454887,2.415230,5.603948,0.930067,0.000000,0.000000,0.000000,0.000000,0.000000,0.000000,0.000000,0.000000,0.000000,0.196609,149.296310,73.909973,127.139694,3.462832,13.725174,10.547012,98.417694,10.677893,0.203476,149.339783,75.574654,127.977577,3.469698,16.319214,11.428506,99.649872,12.525688,0.006866,150.584442,123.239998,151.968887,3.434884,12.106204,9.465207,134.931107,9.814374,0.000000,0.000000,0.000000,0.000000,0.000000,0.000000,0.000000,0.000000,0.000000,-1.288132,0.027948,149.296310,3.462832,-49.330025,1.618970,73.909973,13.725174,-24.829193,1.081805,127.139694,10.547012,-36.513412,0.863519,98.417694,10.677893,0.966254,0.033746,0.000000,28.633333,12885000454144.000000,0.038339,0.047575,0.005200,0.101669,0.002716,0.001087,0.005898,0.101901,0.006054,0.001785,0.001087,0.002949,0.004579,0.001164,0.020023,0.094917,0.051300,0.025378,0.001475,0.016608,0.000931,0.000621,0.000776,0.009701,0.102755,0.016376,0.001940,0.010943,0.106480,0.009701,0.091269,0.116802,0.046667,0.135556,0.011111,0.206667,0.002222,0.002222,0.004444,0.051111,0.008889,0.002222,0.000000,0.004444,0.004444,0.000000,0.017778,0.068889,0.015556,0.008889,0.004444,0.008889,0.000000,0.000000,0.004444,0.002222,0.075556,0.000000,0.002222,0.000000,0.213333,0.000000,0.084444,0.013333,0.000000,0.000000,0.000000,0.000000,0.000000,0.000000,0.000000,0.000000,0.000000,0.000000,0.000000,0.000000,0.000000,0.000000,0.000000,0.000000,0.000000,0.000000,0.000000,0.000000,0.000000,0.000000,0.000000,0.000000,0.000000,0.000000,0.000000,0.000000,0.000000,0.000000,0.000000,0.000000,0.000000,0.000000,0.000000,0.000000,0.000000,0.000000,0.000000,0.000000,0.000000,0.000000,0.000000,0.000000
/home/ubuntu/all-idb/dataset/healthy/Im149_0.tif,0,5545.500000,287.320862,0.844144,0.296486,0.973578,0.732756,1.047080,3.858307,0.940930,65025.000000,1020.000000,0.785398,0.000000,1.000000,0.992203,0.000000,4.000000,1.000000,8598.000000,349.847748,0.882773,0.273988,0.985670,0.751048,1.039789,3.772944,0.953844,13903.000000,442.274170,0.893172,0.243101,0.990877,0.762895,1.030927,3.750916,0.954338,0.086487,114.988007,35.590862,74.910728,7.062270,12.460482,11.432065,56.393791,10.512176,1.000000,130.400360,135.215851,153.638992,14.730630,34.952866,25.487358,140.156815,28.922991,0.046982,141.721344,142.582977,150.568039,8.610946,25.260593,21.763556,144.860992,22.073164,0.081558,141.551361,156.821884,163.655746,9.118779,9.658398,4.016164,157.090363,7.680687,-26.733337,-1.548676,-26.563354,-2.056509,-106.992111,-12.800112,-121.231018,2.802084,-75.657310,-10.331491,-88.745018,7.415901,-88.467201,-11.560988,-100.696571,2.831488,0.086487,0.046982,0.081558,1.840857,1.060430,0.039697,0.050988,0.003529,0.078511,0.002646,0.001411,0.004234,0.095625,0.007763,0.002117,0.001059,0.002646,0.006881,0.000353,0.024877,0.089097,0.051517,0.026464,0.001235,0.018701,0.001411,0.000529,0.001941,0.014114,0.108857,0.020113,0.001764,0.016761,0.081687,0.010762,0.086097,0.146613,0.052939,0.066905,0.013316,0.083793,0.003573,0.002923,0.011043,0.085417,0.014615,0.002598,0.003248,0.005196,0.012666,0.003248,0.026957,0.079896,0.046768,0.021760,0.002273,0.014290,0.003573,0.000650,0.002598,0.014290,0.097109,0.011692,0.005846,0.015914,0.071452,0.010718,0.071127,0.141604,0.064733,0.032928,0.015903,0.039476,0.007484,0.002245,0.014780,0.046773,0.017025,0.004303,0.003742,0.006735,0.013845,0.004864,0.023386,0.065856,0.032554,0.033302,0.003929,0.024135,0.002245,0.001310,0.005051,0.025444,0.058372,0.027502,0.008232,0.028625,0.048269,0.022264,0.050327,0.264359,0.000000,0.000000,0.000000,0.000000,0.000000,0.000000,0.000000,0.000000,0.000000,0.000000,0.000000,0.000000
/home/ubuntu/all-idb/dataset/healthy/Im150_0.tif,0,7375.500000,329.948273,0.851353,0.363190,0.978183,0.738214,1.073290,3.841936,0.939905,7617.000000,331.362488,0.871740,0.358803,0.981888,0.739802,1.071337,3.796744,0.948685,19.000000,29.798990,0.268881,0.846310,0.542857,0.197917,1.877264,6.836357,0.916334,0.000000,0.000000,0.000000,0.000000,0.000000,0.000000,0.000000,0.000000,0.000000,0.114685,117.912453,41.758118,76.381050,10.139792,18.196455,13.056957,60.792309,14.152606,0.118378,118.221451,43.296597,77.360146,10.326880,19.950281,14.330149,62.022171,15.594691,0.003693,127.818184,91.078514,107.768593,11.423841,10.919977,18.271940,100.219009,8.339242,0.000000,0.000000,0.000000,0.000000,0.000000,0.000000,0.000000,0.000000,0.000000,-9.905731,-1.284048,117.912453,10.139792,-49.320396,7.276478,41.758118,18.196455,-31.387543,-5.214983,76.381050,13.056957,-39.426701,5.813364,60.792309,14.152606,0.968806,0.031194,0.000000,31.057852,7515999830016.000000,0.032198,0.043906,0.005588,0.078366,0.003060,0.001597,0.007185,0.104311,0.007584,0.002927,0.001330,0.003326,0.009580,0.001730,0.026743,0.104045,0.040048,0.016099,0.001597,0.015168,0.001197,0.000532,0.001730,0.014236,0.112826,0.013970,0.003459,0.014103,0.091272,0.010245,0.082225,0.147818,0.028926,0.107438,0.000000,0.132231,0.000000,0.000000,0.000000,0.049587,0.004132,0.000000,0.000000,0.004132,0.000000,0.000000,0.012397,0.095041,0.152893,0.033058,0.000000,0.000000,0.000000,0.000000,0.000000,0.004132,0.119835,0.000000,0.000000,0.000000,0.107438,0.008264,0.090909,0.049587,0.000000,0.000000,0.000000,0.000000,0.000000,0.000000,0.000000,0.000000,0.000000,0.000000,0.000000,0.000000,0.000000,0.000000,0.000000,0.000000,0.000000,0.000000,0.000000,0.000000,0.000000,0.000000,0.000000,0.000000,0.000000,0.000000,0.000000,0.000000,0.000000,0.000000,0.000000,0.000000,0.000000,0.000000,0.000000,0.000000,0.000000,0.000000,0.000000,0.000000,0.000000,0.000000,0.000000,0.000000
/home/ubuntu/all-idb/dataset/healthy/Im151_0.tif,0,8150.500000,345.404114,0.858498,0.225225,0.981633,0.711958,1.026371,3.825916,0.943537,8324.000000,348.333038,0.862090,0.230094,0.980968,0.713710,1.027571,3.817936,0.945998,14.000000,46.284271,0.082124,0.980882,0.200000,0.105263,5.138673,12.369991,0.882434,0.000000,0.000000,0.000000,0.000000,0.000000,0.000000,0.000000,0.000000,0.000000,0.126572,124.922241,42.826641,91.006027,5.146707,11.254900,10.322747,66.590836,8.773729,0.129257,125.071182,43.792351,91.379295,5.255957,12.983721,10.829488,67.286270,9.945506,0.002686,132.090912,89.306816,108.971588,5.555784,5.294418,17.504360,100.062500,5.969769,0.000000,0.000000,0.000000,0.000000,0.000000,0.000000,0.000000,0.000000,0.000000,-7.168671,-0.409078,124.922241,5.146707,-46.480175,5.960482,42.826641,11.254900,-17.965561,-7.181613,91.006027,10.322747,-33.471664,2.803961,66.590836,8.773729,0.979223,0.020777,0.000000,47.130680,8295000047616.000000,0.037372,0.042676,0.004581,0.089451,0.002170,0.002170,0.007836,0.085594,0.006751,0.002049,0.001085,0.003134,0.007715,0.001206,0.029536,0.088849,0.051356,0.027486,0.001808,0.019289,0.001447,0.000482,0.001567,0.013261,0.086799,0.018807,0.003014,0.016998,0.079566,0.011814,0.094153,0.159976,0.028409,0.073864,0.000000,0.125000,0.000000,0.000000,0.000000,0.136364,0.000000,0.005682,0.000000,0.000000,0.000000,0.000000,0.022727,0.164773,0.085227,0.017045,0.000000,0.005682,0.000000,0.000000,0.000000,0.005682,0.102273,0.005682,0.000000,0.005682,0.102273,0.000000,0.051136,0.062500,0.000000,0.000000,0.000000,0.000000,0.000000,0.000000,0.000000,0.000000,0.000000,0.000000,0.000000,0.000000,0.000000,0.000000,0.000000,0.000000,0.000000,0.000000,0.000000,0.000000,0.000000,0.000000,0.000000,0.000000,0.000000,0.000000,0.000000,0.000000,0.000000,0.000000,0.000000,0.000000,0.000000,0.000000,0.000000,0.000000,0.000000,0.000000,0.000000,0.000000,0.000000,0.000000,0.000000,0.000000
/home/ubuntu/all-idb/dataset/healthy/Im152_0.tif,0,8282.500000,362.433533,0.792345,0.747649,0.975904,0.734004,1.505811,3.982425,0.935289,8728.500000,380.433533,0.757865,0.774625,0.969564,0.713346,1.581226,4.072011,0.929561,83.500000,105.840622,0.093668,0.717269,0.238231,0.089978,1.435139,11.582682,0.858900,0.000000,0.000000,0.000000,0.000000,0.000000,0.000000,0.000000,0.000000,0.000000,0.129059,128.130997,42.517143,92.596947,7.344179,15.372570,12.582248,67.244263,12.614037,0.135696,128.788818,45.252785,93.511635,7.772830,19.266844,12.975216,69.198921,15.040854,0.006638,141.579315,98.443680,111.296555,3.794737,4.392096,5.573489,107.204597,3.526840,0.000000,0.000000,0.000000,0.000000,0.000000,0.000000,0.000000,0.000000,0.000000,-13.448318,3.549442,128.130997,7.344179,-55.926537,10.980474,42.517143,15.372570,-18.699608,7.008759,92.596947,12.582248,-39.960335,9.087196,67.244263,12.614037,0.951085,0.048915,0.000000,19.443678,8458000138240.000000,0.028967,0.043982,0.001537,0.087373,0.002365,0.001537,0.006503,0.097659,0.005793,0.001655,0.000709,0.002719,0.005675,0.001301,0.019508,0.112320,0.064081,0.022227,0.001419,0.016671,0.001301,0.000355,0.000709,0.012296,0.128163,0.014188,0.002128,0.012887,0.091156,0.007803,0.078033,0.126980,0.062069,0.034483,0.004598,0.087356,0.002299,0.000000,0.006897,0.124138,0.002299,0.000000,0.000000,0.000000,0.000000,0.000000,0.009195,0.112644,0.080460,0.045977,0.002299,0.011494,0.000000,0.000000,0.000000,0.006897,0.126437,0.013793,0.002299,0.002299,0.114943,0.006897,0.082759,0.057471,0.000000,0.000000,0.000000,0.000000,0.000000,0.000000,0.000000,0.000000,0.000000,0.000000,0.000000,0.000000,0.000000,0.000000,0.000000,0.000000,0.000000,0.000000,0.000000,0.000000,0.000000,0.000000,0.000000,0.000000,0.000000,0.000000,0.000000,0.000000,0.000000,0.000000,0.000000,0.000000,0.000000,0.000000,0.000000,0.000000,0.000000,0.000000,0.000000,0.000000,0.000000,0.000000,0.000000,0.000000
/home/ubuntu/all-idb/dataset/healthy/Im153_0.tif,0,8269.500000,344.433533,0.875948,0.439621,0.984464,0.744329,1.113358,3.787615,0.950568,8490.500000,347.605133,0.883021,0.456728,0.986293,0.750575,1.124093,3.772416,0.953601,2.000000,82.426407,0.003699,0.945315,0.017857,0.003472,3.066003,58.284271,0.941777,0.000000,0.000000,0.000000,0.000000,0.000000,0.000000,0.000000,0.000000,0.000000,0.128418,123.590065,46.195225,62.984673,8.769599,17.617884,12.064638,60.041470,13.726633,0.131821,123.880890,47.513832,63.826485,8.880529,19.210714,13.104082,61.100243,15.046740,0.003403,134.856506,97.278030,95.596413,5.394486,6.391124,11.089459,101.058296,4.578289,0.000000,0.000000,0.000000,0.000000,0.000000,0.000000,0.000000,0.000000,0.000000,-11.266441,3.375113,123.590065,8.769599,-51.082806,11.226759,46.195225,17.617884,-32.611740,0.975179,62.984673,12.064638,-41.016827,9.148344,60.041470,13.726633,0.974187,0.025813,0.000000,37.739910,8415999950848.000000,0.037072,0.051687,0.003446,0.080561,0.002495,0.001307,0.005228,0.087928,0.006892,0.002258,0.001069,0.003327,0.007248,0.001069,0.021031,0.096008,0.052994,0.032795,0.001545,0.019843,0.001069,0.000356,0.001426,0.012239,0.093988,0.018061,0.002733,0.014496,0.096126,0.008674,0.091374,0.143655,0.013453,0.067265,0.000000,0.161435,0.000000,0.000000,0.000000,0.089686,0.000000,0.000000,0.000000,0.000000,0.000000,0.000000,0.013453,0.094170,0.085202,0.031390,0.000000,0.000000,0.000000,0.000000,0.000000,0.000000,0.165919,0.000000,0.000000,0.000000,0.125561,0.000000,0.121076,0.031390,0.000000,0.000000,0.000000,0.000000,0.000000,0.000000,0.000000,0.000000,0.000000,0.000000,0.000000,0.000000,0.000000,0.000000,0.000000,0.000000,0.000000,0.000000,0.000000,0.000000,0.000000,0.000000,0.000000,0.000000,0.000000,0.000000,0.000000,0.000000,0.000000,0.000000,0.000000,0.000000,0.000000,0.000000,0.000000,0.000000,0.000000,0.000000,0.000000,0.000000,0.000000,0.000000,0.000000,0.000000
/home/ubuntu/all-idb/dataset/healthy/Im154_0.tif,0,11001.000000,468.073151,0.630978,0.534978,0.882764,0.627338,1.183620,4.462699,0.868206,11175.000000,459.102600,0.666251,0.526757,0.888633,0.627738,1.176448,4.342961,0.888930,18.500000,19.899494,0.587080,0.528691,0.770833,0.377551,1.178114,4.626539,0.931513,0.000000,0.000000,0.000000,0.000000,0.000000,0.000000,0.000000,0.000000,0.000000,0.170898,137.048569,62.762768,104.638039,5.454173,14.348913,17.045633,83.749733,12.753457,0.173523,137.072983,63.328964,104.890259,5.457808,14.977596,17.189276,84.159866,13.114680,0.002625,138.662796,100.197678,121.313957,5.459386,6.686188,18.488062,110.866280,7.501133,0.000000,0.000000,0.000000,0.000000,0.000000,0.000000,0.000000,0.000000,0.000000,-1.614227,-0.005213,137.048569,5.454173,-37.434910,7.662725,62.762768,14.348913,-16.675919,-1.442429,104.638039,17.045633,-27.116547,5.252324,83.749733,12.753457,0.984875,0.015125,0.000000,65.116280,11199999639552.000000,0.039018,0.052589,0.003839,0.085357,0.002857,0.001607,0.004464,0.080000,0.004911,0.001875,0.000982,0.003214,0.006250,0.001696,0.020536,0.075268,0.067054,0.033304,0.002232,0.020000,0.001429,0.000714,0.001250,0.009911,0.103929,0.019375,0.003214,0.013304,0.097946,0.010089,0.102054,0.129732,0.029070,0.168605,0.023256,0.110465,0.000000,0.000000,0.000000,0.203488,0.000000,0.000000,0.000000,0.000000,0.000000,0.000000,0.011628,0.011628,0.087209,0.023256,0.000000,0.000000,0.000000,0.000000,0.000000,0.005814,0.139535,0.005814,0.000000,0.000000,0.063953,0.000000,0.104651,0.011628,0.000000,0.000000,0.000000,0.000000,0.000000,0.000000,0.000000,0.000000,0.000000,0.000000,0.000000,0.000000,0.000000,0.000000,0.000000,0.000000,0.000000,0.000000,0.000000,0.000000,0.000000,0.000000,0.000000,0.000000,0.000000,0.000000,0.000000,0.000000,0.000000,0.000000,0.000000,0.000000,0.000000,0.000000,0.000000,0.000000,0.000000,0.000000,0.000000,0.000000,0.000000,0.000000,0.000000,0.000000
/home/ubuntu/all-idb/dataset/healthy/Im155_0.tif,0,8407.000000,351.705627,0.854068,0.279673,0.977786,0.742012,1.041563,3.835825,0.940997,8507.000000,352.877197,0.858498,0.288562,0.979279,0.750838,1.044429,3.825916,0.941644,0.500000,16.727922,0.022454,0.999566,0.111111,0.011905,33.960224,23.656855,0.950234,0.000000,0.000000,0.000000,0.000000,0.000000,0.000000,0.000000,0.000000,0.000000,0.130600,149.431717,56.368736,96.334969,5.327106,16.769352,14.333983,78.926628,13.155731,0.132141,149.441101,56.934063,96.547577,5.388091,17.478569,14.432792,79.323326,13.601482,0.001541,150.237625,104.841583,114.564354,9.152339,6.451238,10.988216,112.940598,7.230055,0.000000,0.000000,0.000000,0.000000,0.000000,0.000000,0.000000,0.000000,0.000000,-0.805908,-3.825233,149.431717,5.327106,-48.472847,10.318113,56.368736,16.769352,-18.229385,3.345767,96.334969,14.333983,-34.013969,5.925676,78.926628,13.155731,0.988337,0.011663,0.000000,84.742577,8559000027136.000000,0.034583,0.045800,0.003505,0.080851,0.001168,0.001168,0.004323,0.088328,0.005842,0.001402,0.000234,0.002804,0.003972,0.001402,0.024302,0.108541,0.050707,0.026054,0.001636,0.016824,0.001285,0.000701,0.002337,0.010398,0.109826,0.015072,0.003622,0.010398,0.096623,0.007478,0.109826,0.128987,0.019802,0.108911,0.000000,0.089109,0.009901,0.000000,0.000000,0.118812,0.009901,0.000000,0.000000,0.000000,0.000000,0.000000,0.019802,0.059406,0.168317,0.000000,0.000000,0.000000,0.000000,0.000000,0.000000,0.019802,0.118812,0.000000,0.000000,0.000000,0.069307,0.000000,0.138614,0.049505,0.000000,0.000000,0.000000,0.000000,0.000000,0.000000,0.000000,0.000000,0.000000,0.000000,0.000000,0.000000,0.000000,0.000000,0.000000,0.000000,0.000000,0.000000,0.000000,0.000000,0.000000,0.000000,0.000000,0.000000,0.000000,0.000000,0.000000,0.000000,0.000000,0.000000,0.000000,0.000000,0.000000,0.000000,0.000000,0.000000,0.000000,0.000000,0.000000,0.000000,0.000000,0.000000,0.000000,0.000000
/home/ubuntu/all-idb/dataset/healthy/Im156_0.tif,0,7786.000000,345.220337,0.820978,0.447384,0.975078,0.771349,1.118141,3.912363,0.925486,7930.000000,341.563477,0.854162,0.427394,0.980647,0.770202,1.106115,3.835613,0.941263,10.500000,25.556349,0.202023,0.599952,0.446809,0.159091,1.249944,7.886860,0.911534,0.000000,0.000000,0.000000,0.000000,0.000000,0.000000,0.000000,0.000000,0.000000,0.121094,145.645035,52.261467,95.072960,5.167764,15.663655,17.354147,75.699089,13.138221,0.123276,145.706650,53.205841,95.396461,5.217236,17.053503,17.473787,76.357468,13.939527,0.002182,149.125870,105.615387,113.349648,6.620446,4.254036,14.437839,112.895103,6.276511,0.000000,0.000000,0.000000,0.000000,0.000000,0.000000,0.000000,0.000000,0.000000,-3.480835,-1.452682,145.645035,5.167764,-53.353920,11.409618,52.261467,15.663655,-18.276688,2.916308,95.072960,17.354147,-37.196014,6.861710,75.699089,13.138221,0.982300,0.017700,0.000000,55.496502,7936000131072.000000,0.029990,0.052167,0.003780,0.117944,0.001764,0.001008,0.006300,0.117818,0.004662,0.001386,0.000504,0.003528,0.008317,0.001134,0.019657,0.094632,0.047253,0.022807,0.000882,0.014869,0.000756,0.000630,0.001260,0.010333,0.088206,0.013861,0.003276,0.009451,0.090600,0.008191,0.101562,0.121472,0.034965,0.062937,0.000000,0.097902,0.000000,0.000000,0.000000,0.111888,0.000000,0.000000,0.000000,0.000000,0.006993,0.000000,0.020979,0.132867,0.048951,0.027972,0.000000,0.006993,0.000000,0.000000,0.000000,0.006993,0.104895,0.006993,0.000000,0.006993,0.146853,0.020979,0.076923,0.076923,0.000000,0.000000,0.000000,0.000000,0.000000,0.000000,0.000000,0.000000,0.000000,0.000000,0.000000,0.000000,0.000000,0.000000,0.000000,0.000000,0.000000,0.000000,0.000000,0.000000,0.000000,0.000000,0.000000,0.000000,0.000000,0.000000,0.000000,0.000000,0.000000,0.000000,0.000000,0.000000,0.000000,0.000000,0.000000,0.000000,0.000000,0.000000,0.000000,0.000000,0.000000,0.000000,0.000000,0.000000
/home/ubuntu/all-idb/dataset/healthy/Im157_0.tif,0,9209.000000,384.333038,0.783442,0.739876,0.966469,0.728099,1.486451,4.004991,0.935328,9298.500000,383.747253,0.793473,0.739015,0.969351,0.727355,1.484366,3.979595,0.939979,0.000000,0.000000,0.000000,0.000000,0.000000,0.000000,0.000000,0.000000,0.000000,0.000000,0.000000,0.000000,0.000000,0.000000,0.000000,0.000000,0.000000,0.000000,0.143036,147.878708,58.516960,102.064110,6.411525,19.644018,17.041967,81.722633,15.434400,0.144394,147.877945,58.945999,102.204376,6.415679,20.049034,17.050234,82.016907,15.666992,0.001358,147.797760,104.134834,116.977531,6.838719,5.813952,10.003345,113.011238,6.132423,0.000000,0.000000,0.000000,0.000000,0.000000,0.000000,0.000000,0.000000,0.000000,0.080948,-0.427194,147.878708,6.411525,-45.617874,13.830066,58.516960,19.644018,-14.913422,7.038622,102.064110,17.041967,-31.288605,9.301976,81.722633,15.434400,0.990595,0.009405,0.000000,105.325844,9373999955968.000000,0.037337,0.057926,0.004374,0.088329,0.001600,0.001173,0.005334,0.084382,0.005334,0.002774,0.000853,0.003094,0.006614,0.001067,0.027416,0.095370,0.060806,0.029123,0.001387,0.015895,0.002347,0.000427,0.001707,0.010028,0.077448,0.014722,0.002240,0.009921,0.100597,0.008214,0.118519,0.123640,0.022472,0.101124,0.000000,0.146067,0.000000,0.000000,0.011236,0.056180,0.011236,0.000000,0.000000,0.000000,0.000000,0.000000,0.011236,0.033708,0.022472,0.033708,0.000000,0.011236,0.011236,0.000000,0.000000,0.022472,0.134831,0.022472,0.000000,0.011236,0.179775,0.000000,0.134831,0.022472,0.000000,0.000000,0.000000,0.000000,0.000000,0.000000,0.000000,0.000000,0.000000,0.000000,0.000000,0.000000,0.000000,0.000000,0.000000,0.000000,0.000000,0.000000,0.000000,0.000000,0.000000,0.000000,0.000000,0.000000,0.000000,0.000000,0.000000,0.000000,0.000000,0.000000,0.000000,0.000000,0.000000,0.000000,0.000000,0.000000,0.000000,0.000000,0.000000,0.000000,0.000000,0.000000,0.000000,0.000000
/home/ubuntu/all-idb/dataset/healthy/Im158_0.tif,0,6906.000000,334.048767,0.777708,0.477577,0.951633,0.734290,1.138187,4.019727,0.912215,7030.000000,332.391907,0.799584,0.466747,0.956723,0.739689,1.130721,3.964357,0.923182,3.500000,29.556349,0.050347,0.920348,0.129630,0.043750,2.556892,15.798533,0.826919,0.000000,0.000000,0.000000,0.000000,0.000000,0.000000,0.000000,0.000000,0.000000,0.107574,140.798859,47.993900,88.498016,7.279513,17.922411,17.100008,70.687096,15.265636,0.109467,140.941177,48.973793,89.015892,7.359777,19.264982,17.437618,71.432953,16.160788,0.001892,149.032257,104.685486,118.459679,7.372502,7.164392,9.210268,113.838707,5.540739,0.000000,0.000000,0.000000,0.000000,0.000000,0.000000,0.000000,0.000000,0.000000,-8.233398,-0.092989,140.798859,7.279513,-56.691586,10.758019,47.993900,17.922411,-29.961662,7.889740,88.498016,17.100008,-43.151611,9.724897,70.687096,15.265636,0.982715,0.017285,0.000000,56.854839,7050000072704.000000,0.033759,0.050071,0.002695,0.096170,0.001418,0.000567,0.006099,0.115887,0.004681,0.001560,0.000567,0.002553,0.006809,0.001277,0.018298,0.097731,0.073333,0.028652,0.001560,0.015177,0.001560,0.000851,0.000709,0.011489,0.110496,0.015177,0.001986,0.013759,0.082411,0.007660,0.076028,0.119007,0.040323,0.080645,0.000000,0.120968,0.000000,0.000000,0.000000,0.080645,0.008065,0.008065,0.000000,0.000000,0.000000,0.000000,0.008065,0.080645,0.072581,0.024194,0.000000,0.000000,0.000000,0.000000,0.000000,0.016129,0.177419,0.008065,0.000000,0.000000,0.169355,0.008065,0.064516,0.032258,0.000000,0.000000,0.000000,0.000000,0.000000,0.000000,0.000000,0.000000,0.000000,0.000000,0.000000,0.000000,0.000000,0.000000,0.000000,0.000000,0.000000,0.000000,0.000000,0.000000,0.000000,0.000000,0.000000,0.000000,0.000000,0.000000,0.000000,0.000000,0.000000,0.000000,0.000000,0.000000,0.000000,0.000000,0.000000,0.000000,0.000000,0.000000,0.000000,0.000000,0.000000,0.000000,0.000000,0.000000
/home/ubuntu/all-idb/dataset/healthy/Im159_0.tif,0,7267.500000,339.119843,0.794124,0.455800,0.963859,0.750620,1.123492,3.977962,0.920504,7363.000000,336.391907,0.817662,0.444418,0.968625,0.760483,1.116297,3.920290,0.932766,6.500000,19.899494,0.206271,0.693578,0.419355,0.180556,1.388154,7.805224,0.923221,0.000000,0.000000,0.000000,0.000000,0.000000,0.000000,0.000000,0.000000,0.000000,0.113113,140.944290,49.078239,88.086067,5.751802,14.583450,14.228148,71.207336,12.136250,0.114578,141.034088,49.780132,88.448532,5.793895,15.757839,14.527289,71.737778,12.937811,0.001465,147.968750,103.979164,116.437500,4.731220,4.922269,9.041354,112.697914,4.460754,0.000000,0.000000,0.000000,0.000000,0.000000,0.000000,0.000000,0.000000,0.000000,-7.024460,1.020583,140.944290,5.751802,-54.900925,9.661181,49.078239,14.583450,-28.351433,5.186793,88.086067,14.228148,-41.490578,7.675496,71.207336,12.136250,0.987215,0.012785,0.000000,77.218750,7412999782400.000000,0.035074,0.047079,0.004182,0.084311,0.004047,0.000944,0.006205,0.076352,0.006205,0.001484,0.000405,0.003642,0.006745,0.001079,0.022663,0.101443,0.070822,0.026845,0.001349,0.017267,0.000674,0.000809,0.002428,0.012950,0.104546,0.017941,0.002968,0.015243,0.087819,0.011466,0.086605,0.138406,0.031250,0.062500,0.000000,0.125000,0.000000,0.000000,0.000000,0.093750,0.010417,0.000000,0.000000,0.000000,0.010417,0.000000,0.010417,0.093750,0.229167,0.031250,0.000000,0.000000,0.010417,0.000000,0.000000,0.000000,0.135417,0.000000,0.000000,0.000000,0.072917,0.000000,0.052083,0.031250,0.000000,0.000000,0.000000,0.000000,0.000000,0.000000,0.000000,0.000000,0.000000,0.000000,0.000000,0.000000,0.000000,0.000000,0.000000,0.000000,0.000000,0.000000,0.000000,0.000000,0.000000,0.000000,0.000000,0.000000,0.000000,0.000000,0.000000,0.000000,0.000000,0.000000,0.000000,0.000000,0.000000,0.000000,0.000000,0.000000,0.000000,0.000000,0.000000,0.000000,0.000000,0.000000,0.000000,0.000000
/home/ubuntu/all-idb/dataset/healthy/Im160_0.tif,0,8217.000000,350.190918,0.842003,0.467722,0.980081,0.727168,1.131381,3.863209,0.949103,8326.000000,352.190918,0.843510,0.470929,0.982303,0.723120,1.133567,3.859757,0.948247,7.500000,61.497475,0.024920,0.994466,0.166667,0.016304,9.518044,22.455702,0.952759,0.000000,0.000000,0.000000,0.000000,0.000000,0.000000,0.000000,0.000000,0.000000,0.127670,151.628418,57.419266,92.726906,5.983841,21.362436,14.517897,78.711365,15.866238,0.129349,151.649872,58.092720,92.954819,5.996685,22.026464,14.578080,79.177422,16.288326,0.001678,153.281815,109.318184,110.290909,6.705671,4.257468,6.420628,114.627274,4.943056,0.000000,0.000000,0.000000,0.000000,0.000000,0.000000,0.000000,0.000000,0.000000,-1.653397,-0.721830,151.628418,5.983841,-51.898918,17.104969,57.419266,21.362436,-17.564003,8.097269,92.726906,14.517897,-35.915909,10.923182,78.711365,15.866238,0.987024,0.012976,0.000000,76.063637,8366999994368.000000,0.041951,0.052109,0.004661,0.079957,0.002390,0.000956,0.005856,0.095494,0.004900,0.002151,0.000717,0.003227,0.005976,0.001195,0.021394,0.093223,0.067049,0.034301,0.001315,0.018167,0.000956,0.000478,0.001912,0.011713,0.114019,0.017330,0.002151,0.011713,0.076371,0.008964,0.093821,0.123581,0.063636,0.118182,0.009091,0.072727,0.000000,0.000000,0.000000,0.172727,0.000000,0.000000,0.000000,0.000000,0.000000,0.000000,0.000000,0.018182,0.090909,0.036364,0.009091,0.018182,0.009091,0.009091,0.000000,0.009091,0.209091,0.000000,0.000000,0.018182,0.045455,0.009091,0.018182,0.063636,0.000000,0.000000,0.000000,0.000000,0.000000,0.000000,0.000000,0.000000,0.000000,0.000000,0.000000,0.000000,0.000000,0.000000,0.000000,0.000000,0.000000,0.000000,0.000000,0.000000,0.000000,0.000000,0.000000,0.000000,0.000000,0.000000,0.000000,0.000000,0.000000,0.000000,0.000000,0.000000,0.000000,0.000000,0.000000,0.000000,0.000000,0.000000,0.000000,0.000000,0.000000,0.000000,0.000000,0.000000
/home/ubuntu/all-idb/dataset/healthy/Im161_0.tif,0,8949.000000,398.676178,0.707528,0.834734,0.958394,0.626725,1.816022,4.214374,0.934774,9087.000000,400.676178,0.711284,0.830810,0.958039,0.631568,1.796762,4.203231,0.935096,0.000000,2.000000,0.000000,0.000000,0.000000,0.000000,0.000000,2000000000.000000,1.000000,0.000000,0.000000,0.000000,0.000000,0.000000,0.000000,0.000000,0.000000,0.000000,0.139191,135.428635,54.594715,103.954285,5.661427,13.983307,10.538317,78.566429,11.323782,0.141312,135.469391,55.212936,104.162834,5.727541,14.769634,10.645206,78.996872,11.789826,0.002121,138.143890,95.784172,117.848923,8.657812,5.548689,8.470781,107.244606,5.985404,0.000000,0.000000,0.000000,0.000000,0.000000,0.000000,0.000000,0.000000,0.000000,-2.715256,-2.996386,135.428635,5.661427,-41.189457,8.434618,54.594715,13.983307,-13.894638,2.067535,103.954285,10.538317,-28.678177,5.338378,78.566429,11.323782,0.984991,0.015009,0.000000,65.625900,9121999880192.000000,0.030366,0.036944,0.004714,0.076847,0.002741,0.001206,0.007235,0.113572,0.006029,0.002631,0.001096,0.003289,0.007564,0.001864,0.018965,0.096799,0.037601,0.022144,0.001973,0.017869,0.001535,0.000548,0.001973,0.010963,0.130892,0.017979,0.002960,0.015019,0.091866,0.008770,0.080355,0.145692,0.000000,0.071942,0.000000,0.100719,0.000000,0.000000,0.000000,0.179856,0.000000,0.000000,0.000000,0.000000,0.000000,0.000000,0.000000,0.064748,0.007194,0.000000,0.000000,0.000000,0.007194,0.000000,0.000000,0.000000,0.381295,0.000000,0.000000,0.000000,0.071942,0.000000,0.107914,0.007194,0.000000,0.000000,0.000000,0.000000,0.000000,0.000000,0.000000,0.000000,0.000000,0.000000,0.000000,0.000000,0.000000,0.000000,0.000000,0.000000,0.000000,0.000000,0.000000,0.000000,0.000000,0.000000,0.000000,0.000000,0.000000,0.000000,0.000000,0.000000,0.000000,0.000000,0.000000,0.000000,0.000000,0.000000,0.000000,0.000000,0.000000,0.000000,0.000000,0.000000,0.000000,0.000000,0.000000,0.000000
/home/ubuntu/all-idb/dataset/healthy/Im162_0.tif,0,9422.500000,371.462982,0.858114,0.483966,0.984690,0.766306,1.142744,3.826771,0.949119,9571.500000,373.462982,0.862372,0.448804,0.986956,0.771149,1.119031,3.817311,0.950288,0.000000,0.000000,0.000000,0.000000,0.000000,0.000000,0.000000,0.000000,0.000000,0.000000,0.000000,0.000000,0.000000,0.000000,0.000000,0.000000,0.000000,0.000000,0.146255,144.112366,57.677727,112.435158,4.383471,14.170022,13.842915,83.904015,12.142897,0.148544,144.126755,58.338161,112.712479,4.394136,15.025644,13.955054,84.376785,12.640434,0.002289,145.046661,100.540001,130.433334,4.942788,3.626991,8.659804,114.586670,4.559513,0.000000,0.000000,0.000000,0.000000,0.000000,0.000000,0.000000,0.000000,0.000000,-0.934296,-0.559318,144.112366,4.383471,-42.862274,10.543031,57.677727,14.170022,-17.998177,5.183110,112.435158,13.842915,-30.682655,7.583384,83.904015,12.142897,0.984592,0.015408,0.000000,63.900002,9584999661568.000000,0.038811,0.046009,0.003652,0.083046,0.003130,0.001148,0.004903,0.077726,0.007512,0.001982,0.000835,0.003756,0.006886,0.001774,0.021075,0.071883,0.053834,0.028795,0.001774,0.021075,0.001148,0.001043,0.002817,0.014606,0.108607,0.019823,0.003756,0.015962,0.102660,0.011581,0.102869,0.135524,0.000000,0.026667,0.000000,0.033333,0.000000,0.000000,0.000000,0.206667,0.000000,0.000000,0.000000,0.000000,0.013333,0.000000,0.013333,0.026667,0.193333,0.026667,0.000000,0.000000,0.000000,0.000000,0.000000,0.000000,0.173333,0.000000,0.000000,0.000000,0.093333,0.000000,0.173333,0.020000,0.000000,0.000000,0.000000,0.000000,0.000000,0.000000,0.000000,0.000000,0.000000,0.000000,0.000000,0.000000,0.000000,0.000000,0.000000,0.000000,0.000000,0.000000,0.000000,0.000000,0.000000,0.000000,0.000000,0.000000,0.000000,0.000000,0.000000,0.000000,0.000000,0.000000,0.000000,0.000000,0.000000,0.000000,0.000000,0.000000,0.000000,0.000000,0.000000,0.000000,0.000000,0.000000,0.000000,0.000000
/home/ubuntu/all-idb/dataset/healthy/Im163_0.tif,0,5498.000000,280.249786,0.879679,0.362169,0.986454,0.752120,1.072832,3.779575,0.951074,65025.000000,1020.000000,0.785398,0.000000,1.000000,0.992203,0.000000,4.000000,1.000000,8493.000000,346.190918,0.890512,0.309056,0.990842,0.763073,1.051476,3.756515,0.952913,13730.000000,439.445740,0.893449,0.279150,0.992662,0.770396,1.041398,3.750334,0.951810,0.085724,115.975433,34.579567,70.403343,6.838661,10.183743,12.301757,54.568352,9.465177,1.000000,135.195419,134.763229,147.467758,11.019640,32.646477,25.606655,138.628143,27.743397,0.046127,141.162415,139.490234,150.912003,7.011338,19.444870,17.721712,143.101883,17.260229,0.080521,141.701340,149.635406,159.253174,5.725866,6.172072,5.944723,151.613037,5.883878,-25.186981,-0.172677,-25.725906,1.112795,-104.910667,-9.261127,-115.055840,4.011671,-80.508659,-5.419955,-88.849831,6.357034,-88.533531,-7.795053,-97.044685,3.581299,0.085724,0.046127,0.080521,1.858419,1.064620,0.032752,0.046102,0.004272,0.066216,0.003738,0.001424,0.007298,0.083304,0.006408,0.003204,0.000712,0.005518,0.007476,0.002492,0.024208,0.108758,0.043610,0.022428,0.002136,0.017088,0.001246,0.000712,0.001602,0.015486,0.098434,0.020292,0.004628,0.017088,0.092916,0.010680,0.083660,0.164115,0.052928,0.068806,0.011247,0.082699,0.005954,0.000331,0.011578,0.069467,0.011909,0.003970,0.002316,0.007608,0.008932,0.002646,0.020840,0.091631,0.049289,0.029441,0.004300,0.015547,0.001323,0.000662,0.000992,0.012239,0.103209,0.014224,0.005954,0.016209,0.072114,0.013893,0.070791,0.136950,0.057798,0.034110,0.014213,0.047186,0.007580,0.001706,0.012318,0.039606,0.014592,0.005117,0.004169,0.006633,0.013265,0.004169,0.022361,0.061778,0.020845,0.014213,0.004169,0.026530,0.002843,0.001516,0.003411,0.024635,0.041501,0.024635,0.007580,0.030699,0.054387,0.022361,0.083191,0.290885,0.000000,0.000000,0.000000,0.000000,0.000000,0.000000,0.000000,0.000000,0.000000,0.000000,0.000000,0.000000
/home/ubuntu/all-idb/dataset/healthy/Im164_0.tif,0,8198.500000,355.178711,0.816677,0.681629,0.977233,0.807893,1.366685,3.922652,0.945532,8364.500000,356.350281,0.827743,0.694124,0.979679,0.805518,1.389169,3.896343,0.948951,4.000000,27.656855,0.065715,0.968070,0.307692,0.095238,3.989144,13.828427,0.959034,0.000000,0.000000,0.000000,0.000000,0.000000,0.000000,0.000000,0.000000,0.000000,0.127518,132.454712,48.128277,101.206772,6.452022,13.461064,14.384956,73.616013,11.965552,0.130066,132.588455,49.062531,101.583878,6.514074,14.889913,14.553784,74.292465,12.799100,0.002548,139.281433,95.814369,120.455093,6.083143,4.410959,9.646883,108.143715,5.291814,0.000000,0.000000,0.000000,0.000000,0.000000,0.000000,0.000000,0.000000,0.000000,-6.826721,0.368879,132.454712,6.452022,-47.686092,9.050105,48.128277,13.461064,-19.248322,4.738073,101.206772,14.384956,-34.527702,6.673738,73.616013,11.965552,0.980408,0.019592,0.000000,50.041916,8357000249344.000000,0.035300,0.058035,0.005265,0.106378,0.001675,0.001197,0.006103,0.072035,0.005624,0.002752,0.000718,0.003829,0.005863,0.001556,0.019146,0.061505,0.051693,0.031949,0.001915,0.019983,0.001915,0.000359,0.001436,0.012205,0.090822,0.019624,0.002393,0.012205,0.110686,0.008496,0.116190,0.131148,0.017964,0.083832,0.000000,0.167665,0.000000,0.000000,0.000000,0.083832,0.005988,0.000000,0.000000,0.000000,0.000000,0.000000,0.000000,0.089820,0.107784,0.047904,0.000000,0.000000,0.000000,0.000000,0.000000,0.000000,0.071856,0.005988,0.005988,0.000000,0.137725,0.000000,0.173653,0.000000,0.000000,0.000000,0.000000,0.000000,0.000000,0.000000,0.000000,0.000000,0.000000,0.000000,0.000000,0.000000,0.000000,0.000000,0.000000,0.000000,0.000000,0.000000,0.000000,0.000000,0.000000,0.000000,0.000000,0.000000,0.000000,0.000000,0.000000,0.000000,0.000000,0.000000,0.000000,0.000000,0.000000,0.000000,0.000000,0.000000,0.000000,0.000000,0.000000,0.000000,0.000000,0.000000,0.000000,0.000000
/home/ubuntu/all-idb/dataset/healthy/Im165_0.tif,0,7638.500000,358.776703,0.745709,0.736577,0.956307,0.699881,1.478516,4.105066,0.927825,8150.500000,390.776703,0.670713,0.691456,0.914246,0.712145,1.384240,4.328491,0.895175,166.500000,90.811180,0.253715,0.935000,0.579130,0.239224,2.819692,7.037724,0.859020,114.000000,48.627419,0.605832,0.844939,0.860377,0.475000,1.869640,4.554375,0.946785,0.118912,134.561783,45.514694,89.867188,6.807470,15.643117,15.946084,68.926987,13.024518,0.126968,135.506790,49.303570,91.587914,7.625486,21.097263,16.985647,71.772987,16.790581,0.005981,148.275513,106.346939,118.691330,5.129010,8.844579,11.178246,114.803574,8.240932,0.002075,152.852936,101.992645,112.066177,2.109256,2.696666,3.905505,110.823532,2.603398,-13.713730,1.678460,-18.291153,4.698214,-60.832245,6.798538,-56.477951,12.946451,-28.824142,4.767838,-22.198990,12.040579,-45.876587,4.783587,-41.896545,10.421120,0.936546,0.047110,0.016344,19.880102,57.301472,0.045425,0.072501,0.003850,0.077762,0.002181,0.001283,0.005389,0.068908,0.007314,0.001925,0.000642,0.003208,0.007186,0.001027,0.023226,0.087386,0.072886,0.046067,0.001283,0.020788,0.001925,0.000770,0.001283,0.009496,0.092391,0.017965,0.001796,0.014629,0.073014,0.007314,0.092134,0.137046,0.045918,0.114796,0.002551,0.079082,0.000000,0.002551,0.000000,0.056122,0.002551,0.005102,0.002551,0.002551,0.005102,0.000000,0.017857,0.122449,0.137755,0.056122,0.000000,0.007653,0.000000,0.002551,0.000000,0.002551,0.081633,0.010204,0.007653,0.005102,0.051020,0.005102,0.081633,0.091837,0.044118,0.073529,0.000000,0.022059,0.007353,0.000000,0.000000,0.022059,0.022059,0.000000,0.000000,0.000000,0.000000,0.000000,0.007353,0.029412,0.110294,0.036765,0.000000,0.044118,0.000000,0.007353,0.000000,0.022059,0.095588,0.088235,0.000000,0.036765,0.088235,0.007353,0.080882,0.154412,0.000000,0.000000,0.000000,0.000000,0.000000,0.000000,0.000000,0.000000,0.000000,0.000000,0.000000,0.000000
/home/ubuntu/all-idb/dataset/healthy/Im166_0.tif,0,10648.000000,463.102600,0.623912,0.645654,0.902870,0.721116,1.309534,4.487900,0.863443,10772.000000,463.445740,0.630244,0.642468,0.906887,0.724265,1.304951,4.465301,0.865011,4.000000,24.485281,0.083842,0.823998,0.285714,0.083333,1.764936,12.242640,0.948691,0.000000,0.000000,0.000000,0.000000,0.000000,0.000000,0.000000,0.000000,0.000000,0.165512,140.411636,56.059093,104.860977,5.306005,17.005146,14.595964,80.264961,12.779947,0.167419,140.450241,56.560246,104.987511,5.302204,17.543871,14.589458,80.601624,13.095305,0.001907,143.800003,100.047997,115.968002,3.641977,3.149237,8.626411,109.816002,4.032635,0.000000,0.000000,0.000000,0.000000,0.000000,0.000000,0.000000,0.000000,0.000000,-3.388367,1.664027,140.411636,5.306005,-43.988903,13.855908,56.059093,17.005146,-11.107025,5.969553,104.860977,14.595964,-29.551041,8.747313,80.264961,12.779947,0.988607,0.011393,0.000000,86.776001,10846999674880.000000,0.035678,0.040195,0.003411,0.081589,0.002213,0.001291,0.006638,0.096801,0.005439,0.001567,0.001106,0.003227,0.007191,0.001014,0.020835,0.086568,0.059095,0.026643,0.001198,0.016963,0.001291,0.000645,0.001752,0.012446,0.122707,0.017885,0.002120,0.015027,0.099382,0.009219,0.094035,0.124827,0.008000,0.048000,0.000000,0.152000,0.000000,0.000000,0.000000,0.200000,0.000000,0.000000,0.000000,0.000000,0.000000,0.000000,0.000000,0.120000,0.152000,0.024000,0.000000,0.000000,0.000000,0.000000,0.000000,0.000000,0.192000,0.000000,0.000000,0.000000,0.016000,0.000000,0.048000,0.040000,0.000000,0.000000,0.000000,0.000000,0.000000,0.000000,0.000000,0.000000,0.000000,0.000000,0.000000,0.000000,0.000000,0.000000,0.000000,0.000000,0.000000,0.000000,0.000000,0.000000,0.000000,0.000000,0.000000,0.000000,0.000000,0.000000,0.000000,0.000000,0.000000,0.000000,0.000000,0.000000,0.000000,0.000000,0.000000,0.000000,0.000000,0.000000,0.000000,0.000000,0.000000,0.000000,0.000000,0.000000
/home/ubuntu/all-idb/dataset/healthy/Im167_0.tif,0,11644.000000,482.215302,0.629260,0.665486,0.950065,0.690015,1.339746,4.468789,0.832445,12329.000000,432.759460,0.827265,0.647382,0.980671,0.725235,1.312051,3.897469,0.937710,144.000000,75.254829,0.319524,0.845501,0.596273,0.327273,1.872749,6.271236,0.859010,0.000000,0.000000,0.000000,0.000000,0.000000,0.000000,0.000000,0.000000,0.000000,0.180786,126.064651,52.091492,83.011139,9.724109,24.167973,13.745801,69.767303,18.425909,0.190918,126.585838,54.514385,84.214432,9.772360,25.674625,14.428232,71.607735,19.573311,0.010132,135.885544,97.746986,105.685242,4.577528,5.033546,8.025864,104.447289,4.713502,0.000000,0.000000,0.000000,0.000000,0.000000,0.000000,0.000000,0.000000,0.000000,-9.820892,5.146580,126.064651,9.724109,-45.655495,19.134426,52.091492,24.167973,-22.674103,5.719937,83.011139,13.745801,-34.679985,13.712407,69.767303,18.425909,0.946931,0.053069,0.000000,17.843374,11847999684608.000000,0.040429,0.044396,0.007934,0.076215,0.002870,0.001688,0.008440,0.080014,0.006077,0.002616,0.001182,0.004305,0.008525,0.002194,0.026587,0.096134,0.059673,0.027009,0.002532,0.016205,0.001013,0.000675,0.002026,0.012070,0.082292,0.018231,0.003545,0.012998,0.082292,0.013589,0.105250,0.150996,0.046687,0.066265,0.010542,0.073795,0.003012,0.000000,0.010542,0.076807,0.004518,0.000000,0.003012,0.000000,0.018072,0.001506,0.024096,0.079819,0.073795,0.037651,0.003012,0.013554,0.000000,0.000000,0.004518,0.009036,0.082831,0.013554,0.001506,0.013554,0.081325,0.010542,0.102410,0.134036,0.000000,0.000000,0.000000,0.000000,0.000000,0.000000,0.000000,0.000000,0.000000,0.000000,0.000000,0.000000,0.000000,0.000000,0.000000,0.000000,0.000000,0.000000,0.000000,0.000000,0.000000,0.000000,0.000000,0.000000,0.000000,0.000000,0.000000,0.000000,0.000000,0.000000,0.000000,0.000000,0.000000,0.000000,0.000000,0.000000,0.000000,0.000000,0.000000,0.000000,0.000000,0.000000,0.000000,0.000000
/home/ubuntu/all-idb/dataset/healthy/Im168_0.tif,0,8772.500000,399.060974,0.692237,0.375973,0.958377,0.745200,1.079179,4.260667,0.857581,9369.500000,373.605133,0.843530,0.297660,0.978231,0.760511,1.047480,3.859710,0.937379,178.000000,383.989899,0.015170,0.218025,0.035147,0.019732,1.024650,28.781260,0.746458,0.000000,0.000000,0.000000,0.000000,0.000000,0.000000,0.000000,0.000000,0.000000,0.136459,125.538071,47.642178,89.303368,7.341488,18.711081,12.568168,68.977974,13.952960,0.145432,126.202499,50.655022,90.426605,7.634962,21.640640,13.174764,71.158012,16.008017,0.008972,136.307816,96.477890,107.510201,4.038354,5.333234,10.001781,104.314629,4.589769,0.000000,0.000000,0.000000,0.000000,0.000000,0.000000,0.000000,0.000000,0.000000,-10.769745,3.303133,125.538071,7.341488,-48.835712,13.377846,47.642178,18.711081,-18.206833,2.566387,89.303368,12.568168,-35.336655,9.363192,68.977974,13.952960,0.938307,0.061693,0.000000,15.209184,8942999568384.000000,0.033769,0.049760,0.003690,0.083753,0.002907,0.001454,0.005367,0.090685,0.004920,0.001454,0.001006,0.003019,0.007156,0.001118,0.022364,0.093816,0.065750,0.028849,0.001454,0.016214,0.001118,0.000559,0.001677,0.012971,0.111372,0.017108,0.003131,0.011294,0.093481,0.008275,0.094264,0.126244,0.054422,0.057823,0.003401,0.102041,0.003401,0.000000,0.011905,0.102041,0.005102,0.000000,0.000000,0.001701,0.010204,0.003401,0.010204,0.057823,0.096939,0.044218,0.003401,0.011905,0.000000,0.000000,0.000000,0.006803,0.125850,0.020408,0.003401,0.011905,0.108844,0.003401,0.076531,0.062925,0.000000,0.000000,0.000000,0.000000,0.000000,0.000000,0.000000,0.000000,0.000000,0.000000,0.000000,0.000000,0.000000,0.000000,0.000000,0.000000,0.000000,0.000000,0.000000,0.000000,0.000000,0.000000,0.000000,0.000000,0.000000,0.000000,0.000000,0.000000,0.000000,0.000000,0.000000,0.000000,0.000000,0.000000,0.000000,0.000000,0.000000,0.000000,0.000000,0.000000,0.000000,0.000000,0.000000,0.000000
/home/ubuntu/all-idb/dataset/healthy/Im169_0.tif,0,7690.000000,344.534058,0.814089,0.490592,0.970041,0.729256,1.147593,3.928882,0.929078,8191.500000,358.575684,0.800593,0.450305,0.963876,0.697624,1.119978,3.961860,0.923478,120.000000,232.651794,0.027860,0.348348,0.073755,0.027972,1.066820,21.238106,0.848731,0.000000,0.000000,0.000000,0.000000,0.000000,0.000000,0.000000,0.000000,0.000000,0.119598,114.938377,43.549374,79.647614,7.214987,14.425798,11.145645,62.478951,11.877028,0.127304,115.725876,46.298332,81.047707,7.710497,17.710926,12.192339,64.601105,14.247274,0.007706,127.948517,88.964355,102.778221,3.901424,3.818496,5.015059,97.538612,3.044715,0.000000,0.000000,0.000000,0.000000,0.000000,0.000000,0.000000,0.000000,0.000000,-13.010139,3.313562,114.938377,7.214987,-45.414982,10.607303,43.549374,14.425798,-23.130608,6.130587,79.647614,11.145645,-35.059662,8.832314,62.478951,11.877028,0.939470,0.060530,0.000000,15.520792,7838000218112.000000,0.034575,0.053585,0.003062,0.086119,0.001786,0.001148,0.003955,0.087522,0.004338,0.002424,0.001148,0.003062,0.007527,0.001659,0.023348,0.105639,0.054989,0.028579,0.001531,0.018372,0.002041,0.000255,0.001276,0.010845,0.084715,0.017607,0.002679,0.012631,0.085098,0.009186,0.102322,0.146976,0.045545,0.091089,0.005941,0.132673,0.001980,0.001980,0.007921,0.108911,0.005941,0.000000,0.000000,0.001980,0.007921,0.005941,0.021782,0.095050,0.051485,0.031683,0.001980,0.003960,0.000000,0.000000,0.000000,0.003960,0.087129,0.009901,0.000000,0.003960,0.099010,0.007921,0.073267,0.091089,0.000000,0.000000,0.000000,0.000000,0.000000,0.000000,0.000000,0.000000,0.000000,0.000000,0.000000,0.000000,0.000000,0.000000,0.000000,0.000000,0.000000,0.000000,0.000000,0.000000,0.000000,0.000000,0.000000,0.000000,0.000000,0.000000,0.000000,0.000000,0.000000,0.000000,0.000000,0.000000,0.000000,0.000000,0.000000,0.000000,0.000000,0.000000,0.000000,0.000000,0.000000,0.000000,0.000000,0.000000
/home/ubuntu/all-idb/dataset/healthy/Im170_0.tif,0,8090.000000,338.048767,0.889610,0.423272,0.988454,0.770917,1.103750,3.758418,0.954446,65025.000000,1020.000000,0.785398,0.000000,1.000000,0.992203,0.000000,4.000000,1.000000,11653.000000,403.989899,0.897236,0.368437,0.991534,0.777178,1.075671,3.742412,0.955471,17669.000000,497.244720,0.898011,0.346959,0.993282,0.780502,1.066234,3.740798,0.954016,0.125671,134.783997,43.616924,101.895584,6.574181,13.745379,14.311960,71.436378,11.832353,1.000000,142.571472,137.461777,156.975342,14.559604,40.585686,23.553722,143.875839,31.671036,0.054794,152.675858,142.209976,152.218597,7.402587,23.746443,18.800982,146.397659,20.137817,0.092407,152.327118,163.151581,170.051193,11.494564,14.096249,7.136642,163.980850,11.547528,-17.891861,-0.828407,-17.543121,-4.920383,-98.593048,-10.001063,-119.534653,-0.350869,-50.323013,-4.489021,-68.155609,7.175318,-74.961281,-8.305465,-92.544472,0.284824,0.125671,0.054794,0.092407,2.293512,1.359974,0.032297,0.047717,0.005342,0.090335,0.002428,0.000486,0.007285,0.109276,0.006071,0.001578,0.001093,0.003643,0.008378,0.002428,0.026348,0.113040,0.041282,0.019791,0.001821,0.014570,0.001943,0.000243,0.002064,0.015663,0.088757,0.017363,0.003035,0.011656,0.075036,0.009471,0.084871,0.154687,0.037316,0.058480,0.007240,0.086327,0.003342,0.000835,0.006405,0.109440,0.007519,0.001671,0.000835,0.003620,0.008076,0.001392,0.017822,0.115010,0.090504,0.019772,0.001114,0.009468,0.000278,0.000557,0.003342,0.006126,0.099415,0.011974,0.002228,0.010304,0.111390,0.007797,0.073239,0.087162,0.052345,0.022787,0.014861,0.069848,0.005284,0.002642,0.013871,0.056308,0.013045,0.004624,0.003633,0.006110,0.014531,0.004624,0.031869,0.110799,0.022622,0.011229,0.004789,0.021466,0.002642,0.001486,0.003963,0.023778,0.034841,0.023943,0.006440,0.027411,0.037483,0.024273,0.060601,0.265852,0.000000,0.000000,0.000000,0.000000,0.000000,0.000000,0.000000,0.000000,0.000000,0.000000,0.000000,0.000000
/home/ubuntu/all-idb/dataset/healthy/Im171_0.tif,0,2709.500000,241.521866,0.583695,0.353453,0.861116,0.594710,1.069001,4.639935,0.848803,65025.000000,1020.000000,0.785398,0.000000,1.000000,0.992203,0.000000,4.000000,1.000000,5271.500000,288.977692,0.793260,0.408669,0.954895,0.688545,1.095671,3.980130,0.928639,9724.500000,376.232544,0.863305,0.309317,0.980342,0.728973,1.051570,3.815248,0.948177,0.042908,136.997162,78.266006,114.723686,5.252581,21.038094,10.049810,95.865219,15.556644,1.000000,138.602676,144.768204,156.943726,13.919936,23.189522,13.772823,147.703110,18.586424,0.039398,142.716110,127.369865,133.781952,3.957311,14.147472,12.105210,131.034851,11.830865,0.068512,148.010468,155.450562,158.134750,4.979166,12.506885,13.307110,155.402679,11.605351,-5.718948,1.295270,-11.013306,0.273415,-49.103859,6.890621,-77.184555,8.531209,-19.058266,-2.055400,-43.411064,-3.257299,-35.169632,3.725780,-59.537460,3.951293,0.042908,0.039398,0.068512,1.089078,0.626281,0.032361,0.043741,0.004267,0.094595,0.003556,0.001422,0.006401,0.096373,0.004623,0.000000,0.000356,0.002489,0.008535,0.001778,0.024893,0.117354,0.063656,0.034139,0.001422,0.016003,0.001067,0.000356,0.000711,0.011380,0.091750,0.013869,0.001778,0.010313,0.102063,0.008535,0.074680,0.125533,0.032146,0.045701,0.004260,0.108056,0.005035,0.000775,0.004260,0.152208,0.008521,0.001936,0.000775,0.003098,0.008908,0.001549,0.024787,0.111929,0.061967,0.029822,0.002324,0.011232,0.000387,0.000387,0.001549,0.005035,0.075136,0.011232,0.003873,0.006584,0.062742,0.006197,0.100310,0.107281,0.045657,0.033185,0.010913,0.057016,0.004677,0.000891,0.009354,0.049220,0.012027,0.003786,0.002004,0.005122,0.013586,0.002450,0.020713,0.076169,0.055011,0.022717,0.002450,0.019599,0.002895,0.000668,0.003341,0.017149,0.085301,0.022717,0.006013,0.019822,0.090423,0.013586,0.080624,0.210913,0.000000,0.000000,0.000000,0.000000,0.000000,0.000000,0.000000,0.000000,0.000000,0.000000,0.000000,0.000000
/home/ubuntu/all-idb/dataset/healthy/Im172_0.tif,0,1502.000000,188.308655,0.532279,0.609384,0.829605,0.593676,1.261233,4.858871,0.823626,64519.500000,1014.384766,0.787944,0.630571,0.996656,0.984489,1.288442,3.993532,0.992733,3571.500000,234.350281,0.817202,0.504679,0.968805,0.721515,1.158337,3.921391,0.932141,7265.000000,323.705627,0.871254,0.401439,0.985686,0.750362,1.091839,3.797803,0.947856,0.024124,136.330811,65.015182,116.848831,4.093004,16.269661,9.582983,88.644531,12.251379,0.992203,138.623154,148.610107,159.720810,14.840693,22.791300,10.923429,150.798859,17.810928,0.031876,147.135956,141.287216,151.189560,6.378345,21.856966,14.477313,144.921021,17.315836,0.056961,145.929016,159.953659,163.917755,10.441245,11.679543,5.967628,159.543793,9.458640,-10.805145,-2.285341,-9.598206,-6.348241,-76.272034,-5.587305,-94.938477,4.590117,-34.340729,-4.894330,-47.068924,3.615355,-56.276489,-5.064457,-70.899261,2.792739,0.024314,0.032126,0.057409,0.756821,0.423520,0.025300,0.044276,0.002530,0.112587,0.001265,0.000000,0.003163,0.119545,0.000633,0.002530,0.000633,0.000633,0.005060,0.000633,0.013283,0.101202,0.051233,0.036686,0.001898,0.009488,0.000000,0.000000,0.001265,0.010120,0.094244,0.008855,0.000633,0.010120,0.117647,0.009488,0.103732,0.111322,0.033030,0.071805,0.007659,0.111537,0.004787,0.002872,0.004787,0.080421,0.002872,0.002872,0.001436,0.004308,0.005744,0.001915,0.022020,0.088559,0.054572,0.037817,0.001436,0.014361,0.000000,0.000957,0.000479,0.005266,0.125419,0.012446,0.002872,0.008617,0.102441,0.005266,0.083772,0.097654,0.055184,0.050897,0.014466,0.069113,0.004286,0.002143,0.010447,0.039646,0.014733,0.004018,0.002679,0.006161,0.013662,0.002143,0.027324,0.071256,0.035896,0.031074,0.004822,0.027592,0.001339,0.002143,0.004286,0.020091,0.037771,0.029735,0.006697,0.035628,0.033753,0.021698,0.072060,0.247254,0.000000,0.000000,0.000000,0.000000,0.000000,0.000000,0.000000,0.000000,0.000000,0.000000,0.000000,0.000000
/home/ubuntu/all-idb/dataset/healthy/Im173_0.tif,0,12084.000000,449.872131,0.750313,0.529445,0.958059,0.637241,1.178767,4.092453,0.933019,12199.500000,450.801086,0.754366,0.571673,0.959684,0.638985,1.218797,4.081445,0.933765,0.000000,0.000000,0.000000,0.000000,0.000000,0.000000,0.000000,0.000000,0.000000,0.000000,0.000000,0.000000,0.000000,0.000000,0.000000,0.000000,0.000000,0.000000,0.187241,120.540871,48.496292,104.768394,5.530155,11.415281,9.837925,73.531822,9.789485,0.189026,120.564499,48.842831,104.930336,5.566195,11.917584,9.949821,73.786247,10.098433,0.001785,123.042732,85.188034,121.914528,8.168517,6.137918,6.325328,100.470085,5.251898,0.000000,0.000000,0.000000,0.000000,0.000000,0.000000,0.000000,0.000000,0.000000,-2.501862,-2.638362,120.540871,5.530155,-36.691742,5.277363,48.496292,11.415281,-17.146133,3.512597,104.768394,9.837925,-26.938263,4.537587,73.531822,9.789485,0.990555,0.009445,0.000000,104.880341,12271000485888.000000,0.039361,0.042295,0.006112,0.090783,0.002852,0.001467,0.008475,0.082715,0.007090,0.002037,0.000733,0.004401,0.009372,0.001630,0.027708,0.095917,0.043599,0.023551,0.001222,0.018580,0.001793,0.000570,0.002200,0.013446,0.088420,0.018091,0.003097,0.015321,0.076277,0.010187,0.092902,0.167794,0.025641,0.042735,0.000000,0.111111,0.000000,0.000000,0.000000,0.042735,0.000000,0.000000,0.000000,0.000000,0.000000,0.000000,0.000000,0.000000,0.170940,0.017094,0.000000,0.000000,0.000000,0.000000,0.000000,0.000000,0.367521,0.000000,0.000000,0.000000,0.068376,0.000000,0.128205,0.025641,0.000000,0.000000,0.000000,0.000000,0.000000,0.000000,0.000000,0.000000,0.000000,0.000000,0.000000,0.000000,0.000000,0.000000,0.000000,0.000000,0.000000,0.000000,0.000000,0.000000,0.000000,0.000000,0.000000,0.000000,0.000000,0.000000,0.000000,0.000000,0.000000,0.000000,0.000000,0.000000,0.000000,0.000000,0.000000,0.000000,0.000000,0.000000,0.000000,0.000000,0.000000,0.000000,0.000000,0.000000
/home/ubuntu/all-idb/dataset/healthy/Im174_0.tif,0,2929.000000,273.078217,0.493577,0.714095,0.813385,0.588507,1.428472,5.045769,0.822337,65025.000000,1020.000000,0.785398,0.000000,1.000000,0.992203,0.000000,4.000000,1.000000,5768.500000,318.977692,0.712446,0.625877,0.932810,0.702020,1.282181,4.199802,0.902614,10559.500000,402.776703,0.817946,0.561238,0.973764,0.749060,1.208234,3.919608,0.934247,0.046463,123.408867,71.525452,113.213791,4.063776,13.747229,7.646152,89.912643,10.459536,1.000000,119.665924,124.921585,141.129868,13.237114,20.769741,11.487425,129.158829,16.470921,0.043655,127.889549,108.835373,127.209717,4.163014,10.733521,7.185030,116.493187,8.167101,0.073700,128.712830,132.980118,141.396683,10.215045,16.396725,11.708750,135.003723,13.671826,-4.480682,-0.099239,-5.303963,-6.151269,-37.309921,3.013707,-61.454666,-2.649496,-13.995926,0.461122,-28.182892,-4.062597,-26.580544,2.292435,-45.091080,-3.212291,0.046463,0.043655,0.073700,1.064313,0.630435,0.032841,0.061084,0.007225,0.100821,0.000657,0.001642,0.006897,0.087685,0.007225,0.001314,0.000657,0.001970,0.004598,0.000985,0.016420,0.092282,0.045320,0.030870,0.001314,0.019048,0.001642,0.000657,0.000657,0.008539,0.090969,0.018719,0.003612,0.011823,0.104105,0.009524,0.099507,0.129392,0.048235,0.061167,0.006292,0.113247,0.003845,0.001398,0.008389,0.081440,0.008039,0.000699,0.000350,0.004893,0.007340,0.002097,0.031108,0.077595,0.063614,0.035652,0.001049,0.016428,0.001049,0.000699,0.000699,0.007690,0.088780,0.014331,0.002447,0.007340,0.087382,0.006991,0.089479,0.120238,0.038095,0.021118,0.010559,0.071636,0.005383,0.001656,0.010145,0.081573,0.010559,0.001863,0.001863,0.003106,0.009524,0.001656,0.021946,0.106211,0.044928,0.017184,0.002899,0.015735,0.001449,0.000414,0.002070,0.014907,0.076605,0.013872,0.003520,0.016149,0.074534,0.011801,0.122153,0.184886,0.000000,0.000000,0.000000,0.000000,0.000000,0.000000,0.000000,0.000000,0.000000,0.000000,0.000000,0.000000
/home/ubuntu/all-idb/dataset/healthy/Im175_0.tif,0,0.000000,0.000000,0.000000,0.000000,0.000000,0.000000,0.000000,0.000000,0.000000,8317.500000,619.227478,0.272585,0.735066,0.694659,0.459937,1.474936,6.789751,0.658835,0.000000,0.000000,0.000000,0.000000,0.000000,0.000000,0.000000,0.000000,0.000000,0.000000,0.000000,0.000000,0.000000,0.000000,0.000000,0.000000,0.000000,0.000000,0.000000,0.000000,0.000000,0.000000,0.000000,0.000000,0.000000,0.000000,0.000000,0.131241,116.069412,42.514244,94.130798,7.855008,18.659958,20.159369,66.336121,17.118168,0.000000,0.000000,0.000000,0.000000,0.000000,0.000000,0.000000,0.000000,0.000000,0.000000,0.000000,0.000000,0.000000,0.000000,0.000000,0.000000,0.000000,0.000000,0.000000,0.000000,0.000000,0.000000,0.000000,0.000000,0.000000,0.000000,0.000000,0.000000,0.000000,0.000000,0.000000,0.000000,0.000000,0.000000,0.000000,0.000000,0.000000,0.000000,0.000000,0.000000,0.000000,0.000000,0.000000,0.000000,0.000000,0.000000,0.000000,0.000000,0.000000,0.000000,0.000000,0.000000,0.000000,0.000000,0.000000,0.000000,0.000000,0.000000,0.000000,0.000000,0.000000,0.000000,0.000000,0.000000,0.000000,0.000000,0.000000,0.000000,0.000000,0.000000,0.000000,0.000000,0.000000,0.000000,0.000000,0.000000,0.000000,0.000000,0.000000,0.000000,0.000000,0.000000,0.000000,0.000000,0.000000,0.000000,0.000000,0.000000,0.000000,0.000000,0.000000,0.000000,0.000000,0.000000,0.000000,0.000000,0.000000,0.000000,0.000000,0.000000,0.000000,0.000000,0.000000,0.000000,0.000000,0.000000,0.000000,0.000000,0.000000,0.000000,0.000000,0.000000,0.000000,0.000000,0.000000,0.000000,0.000000,0.000000,0.000000,0.000000,0.000000,0.000000,0.000000,0.000000,0.000000,0.000000,0.000000,0.000000,0.000000,0.000000,0.000000,0.000000,0.000000,0.000000,0.000000,0.000000,0.000000,0.000000,0.000000,0.000000,0.000000,0.000000,0.000000,0.000000,0.000000,0.000000,0.000000
/home/ubuntu/all-idb/dataset/healthy/Im176_0.tif,0,0.000000,0.000000,0.000000,0.000000,0.000000,0.000000,0.000000,0.000000,0.000000,14096.000000,671.126953,0.393275,0.698897,0.836409,0.642333,1.398166,5.652710,0.717901,0.000000,0.000000,0.000000,0.000000,0.000000,0.000000,0.000000,0.000000,0.000000,0.000000,0.000000,0.000000,0.000000,0.000000,0.000000,0.000000,0.000000,0.000000,0.000000,0.000000,0.000000,0.000000,0.000000,0.000000,0.000000,0.000000,0.000000,0.220810,118.883217,59.929996,111.365631,9.744310,29.027802,29.928169,82.032753,26.633730,0.000000,0.000000,0.000000,0.000000,0.000000,0.000000,0.000000,0.000000,0.000000,0.000000,0.000000,0.000000,0.000000,0.000000,0.000000,0.000000,0.000000,0.000000,0.000000,0.000000,0.000000,0.000000,0.000000,0.000000,0.000000,0.000000,0.000000,0.000000,0.000000,0.000000,0.000000,0.000000,0.000000,0.000000,0.000000,0.000000,0.000000,0.000000,0.000000,0.000000,0.000000,0.000000,0.000000,0.000000,0.000000,0.000000,0.000000,0.000000,0.000000,0.000000,0.000000,0.000000,0.000000,0.000000,0.000000,0.000000,0.000000,0.000000,0.000000,0.000000,0.000000,0.000000,0.000000,0.000000,0.000000,0.000000,0.000000,0.000000,0.000000,0.000000,0.000000,0.000000,0.000000,0.000000,0.000000,0.000000,0.000000,0.000000,0.000000,0.000000,0.000000,0.000000,0.000000,0.000000,0.000000,0.000000,0.000000,0.000000,0.000000,0.000000,0.000000,0.000000,0.000000,0.000000,0.000000,0.000000,0.000000,0.000000,0.000000,0.000000,0.000000,0.000000,0.000000,0.000000,0.000000,0.000000,0.000000,0.000000,0.000000,0.000000,0.000000,0.000000,0.000000,0.000000,0.000000,0.000000,0.000000,0.000000,0.000000,0.000000,0.000000,0.000000,0.000000,0.000000,0.000000,0.000000,0.000000,0.000000,0.000000,0.000000,0.000000,0.000000,0.000000,0.000000,0.000000,0.000000,0.000000,0.000000,0.000000,0.000000,0.000000,0.000000,0.000000,0.000000,0.000000,0.000000,0.000000
/home/ubuntu/all-idb/dataset/healthy/Im177_0.tif,0,1372.000000,150.710678,0.759060,0.619098,0.933333,0.686000,1.273376,4.068806,0.933948,65025.000000,1020.000000,0.785398,0.000000,1.000000,0.992203,0.000000,4.000000,1.000000,3110.500000,214.894440,0.846427,0.547680,0.973857,0.740595,1.195189,3.853098,0.949804,6588.000000,307.563477,0.875173,0.459990,0.985932,0.763915,1.126223,3.789291,0.950979,0.021942,126.952713,57.815022,113.025734,4.667586,14.653409,8.401108,82.214882,11.271544,1.000000,127.104294,134.961029,151.750732,13.783030,21.895893,11.498583,139.066971,17.404182,0.026932,134.742783,117.674789,139.147308,3.985471,13.335447,7.981839,126.026627,9.881845,0.053665,138.217224,145.361679,152.260727,3.528350,11.228518,10.483342,146.585159,9.874386,-7.790070,0.682115,-11.264511,1.139236,-59.859768,1.317962,-87.546661,3.424891,-26.121574,0.419269,-39.234993,-2.082234,-43.811745,1.389700,-64.370277,1.397159,0.021942,0.026932,0.053665,0.814731,0.408871,0.021558,0.084840,0.002782,0.107093,0.001391,0.000695,0.007650,0.083449,0.002086,0.001391,0.000000,0.002782,0.009040,0.002086,0.020167,0.091794,0.037552,0.042420,0.000695,0.018776,0.000000,0.001391,0.003477,0.007650,0.087622,0.014604,0.002086,0.008345,0.106398,0.008345,0.091794,0.130042,0.045892,0.070255,0.010198,0.113881,0.002833,0.000000,0.006799,0.084419,0.012465,0.001700,0.000567,0.002833,0.007365,0.001700,0.016997,0.081586,0.065722,0.033428,0.001133,0.014164,0.001700,0.000000,0.001700,0.011898,0.117280,0.010765,0.001700,0.009065,0.114448,0.007365,0.067989,0.082153,0.047199,0.049474,0.010520,0.073074,0.002843,0.001137,0.007108,0.087290,0.006824,0.001137,0.001706,0.003981,0.007108,0.002275,0.021041,0.099232,0.042081,0.032414,0.004265,0.019903,0.000569,0.001137,0.002275,0.015638,0.073074,0.020188,0.004549,0.021041,0.073358,0.011942,0.069662,0.185954,0.000000,0.000000,0.000000,0.000000,0.000000,0.000000,0.000000,0.000000,0.000000,0.000000,0.000000,0.000000
/home/ubuntu/all-idb/dataset/healthy/Im178_0.tif,0,2865.000000,223.480225,0.720869,0.581141,0.908803,0.699463,1.228799,4.175195,0.922524,65025.000000,1020.000000,0.785398,0.000000,1.000000,0.992203,0.000000,4.000000,1.000000,5309.500000,285.521851,0.818436,0.492187,0.956580,0.752480,1.148779,3.918434,0.943947,9740.500000,377.119843,0.860661,0.437673,0.978896,0.776507,1.112181,3.821103,0.949025,0.045197,122.159012,64.583054,110.698517,3.270709,11.160998,7.183985,84.931801,8.434644,1.000000,118.868423,128.135681,142.441788,13.203605,22.479465,12.289448,131.344345,17.701590,0.037720,126.203476,120.135925,132.297333,3.971004,15.665318,10.567522,124.458740,11.933266,0.068222,127.163277,139.427414,146.852386,8.892922,12.963001,8.342058,140.244461,10.637916,-4.044464,-0.700295,-5.004265,-5.622213,-55.552872,-4.504320,-74.844360,-1.802003,-21.598816,-3.383537,-36.153870,-1.158073,-39.526939,-3.498622,-55.312660,-2.203272,0.045197,0.037720,0.068222,1.198220,0.662492,0.023295,0.057731,0.001688,0.077313,0.001350,0.001350,0.006077,0.106347,0.005064,0.000675,0.001688,0.003038,0.004051,0.001350,0.020932,0.114112,0.054355,0.030047,0.000675,0.017218,0.001013,0.000338,0.001350,0.012154,0.094868,0.016880,0.003038,0.010804,0.105334,0.009115,0.084402,0.132343,0.032362,0.077670,0.002832,0.127832,0.001618,0.000405,0.004450,0.088997,0.003236,0.001214,0.000809,0.002427,0.004450,0.000000,0.023463,0.065129,0.065534,0.031553,0.001214,0.009709,0.000000,0.000000,0.000405,0.006068,0.121359,0.012136,0.002427,0.008495,0.093851,0.004045,0.130663,0.075647,0.046969,0.044285,0.016775,0.096399,0.006039,0.001342,0.009841,0.093491,0.011183,0.003802,0.001118,0.009394,0.010960,0.002684,0.020130,0.080072,0.028405,0.018117,0.004250,0.025050,0.001118,0.001342,0.002460,0.023037,0.059495,0.023932,0.005368,0.029076,0.050995,0.015880,0.057034,0.199955,0.000000,0.000000,0.000000,0.000000,0.000000,0.000000,0.000000,0.000000,0.000000,0.000000,0.000000,0.000000
/home/ubuntu/all-idb/dataset/healthy/Im179_0.tif,0,8404.500000,349.119843,0.866508,0.543061,0.985576,0.748597,1.190911,3.808190,0.950024,8537.000000,352.534058,0.863203,0.547316,0.984944,0.746241,1.194848,3.815473,0.948104,0.000000,10.000000,0.000000,0.000000,0.000000,0.000000,0.000000,10000000000.000000,1.000000,0.000000,0.000000,0.000000,0.000000,0.000000,0.000000,0.000000,0.000000,0.000000,0.130539,114.734772,37.737698,88.536644,7.365178,10.226274,11.683160,61.707539,9.001826,0.132584,114.818970,38.403152,88.814590,7.442280,11.493896,11.898622,62.190701,9.783412,0.002045,120.194031,80.888062,106.559700,9.946482,7.527720,12.088920,93.037315,8.164728,0.000000,0.000000,0.000000,0.000000,0.000000,0.000000,0.000000,0.000000,0.000000,-5.459259,-2.581304,114.734772,7.365178,-43.150364,2.698554,37.737698,10.226274,-18.023056,-0.405760,88.536644,11.683160,-31.329777,0.837098,61.707539,9.001826,0.984578,0.015422,0.000000,63.843285,8555000233984.000000,0.036704,0.038223,0.005494,0.060666,0.003039,0.001169,0.007949,0.067329,0.008884,0.003624,0.000701,0.004793,0.012040,0.001987,0.025015,0.077265,0.036002,0.020339,0.002221,0.018586,0.001753,0.000818,0.003156,0.017417,0.097487,0.019755,0.005260,0.017767,0.108708,0.012858,0.099474,0.183518,0.014925,0.111940,0.000000,0.194030,0.000000,0.000000,0.000000,0.156716,0.000000,0.000000,0.000000,0.000000,0.000000,0.000000,0.000000,0.052239,0.111940,0.022388,0.000000,0.000000,0.000000,0.000000,0.000000,0.000000,0.104478,0.000000,0.000000,0.000000,0.141791,0.000000,0.082090,0.007463,0.000000,0.000000,0.000000,0.000000,0.000000,0.000000,0.000000,0.000000,0.000000,0.000000,0.000000,0.000000,0.000000,0.000000,0.000000,0.000000,0.000000,0.000000,0.000000,0.000000,0.000000,0.000000,0.000000,0.000000,0.000000,0.000000,0.000000,0.000000,0.000000,0.000000,0.000000,0.000000,0.000000,0.000000,0.000000,0.000000,0.000000,0.000000,0.000000,0.000000,0.000000,0.000000,0.000000,0.000000
/home/ubuntu/all-idb/dataset/healthy/Im180_0.tif,0,7913.500000,471.345245,0.447610,0.676431,0.809441,0.527356,1.357762,5.298523,0.777133,8679.000000,480.617310,0.472151,0.678884,0.851592,0.559936,1.361942,5.158988,0.775194,246.000000,225.823380,0.060619,0.983754,0.230986,0.089325,5.570297,14.397972,0.801826,81.500000,36.384777,0.773621,0.797379,0.947674,0.582143,1.657058,4.030333,0.968358,0.123840,98.443695,35.340809,84.203300,7.098557,10.269432,16.422596,57.140835,10.753087,0.135620,99.597321,39.393677,88.068520,8.036272,16.890722,20.883682,60.808392,16.170574,0.010284,110.869438,83.216614,129.468842,7.290752,13.492078,19.711338,100.204750,12.889034,0.001495,117.612244,73.642860,123.438774,3.144911,12.143067,16.429234,93.591835,11.559814,-12.425743,-0.192195,-19.168549,3.953646,-47.875805,-3.222646,-38.302052,-1.873635,-45.265541,-3.288742,-39.235474,-0.006638,-43.063915,-2.135947,-36.451000,-0.806727,0.913141,0.075833,0.011026,12.041543,82.816330,0.035732,0.059882,0.004189,0.107812,0.002218,0.000986,0.006407,0.086865,0.005175,0.001725,0.000986,0.003450,0.006654,0.001109,0.025259,0.089330,0.045219,0.027477,0.000862,0.015155,0.000986,0.000862,0.002341,0.013923,0.080705,0.014539,0.003820,0.012198,0.093519,0.011089,0.099187,0.140340,0.037092,0.099407,0.004451,0.204748,0.000000,0.001484,0.004451,0.111276,0.000000,0.000000,0.000000,0.001484,0.007418,0.000000,0.014837,0.087537,0.065282,0.011869,0.000000,0.008902,0.000000,0.000000,0.000000,0.002967,0.090504,0.008902,0.001484,0.004451,0.083086,0.002967,0.120178,0.025223,0.040816,0.010204,0.000000,0.112245,0.010204,0.000000,0.010204,0.244898,0.000000,0.000000,0.000000,0.000000,0.000000,0.000000,0.010204,0.040816,0.030612,0.051020,0.000000,0.040816,0.000000,0.000000,0.000000,0.000000,0.132653,0.000000,0.000000,0.020408,0.081633,0.010204,0.020408,0.132653,0.000000,0.000000,0.000000,0.000000,0.000000,0.000000,0.000000,0.000000,0.000000,0.000000,0.000000,0.000000
/home/ubuntu/all-idb/dataset/healthy/Im181_0.tif,0,1122.000000,130.367538,0.829591,0.331850,0.960205,0.652326,1.060072,3.892002,0.949306,65025.000000,1020.000000,0.785398,0.000000,1.000000,0.992203,0.000000,4.000000,1.000000,2675.000000,196.308655,0.872278,0.229194,0.980392,0.707672,1.027347,3.795575,0.953143,5910.000000,289.563477,0.885747,0.191192,0.987881,0.738012,1.018794,3.766605,0.951395,0.017960,119.028038,56.946476,111.626167,4.716975,12.654605,7.659797,80.382324,9.769386,1.000000,119.726303,128.811066,144.792755,12.748742,19.042778,9.990444,132.534821,15.153334,0.024124,127.634407,114.299179,131.901962,3.482375,15.168534,6.755128,121.077164,10.674963,0.049973,128.496796,139.879089,147.872665,9.522953,12.463934,7.657315,140.949005,10.427628,-8.606369,1.234600,-9.468758,-4.805978,-57.352703,-2.513929,-82.932617,0.190671,-20.275795,0.904669,-36.246498,0.002481,-40.694839,-0.905577,-60.566681,-0.658241,0.017960,0.024124,0.049973,0.744466,0.359389,0.027188,0.039932,0.001699,0.081563,0.001699,0.000000,0.002549,0.097706,0.005098,0.000850,0.000850,0.003398,0.008496,0.001699,0.022090,0.109601,0.076466,0.034834,0.000000,0.013594,0.000850,0.002549,0.003398,0.008496,0.117247,0.015293,0.003398,0.007647,0.074766,0.004248,0.078165,0.154630,0.027198,0.067679,0.002530,0.069576,0.000000,0.001898,0.003163,0.078431,0.003163,0.001265,0.000000,0.001265,0.005693,0.000633,0.018343,0.130930,0.069576,0.053131,0.000000,0.007590,0.000000,0.000000,0.000000,0.007590,0.118280,0.009488,0.001898,0.005693,0.137255,0.003795,0.092979,0.080961,0.054046,0.037557,0.008550,0.076031,0.005191,0.000611,0.009160,0.109008,0.014656,0.003969,0.002137,0.005802,0.009771,0.001832,0.025344,0.134962,0.023817,0.025344,0.004885,0.020458,0.002748,0.000916,0.003359,0.016794,0.043359,0.021069,0.006107,0.025038,0.038473,0.015878,0.043053,0.210076,0.000000,0.000000,0.000000,0.000000,0.000000,0.000000,0.000000,0.000000,0.000000,0.000000,0.000000,0.000000
/home/ubuntu/all-idb/dataset/healthy/Im182_0.tif,0,5836.000000,300.048767,0.814594,0.316365,0.960263,0.697252,1.054144,3.927663,0.934613,65025.000000,1020.000000,0.785398,0.000000,1.000000,0.992203,0.000000,4.000000,1.000000,9010.500000,363.747253,0.855774,0.295286,0.978392,0.724899,1.046672,3.831998,0.945110,14486.500000,455.830505,0.876126,0.241090,0.986987,0.744501,1.030394,3.787230,0.948072,0.090988,125.499916,55.184303,116.820221,4.838716,13.917671,8.601831,81.638268,10.955314,1.000000,129.575485,132.839447,148.389603,9.985465,28.803745,13.530141,137.090195,21.491285,0.048859,133.363525,123.686760,143.866653,3.784187,17.853373,7.572470,130.817612,12.815506,0.084152,134.644974,146.110977,154.639343,6.516217,9.051741,5.979925,147.336533,7.616980,-7.863609,1.054529,-9.145058,-1.677501,-68.502457,-3.935701,-90.926674,4.865931,-27.046432,1.029361,-37.819122,2.621907,-49.179344,-1.860192,-65.698265,3.338334,0.090988,0.048859,0.084152,1.862274,1.081233,0.032534,0.049136,0.004863,0.098440,0.002180,0.001509,0.005031,0.099279,0.007211,0.001509,0.000839,0.003354,0.005702,0.001342,0.025491,0.094583,0.038068,0.022304,0.001006,0.016770,0.001342,0.000503,0.001006,0.013416,0.103639,0.018279,0.003019,0.013081,0.090223,0.010901,0.088714,0.144726,0.029981,0.058713,0.003123,0.119925,0.001249,0.000625,0.003123,0.105559,0.004685,0.001249,0.000312,0.003123,0.005309,0.001249,0.020924,0.108682,0.068707,0.035915,0.001562,0.007808,0.000625,0.000000,0.000625,0.004997,0.109931,0.012492,0.002186,0.004372,0.108682,0.004685,0.092130,0.077452,0.054216,0.024841,0.011061,0.037897,0.006165,0.002720,0.012874,0.037171,0.014869,0.004352,0.003445,0.006528,0.013599,0.002901,0.027199,0.079964,0.029193,0.018676,0.004170,0.021940,0.002357,0.002539,0.004170,0.018676,0.058749,0.026292,0.007616,0.028649,0.064007,0.020308,0.099728,0.253128,0.000000,0.000000,0.000000,0.000000,0.000000,0.000000,0.000000,0.000000,0.000000,0.000000,0.000000,0.000000
/home/ubuntu/all-idb/dataset/healthy/Im183_0.tif,0,6418.000000,308.249786,0.848797,0.194598,0.973161,0.750292,1.019490,3.847715,0.944995,6644.500000,312.835571,0.853179,0.184335,0.975769,0.752066,1.017435,3.837823,0.946552,15.500000,69.698486,0.040095,0.947105,0.119691,0.037260,3.116006,17.703432,0.872929,0.000000,0.000000,0.000000,0.000000,0.000000,0.000000,0.000000,0.000000,0.000000,0.099976,104.800064,32.203907,66.190628,10.109128,13.127367,11.981231,50.643467,11.018058,0.103470,105.472496,33.970062,67.204834,10.653144,16.030649,13.052448,52.059284,13.259995,0.003494,124.711792,84.502182,96.222710,7.318988,6.025147,8.133613,92.567688,5.903963,0.000000,0.000000,0.000000,0.000000,0.000000,0.000000,0.000000,0.000000,0.000000,-19.911728,2.790140,104.800064,10.109128,-52.298275,7.102220,32.203907,13.127367,-30.032082,3.847618,66.190628,11.981231,-41.924221,5.114095,50.643467,11.018058,0.966229,0.033771,0.000000,28.611353,6551999873024.000000,0.037241,0.044872,0.004731,0.073413,0.003663,0.001221,0.007173,0.065781,0.008852,0.003205,0.000763,0.004274,0.010379,0.001221,0.025336,0.082570,0.053114,0.028846,0.002595,0.019536,0.002137,0.000611,0.001679,0.017247,0.089133,0.020604,0.003663,0.016484,0.084096,0.013278,0.097985,0.174298,0.017467,0.109170,0.000000,0.091703,0.000000,0.000000,0.000000,0.126638,0.000000,0.000000,0.000000,0.000000,0.000000,0.000000,0.000000,0.117904,0.139738,0.026201,0.004367,0.000000,0.000000,0.000000,0.004367,0.000000,0.100437,0.004367,0.000000,0.008734,0.061135,0.000000,0.161572,0.026201,0.000000,0.000000,0.000000,0.000000,0.000000,0.000000,0.000000,0.000000,0.000000,0.000000,0.000000,0.000000,0.000000,0.000000,0.000000,0.000000,0.000000,0.000000,0.000000,0.000000,0.000000,0.000000,0.000000,0.000000,0.000000,0.000000,0.000000,0.000000,0.000000,0.000000,0.000000,0.000000,0.000000,0.000000,0.000000,0.000000,0.000000,0.000000,0.000000,0.000000,0.000000,0.000000,0.000000,0.000000
/home/ubuntu/all-idb/dataset/healthy/Im184_0.tif,0,874.000000,123.740112,0.717299,0.684915,0.924379,0.679099,1.372452,4.185572,0.926433,65025.000000,1020.000000,0.785398,0.000000,1.000000,0.992203,0.000000,4.000000,1.000000,2353.500000,187.438599,0.841794,0.575473,0.974332,0.752638,1.222762,3.863687,0.949583,5448.500000,280.693420,0.869005,0.472407,0.984283,0.773166,1.134584,3.802715,0.948962,0.014175,127.531754,59.623249,107.851456,3.676550,13.229942,8.259222,81.781487,10.257326,1.000000,127.323578,128.324036,143.592590,13.118626,32.273876,24.717960,132.778091,27.388992,0.022995,132.157272,106.259453,127.444595,3.291191,8.909244,6.994743,115.549438,6.352563,0.047836,135.364914,134.235413,142.464752,3.945746,14.042817,15.455238,136.826157,13.086881,-4.625519,0.385360,-7.833160,-0.269196,-46.636204,4.320699,-74.612167,-0.812875,-19.593140,1.264479,-34.613297,-7.196016,-33.767952,3.904763,-55.044670,-2.829555,0.014175,0.022995,0.047836,0.616457,0.296332,0.026911,0.091496,0.001076,0.037675,0.003229,0.001076,0.003229,0.077503,0.005382,0.000000,0.001076,0.002153,0.003229,0.000000,0.018299,0.142088,0.069968,0.039828,0.003229,0.016146,0.000000,0.001076,0.001076,0.007535,0.077503,0.018299,0.001076,0.008611,0.105490,0.010764,0.100108,0.124865,0.038487,0.084937,0.004645,0.072329,0.002654,0.002654,0.005309,0.092900,0.003981,0.000664,0.000000,0.009290,0.005309,0.000000,0.025879,0.110153,0.063039,0.028534,0.003318,0.018580,0.001327,0.000000,0.000664,0.009290,0.096881,0.012608,0.003318,0.017253,0.090246,0.006636,0.076974,0.112143,0.037640,0.052632,0.005742,0.084848,0.001914,0.000957,0.006699,0.078469,0.007337,0.001914,0.000957,0.002871,0.007974,0.001276,0.019139,0.093461,0.049123,0.040510,0.002233,0.018820,0.001595,0.001595,0.001914,0.008293,0.088357,0.021053,0.005104,0.016587,0.097927,0.009250,0.101435,0.132376,0.000000,0.000000,0.000000,0.000000,0.000000,0.000000,0.000000,0.000000,0.000000,0.000000,0.000000,0.000000
/home/ubuntu/all-idb/dataset/healthy/Im185_0.tif,0,11834.000000,424.132019,0.826684,0.667095,0.975799,0.755683,1.342331,3.898839,0.943047,11987.500000,424.232544,0.837010,0.666183,0.978611,0.765485,1.340863,3.874714,0.947252,0.000000,0.000000,0.000000,0.000000,0.000000,0.000000,0.000000,0.000000,0.000000,0.000000,0.000000,0.000000,0.000000,0.000000,0.000000,0.000000,0.000000,0.000000,0.183350,140.529129,50.196739,116.977615,3.671536,11.133118,7.275758,80.462547,8.036602,0.185715,140.594193,50.830418,117.178947,3.728181,12.395696,7.459265,80.902061,8.880492,0.002365,145.638702,99.954842,132.787094,4.540689,3.503624,4.301518,114.974190,3.114893,0.000000,0.000000,0.000000,0.000000,0.000000,0.000000,0.000000,0.000000,0.000000,-5.109573,-0.869153,140.529129,3.671536,-49.758102,7.629494,50.196739,11.133118,-15.809479,2.974240,116.977615,7.275758,-34.511642,4.921709,80.462547,8.036602,0.987265,0.012735,0.000000,77.522583,12016000434176.000000,0.041445,0.041278,0.005909,0.068409,0.004411,0.001415,0.009071,0.092710,0.008655,0.003329,0.001498,0.005493,0.010236,0.001831,0.025133,0.101864,0.048435,0.025882,0.002247,0.020389,0.001248,0.001082,0.002830,0.018142,0.093542,0.019391,0.002663,0.017227,0.075316,0.011568,0.075816,0.161535,0.019355,0.122581,0.000000,0.064516,0.000000,0.000000,0.000000,0.187097,0.000000,0.000000,0.000000,0.000000,0.000000,0.000000,0.000000,0.154839,0.096774,0.025806,0.000000,0.000000,0.000000,0.000000,0.000000,0.000000,0.180645,0.000000,0.000000,0.000000,0.090323,0.000000,0.045161,0.012903,0.000000,0.000000,0.000000,0.000000,0.000000,0.000000,0.000000,0.000000,0.000000,0.000000,0.000000,0.000000,0.000000,0.000000,0.000000,0.000000,0.000000,0.000000,0.000000,0.000000,0.000000,0.000000,0.000000,0.000000,0.000000,0.000000,0.000000,0.000000,0.000000,0.000000,0.000000,0.000000,0.000000,0.000000,0.000000,0.000000,0.000000,0.000000,0.000000,0.000000,0.000000,0.000000,0.000000,0.000000
/home/ubuntu/all-idb/dataset/healthy/Im186_0.tif,0,1856.500000,182.267029,0.702245,0.734061,0.900995,0.636878,1.472573,4.230197,0.911795,59843.000000,1014.367554,0.730857,0.644621,0.980470,0.913132,1.308041,4.146567,0.952902,3893.000000,243.965515,0.821935,0.628098,0.963972,0.711050,1.285125,3.910085,0.940878,7763.000000,334.877197,0.869898,0.523041,0.983218,0.746227,1.173285,3.800763,0.949365,0.029541,145.912704,90.506195,140.070251,3.515333,12.320277,6.416842,111.646698,8.762722,0.920715,145.722855,150.825073,163.524338,8.494493,15.347273,7.709437,154.018036,11.785268,0.031479,151.466797,144.554535,160.108582,4.054253,15.907598,10.656758,149.989334,12.390083,0.059631,149.689606,155.869751,165.208298,8.558345,10.586205,7.317245,157.931931,9.073986,-5.554092,-0.538920,-3.776901,-5.043012,-54.048340,-3.587321,-65.363556,1.734073,-20.038330,-4.239917,-25.138046,-0.900404,-38.342636,-3.627361,-46.285233,-0.311264,0.032085,0.034190,0.064766,0.938439,0.495394,0.034607,0.053202,0.004132,0.100723,0.003099,0.002066,0.006715,0.100207,0.004132,0.001033,0.001033,0.000517,0.006198,0.002066,0.023760,0.091942,0.043905,0.033058,0.001550,0.013946,0.001033,0.000000,0.001550,0.013430,0.087293,0.018595,0.002583,0.008264,0.093492,0.006715,0.111570,0.127583,0.039748,0.083374,0.005817,0.068832,0.003393,0.000485,0.008240,0.099855,0.007271,0.002424,0.000969,0.002424,0.008725,0.000969,0.024721,0.106641,0.069317,0.033446,0.001939,0.010664,0.001454,0.001454,0.000969,0.005817,0.101794,0.007756,0.002424,0.011149,0.102278,0.007756,0.080950,0.096946,0.038895,0.026100,0.012282,0.050665,0.005374,0.002559,0.011259,0.063460,0.009980,0.003071,0.002559,0.006909,0.014330,0.003838,0.027892,0.080604,0.017656,0.012794,0.003327,0.023541,0.001791,0.000512,0.002303,0.020983,0.061157,0.020471,0.004862,0.025333,0.074974,0.016633,0.092631,0.261259,0.000000,0.000000,0.000000,0.000000,0.000000,0.000000,0.000000,0.000000,0.000000,0.000000,0.000000,0.000000
/home/ubuntu/all-idb/dataset/healthy/Im187_0.tif,0,8482.500000,350.433533,0.868005,0.552008,0.984620,0.737609,1.199272,3.804904,0.948677,8714.000000,359.504608,0.847263,0.557708,0.982357,0.737412,1.204765,3.851197,0.940384,9.000000,36.970562,0.082745,0.971510,0.290323,0.075000,4.219452,12.323521,0.901911,0.000000,0.000000,0.000000,0.000000,0.000000,0.000000,0.000000,0.000000,0.000000,0.131714,130.136124,41.939411,101.576347,4.794854,12.623024,10.999829,69.828545,9.927939,0.135300,130.411407,43.361904,102.149994,5.060446,15.158929,11.440032,70.866806,11.653932,0.003586,140.523407,95.612762,123.221275,4.088709,3.628353,6.134136,109.004257,3.165637,0.000000,0.000000,0.000000,0.000000,0.000000,0.000000,0.000000,0.000000,0.000000,-10.387283,0.706145,130.136124,4.794854,-53.673351,8.994671,41.939411,12.623024,-21.644928,4.865693,101.576347,10.999829,-39.175713,6.762302,69.828545,9.927939,0.973497,0.026503,0.000000,36.731915,8631999791104.000000,0.038809,0.043791,0.006024,0.074490,0.002780,0.001390,0.006256,0.089087,0.006951,0.001622,0.001506,0.003128,0.011006,0.001506,0.024096,0.101367,0.067424,0.027340,0.001622,0.017261,0.001506,0.000463,0.001854,0.015524,0.093721,0.017725,0.003012,0.017493,0.072289,0.009963,0.084453,0.154541,0.038298,0.085106,0.000000,0.110638,0.000000,0.000000,0.000000,0.106383,0.000000,0.000000,0.000000,0.000000,0.008511,0.000000,0.021277,0.110638,0.110638,0.034043,0.000000,0.004255,0.000000,0.000000,0.004255,0.004255,0.148936,0.000000,0.008511,0.000000,0.059574,0.004255,0.110638,0.029787,0.000000,0.000000,0.000000,0.000000,0.000000,0.000000,0.000000,0.000000,0.000000,0.000000,0.000000,0.000000,0.000000,0.000000,0.000000,0.000000,0.000000,0.000000,0.000000,0.000000,0.000000,0.000000,0.000000,0.000000,0.000000,0.000000,0.000000,0.000000,0.000000,0.000000,0.000000,0.000000,0.000000,0.000000,0.000000,0.000000,0.000000,0.000000,0.000000,0.000000,0.000000,0.000000,0.000000,0.000000
/home/ubuntu/all-idb/dataset/healthy/Im188_0.tif,0,1755.000000,167.681244,0.784365,0.482550,0.940514,0.675780,1.141724,4.002635,0.928077,65025.000000,1020.000000,0.785398,0.000000,1.000000,0.992203,0.000000,4.000000,1.000000,3654.500000,231.865005,0.854215,0.415946,0.975314,0.725531,1.099639,3.835493,0.944397,7346.500000,324.291412,0.877848,0.348563,0.986637,0.749872,1.066911,3.783513,0.947764,0.027878,137.957306,72.854408,129.215103,3.043623,13.446060,7.766871,97.136292,9.951966,1.000000,140.414963,152.058517,164.619049,10.724884,20.036688,9.913266,154.458221,15.384798,0.029388,141.788681,127.124092,144.828659,3.522734,15.185754,9.297871,134.093460,11.182549,0.056946,147.349136,160.385849,166.634781,4.522188,8.890552,7.643644,160.740616,7.718468,-3.831375,-0.479111,-9.391830,-1.478565,-54.269684,-1.739694,-87.531441,4.555509,-15.613556,-1.531000,-37.419678,0.123227,-36.957169,-1.230583,-63.604324,2.233499,0.027878,0.029388,0.056946,0.948598,0.489550,0.019704,0.055829,0.002737,0.118227,0.001642,0.001095,0.006021,0.102901,0.003831,0.002189,0.000000,0.003284,0.006568,0.001095,0.014231,0.061850,0.048714,0.026273,0.000547,0.017515,0.000547,0.000547,0.002189,0.009305,0.099070,0.012042,0.001642,0.010400,0.096333,0.009305,0.135742,0.128626,0.027518,0.053998,0.003115,0.109034,0.002077,0.000519,0.002596,0.132918,0.003634,0.000519,0.000000,0.001558,0.005711,0.001038,0.016096,0.109553,0.073209,0.048287,0.000519,0.010903,0.000519,0.001038,0.000000,0.005192,0.113707,0.008827,0.001038,0.007788,0.115265,0.006231,0.069055,0.068536,0.052251,0.029743,0.010182,0.068328,0.005091,0.002144,0.008574,0.058950,0.010182,0.004555,0.002412,0.004823,0.010450,0.002947,0.023580,0.068596,0.040193,0.026795,0.002947,0.020900,0.002412,0.001608,0.001340,0.018489,0.073151,0.021704,0.004555,0.025188,0.072615,0.013934,0.116559,0.194802,0.000000,0.000000,0.000000,0.000000,0.000000,0.000000,0.000000,0.000000,0.000000,0.000000,0.000000,0.000000
/home/ubuntu/all-idb/dataset/healthy/Im189_0.tif,0,8355.500000,354.433533,0.835820,0.422515,0.973551,0.724926,1.103319,3.877471,0.938057,8635.500000,368.433533,0.799427,0.454302,0.960193,0.716580,1.122526,3.964746,0.925870,74.500000,167.237595,0.033473,0.935166,0.117323,0.035921,2.823183,19.375628,0.853628,0.000000,0.000000,0.000000,0.000000,0.000000,0.000000,0.000000,0.000000,0.000000,0.129807,132.514511,42.252617,104.755028,5.280839,13.059062,8.944387,71.229813,9.805561,0.134186,132.915176,44.111324,105.232658,5.725257,16.380587,9.307901,72.508980,11.929879,0.004379,144.790939,99.205574,119.390244,5.654222,5.383829,8.723849,110.425087,4.980848,0.000000,0.000000,0.000000,0.000000,0.000000,0.000000,0.000000,0.000000,0.000000,-12.276428,-0.373383,132.514511,5.280839,-56.952957,7.675233,42.252617,13.059062,-14.635216,0.220538,104.755028,8.944387,-39.195274,4.824713,71.229813,9.805561,0.967364,0.032636,0.000000,29.641115,8507000094720.000000,0.039262,0.041495,0.005995,0.067356,0.003527,0.001293,0.007993,0.086399,0.010580,0.002351,0.001763,0.005407,0.009639,0.002469,0.023745,0.098860,0.046903,0.023863,0.001881,0.018338,0.002469,0.000588,0.001646,0.016457,0.089103,0.018926,0.002233,0.017162,0.080757,0.009639,0.089103,0.172799,0.034843,0.013937,0.010453,0.087108,0.003484,0.000000,0.003484,0.094077,0.000000,0.003484,0.000000,0.003484,0.010453,0.000000,0.027875,0.076655,0.114983,0.017422,0.003484,0.003484,0.003484,0.000000,0.000000,0.003484,0.114983,0.010453,0.000000,0.006969,0.132404,0.003484,0.104530,0.111498,0.000000,0.000000,0.000000,0.000000,0.000000,0.000000,0.000000,0.000000,0.000000,0.000000,0.000000,0.000000,0.000000,0.000000,0.000000,0.000000,0.000000,0.000000,0.000000,0.000000,0.000000,0.000000,0.000000,0.000000,0.000000,0.000000,0.000000,0.000000,0.000000,0.000000,0.000000,0.000000,0.000000,0.000000,0.000000,0.000000,0.000000,0.000000,0.000000,0.000000,0.000000,0.000000,0.000000,0.000000
/home/ubuntu/all-idb/dataset/healthy/Im190_0.tif,0,1881.500000,181.095459,0.720940,0.571415,0.923436,0.658789,1.218529,4.174990,0.908469,65025.000000,1020.000000,0.785398,0.000000,1.000000,0.992203,0.000000,4.000000,1.000000,3901.500000,241.036575,0.843870,0.530274,0.975009,0.723036,1.179487,3.858932,0.945380,7727.500000,333.462982,0.873280,0.455631,0.986342,0.750534,1.123383,3.793396,0.948382,0.029907,141.772446,78.922447,139.095917,2.650425,12.649438,5.794788,104.090813,8.861400,1.000000,140.590637,149.647217,164.024017,12.863487,20.168819,8.004803,152.906357,15.122300,0.031204,148.418091,138.544250,158.809296,4.989943,20.429129,9.815601,145.723709,14.863435,0.058990,147.527939,158.553543,165.406097,9.101763,11.828654,6.083920,159.326172,9.271941,-6.645645,-2.339518,-5.755493,-6.451338,-59.621803,-7.779691,-79.631096,0.820784,-19.713379,-4.020813,-26.310181,-0.289132,-41.632896,-6.002035,-55.235359,-0.410542,0.029907,0.031204,0.058990,0.958435,0.506984,0.031633,0.069898,0.003571,0.081633,0.002041,0.000510,0.005612,0.070408,0.004082,0.000510,0.000510,0.002551,0.005612,0.001020,0.021429,0.095918,0.050510,0.034694,0.001020,0.017857,0.001531,0.000000,0.000000,0.010204,0.077041,0.021939,0.002041,0.012245,0.113776,0.013776,0.108163,0.138265,0.038142,0.046455,0.007335,0.129095,0.003912,0.000978,0.007335,0.088020,0.007335,0.002445,0.001467,0.002934,0.007335,0.000978,0.012225,0.107090,0.046944,0.022494,0.000978,0.012714,0.000978,0.000000,0.000978,0.007824,0.095844,0.012714,0.001467,0.007335,0.107579,0.005379,0.100245,0.113447,0.049146,0.021987,0.012675,0.035178,0.005949,0.002069,0.011640,0.035696,0.013192,0.004139,0.001293,0.006208,0.012933,0.002845,0.024315,0.065701,0.040610,0.022245,0.003104,0.020435,0.002069,0.000776,0.003621,0.023021,0.072685,0.024832,0.007243,0.026643,0.069064,0.020693,0.108898,0.249095,0.000000,0.000000,0.000000,0.000000,0.000000,0.000000,0.000000,0.000000,0.000000,0.000000,0.000000,0.000000
/home/ubuntu/all-idb/dataset/healthy/Im191_0.tif,0,8443.000000,347.847748,0.876856,0.569017,0.988352,0.741590,1.216063,3.785653,0.952831,8558.000000,349.847748,0.878666,0.565890,0.989593,0.744174,1.212885,3.781751,0.953093,0.000000,4.000000,0.000000,0.000000,0.000000,0.000000,0.000000,4000000000.000000,1.000000,0.000000,0.000000,0.000000,0.000000,0.000000,0.000000,0.000000,0.000000,0.000000,0.131088,135.890121,43.943893,105.621117,5.162794,12.212066,10.244909,72.872421,9.866648,0.132858,135.974045,44.630184,105.873779,5.290831,13.514134,10.468130,73.360626,10.697398,0.001770,142.189651,95.456894,124.586205,9.378915,6.724110,9.855043,109.517242,7.395807,0.000000,0.000000,0.000000,0.000000,0.000000,0.000000,0.000000,0.000000,0.000000,-6.299530,-4.216121,135.890121,5.162794,-51.513000,5.487956,43.943893,12.212066,-18.965088,0.389866,105.621117,10.244909,-36.644821,2.470840,72.872421,9.866648,0.986677,0.013323,0.000000,74.060349,8590999945216.000000,0.034338,0.040275,0.004889,0.089396,0.003841,0.001048,0.007333,0.105226,0.009196,0.002444,0.000582,0.004656,0.008148,0.001630,0.025375,0.095798,0.051100,0.022815,0.001397,0.017926,0.001397,0.000698,0.001280,0.013386,0.086835,0.017344,0.003026,0.012338,0.082528,0.008614,0.089163,0.155977,0.000000,0.086207,0.000000,0.120690,0.000000,0.000000,0.000000,0.241379,0.000000,0.000000,0.000000,0.000000,0.000000,0.000000,0.008621,0.060345,0.120690,0.008621,0.000000,0.000000,0.008621,0.000000,0.000000,0.000000,0.172414,0.000000,0.000000,0.000000,0.051724,0.000000,0.094828,0.025862,0.000000,0.000000,0.000000,0.000000,0.000000,0.000000,0.000000,0.000000,0.000000,0.000000,0.000000,0.000000,0.000000,0.000000,0.000000,0.000000,0.000000,0.000000,0.000000,0.000000,0.000000,0.000000,0.000000,0.000000,0.000000,0.000000,0.000000,0.000000,0.000000,0.000000,0.000000,0.000000,0.000000,0.000000,0.000000,0.000000,0.000000,0.000000,0.000000,0.000000,0.000000,0.000000,0.000000,0.000000
/home/ubuntu/all-idb/dataset/healthy/Im192_0.tif,0,10022.500000,476.315796,0.555132,0.580272,0.873078,0.608088,1.227863,4.757808,0.822844,11385.000000,515.386841,0.538612,0.667239,0.883072,0.597168,1.342563,4.830219,0.814668,536.000000,269.220337,0.092931,0.960581,0.358889,0.117984,3.597117,11.628548,0.737523,80.500000,44.870056,0.502450,0.819363,0.741935,0.359375,1.744363,5.001021,0.926702,0.156174,134.492523,58.384563,116.823746,8.103110,30.316584,27.041927,84.526817,26.358694,0.177094,135.549377,63.832672,121.633377,8.375571,32.304585,28.751900,89.284767,28.111879,0.017609,143.019058,105.376953,158.309357,5.878137,9.781186,8.777954,125.505196,8.499387,0.003311,145.672806,99.866356,153.442398,4.397197,8.914113,7.535944,121.078339,7.593251,-8.526535,2.224973,-11.180283,3.705913,-46.992390,20.535397,-41.481792,21.402470,-41.485611,18.263973,-36.618652,19.505983,-40.978378,17.859306,-36.551521,18.765442,0.881871,0.099431,0.018697,8.869151,47.165897,0.043087,0.059013,0.004592,0.084319,0.001270,0.001368,0.006448,0.090181,0.006351,0.001270,0.000879,0.001954,0.006351,0.001466,0.024719,0.092526,0.065071,0.035857,0.001466,0.013385,0.001954,0.000977,0.001270,0.010161,0.110503,0.013972,0.001759,0.010845,0.086077,0.007914,0.087152,0.125843,0.058925,0.055459,0.004333,0.123050,0.004333,0.001733,0.005199,0.105719,0.008666,0.000867,0.002600,0.001733,0.014731,0.000867,0.020797,0.073657,0.071924,0.023397,0.000867,0.019064,0.000867,0.000000,0.002600,0.012998,0.143847,0.010399,0.000867,0.005199,0.094454,0.006932,0.063258,0.060659,0.050691,0.046083,0.009217,0.078341,0.000000,0.000000,0.018433,0.059908,0.000000,0.000000,0.000000,0.000000,0.018433,0.000000,0.004608,0.110599,0.050691,0.073733,0.000000,0.018433,0.000000,0.004608,0.004608,0.009217,0.046083,0.027650,0.000000,0.004608,0.092166,0.018433,0.087558,0.165899,0.000000,0.000000,0.000000,0.000000,0.000000,0.000000,0.000000,0.000000,0.000000,0.000000,0.000000,0.000000
/home/ubuntu/all-idb/dataset/healthy/Im193_0.tif,0,3392.500000,230.551300,0.802037,0.474396,0.961729,0.692913,1.135961,3.958290,0.936718,65025.000000,1020.000000,0.785398,0.000000,1.000000,0.992203,0.000000,4.000000,1.000000,5903.500000,294.492432,0.855404,0.390271,0.981381,0.729187,1.086130,3.832828,0.948456,10445.500000,386.575684,0.878355,0.342343,0.989017,0.750395,1.064311,3.782421,0.951151,0.053284,130.079041,56.259449,118.315002,4.464836,12.898637,8.327584,83.229095,9.989697,1.000000,137.399536,141.431931,156.731308,13.646977,26.480579,11.935840,145.536423,20.079514,0.038727,142.667450,134.085114,150.049255,5.937199,19.372602,9.289174,139.840027,14.295307,0.069901,146.247101,155.979477,162.873825,8.858960,9.247996,5.460042,156.928619,7.727339,-12.588409,-1.472363,-16.168060,-4.394124,-77.825668,-6.473966,-99.720032,3.650640,-31.734253,-0.961590,-44.558823,2.867542,-56.610931,-4.305611,-73.699524,2.262357,0.053284,0.038727,0.069901,1.375887,0.762279,0.033792,0.054124,0.005441,0.083333,0.003436,0.000859,0.004009,0.114548,0.005441,0.002005,0.000286,0.002291,0.005155,0.001432,0.016896,0.081901,0.053551,0.034937,0.001432,0.018614,0.001145,0.000859,0.001718,0.008305,0.094215,0.017182,0.004009,0.012887,0.109393,0.008877,0.093070,0.124857,0.028369,0.064224,0.002758,0.100079,0.000394,0.000394,0.003940,0.134358,0.002364,0.001970,0.000000,0.002364,0.004334,0.001182,0.014972,0.105989,0.060678,0.031521,0.000000,0.010638,0.000788,0.000000,0.002364,0.002364,0.106383,0.009456,0.002364,0.009062,0.136328,0.003546,0.088652,0.068164,0.053263,0.037110,0.010915,0.046060,0.008077,0.002183,0.014407,0.090592,0.016372,0.004148,0.002620,0.006330,0.016809,0.003711,0.028815,0.083388,0.045623,0.019646,0.005021,0.019428,0.001310,0.000655,0.003274,0.021174,0.072910,0.019865,0.004148,0.027941,0.048679,0.017900,0.051517,0.216110,0.000000,0.000000,0.000000,0.000000,0.000000,0.000000,0.000000,0.000000,0.000000,0.000000,0.000000,0.000000
/home/ubuntu/all-idb/dataset/healthy/Im194_0.tif,0,8831.000000,364.877197,0.833540,0.725193,0.985163,0.780813,1.452336,3.882771,0.957716,9037.000000,371.362488,0.823452,0.735548,0.984315,0.769237,1.476074,3.906482,0.952127,4.500000,27.213203,0.076359,0.765242,0.333333,0.045455,1.553414,12.828427,0.963905,0.000000,0.000000,0.000000,0.000000,0.000000,0.000000,0.000000,0.000000,0.000000,0.137177,118.873413,38.763069,96.260063,5.481874,10.873718,8.630546,65.089211,8.797870,0.140350,119.113937,39.872688,96.659164,5.686131,13.004782,8.974139,65.887367,10.170119,0.003174,129.509613,87.831734,113.908653,4.511726,3.900882,6.127360,100.384613,3.291328,0.000000,0.000000,0.000000,0.000000,0.000000,0.000000,0.000000,0.000000,0.000000,-10.636200,0.970147,118.873413,5.481874,-49.068665,6.972836,38.763069,10.873718,-17.648590,2.503186,96.260063,8.630546,-35.295403,5.506541,65.089211,8.797870,0.977386,0.022614,0.000000,43.221153,8989999890432.000000,0.039155,0.054505,0.006563,0.095551,0.003003,0.000779,0.008009,0.083315,0.006563,0.002002,0.000667,0.004672,0.008788,0.002336,0.023582,0.089099,0.038932,0.028921,0.001557,0.019689,0.001112,0.000667,0.001446,0.017019,0.082202,0.018687,0.002892,0.016018,0.093993,0.011457,0.086318,0.150501,0.009615,0.081731,0.000000,0.177885,0.000000,0.000000,0.000000,0.067308,0.000000,0.000000,0.000000,0.000000,0.000000,0.000000,0.019231,0.105769,0.052885,0.028846,0.000000,0.004808,0.000000,0.000000,0.000000,0.000000,0.110577,0.000000,0.000000,0.000000,0.187500,0.000000,0.110577,0.043269,0.000000,0.000000,0.000000,0.000000,0.000000,0.000000,0.000000,0.000000,0.000000,0.000000,0.000000,0.000000,0.000000,0.000000,0.000000,0.000000,0.000000,0.000000,0.000000,0.000000,0.000000,0.000000,0.000000,0.000000,0.000000,0.000000,0.000000,0.000000,0.000000,0.000000,0.000000,0.000000,0.000000,0.000000,0.000000,0.000000,0.000000,0.000000,0.000000,0.000000,0.000000,0.000000,0.000000,0.000000
/home/ubuntu/all-idb/dataset/healthy/Im195_0.tif,0,8751.500000,627.511780,0.279286,0.870539,0.762990,0.456378,2.032109,6.707808,0.670358,10130.000000,519.872131,0.471006,0.863792,0.843604,0.509634,1.984724,5.165256,0.822786,562.000000,265.764496,0.099989,0.412455,0.264533,0.176176,1.097722,11.210599,0.668376,0.000000,0.000000,0.000000,0.000000,0.000000,0.000000,0.000000,0.000000,0.000000,0.137604,99.356178,35.425037,89.911957,6.173419,10.459608,14.888385,59.000553,10.453007,0.157959,101.349403,42.311726,95.349205,7.998450,20.968479,20.685492,64.896545,18.651915,0.020355,114.823837,88.866570,132.105698,5.513756,13.579579,16.465267,104.754120,11.722854,0.000000,0.000000,0.000000,0.000000,0.000000,0.000000,0.000000,0.000000,0.000000,-15.467659,0.659663,99.356178,6.173419,-53.441532,-3.119971,35.425037,10.459608,-42.193741,-1.576882,89.911957,14.888385,-45.753567,-1.269847,59.000553,10.453007,0.871136,0.128864,0.000000,6.760120,9018000015360.000000,0.037924,0.044245,0.004214,0.079064,0.002883,0.000887,0.006432,0.098692,0.004546,0.002107,0.000665,0.004546,0.007430,0.001663,0.024728,0.099579,0.061211,0.029607,0.001885,0.018629,0.000776,0.000333,0.002218,0.013750,0.081947,0.015192,0.003327,0.012530,0.080284,0.010091,0.100577,0.148037,0.041229,0.060720,0.004498,0.063718,0.003748,0.000000,0.007496,0.095202,0.010495,0.001499,0.000000,0.001499,0.009745,0.000750,0.022489,0.173913,0.154423,0.033733,0.002999,0.003748,0.000000,0.000000,0.000000,0.001499,0.103448,0.004498,0.001499,0.008996,0.068966,0.003748,0.059970,0.055472,0.000000,0.000000,0.000000,0.000000,0.000000,0.000000,0.000000,0.000000,0.000000,0.000000,0.000000,0.000000,0.000000,0.000000,0.000000,0.000000,0.000000,0.000000,0.000000,0.000000,0.000000,0.000000,0.000000,0.000000,0.000000,0.000000,0.000000,0.000000,0.000000,0.000000,0.000000,0.000000,0.000000,0.000000,0.000000,0.000000,0.000000,0.000000,0.000000,0.000000,0.000000,0.000000,0.000000,0.000000
/home/ubuntu/all-idb/dataset/healthy/Im196_0.tif,0,9280.000000,367.989899,0.861164,0.593436,0.984877,0.733365,1.242420,3.819987,0.949678,9520.500000,389.060974,0.790377,0.630163,0.970489,0.689891,1.287892,3.987381,0.930051,41.000000,72.911690,0.096917,0.963808,0.283737,0.074545,3.750979,11.386892,0.888602,0.000000,0.000000,0.000000,0.000000,0.000000,0.000000,0.000000,0.000000,0.000000,0.144501,136.568008,45.719746,110.196938,5.286828,13.115361,8.956575,75.355759,10.256234,0.147797,136.806107,46.965309,110.580528,5.558503,15.413238,9.273788,76.228889,11.707423,0.003296,147.245377,101.574074,127.398148,6.972166,7.844795,7.089298,114.509262,5.972151,0.000000,0.000000,0.000000,0.000000,0.000000,0.000000,0.000000,0.000000,0.000000,-10.677368,-1.685338,136.568008,5.286828,-55.854328,5.270566,45.719746,13.115361,-17.201210,1.867277,110.196938,8.956575,-39.153503,4.284083,75.355759,10.256234,0.977700,0.022300,0.000000,43.842594,9470000234496.000000,0.035797,0.049314,0.005069,0.076558,0.004118,0.000634,0.006336,0.091235,0.006441,0.001795,0.001373,0.003273,0.008342,0.001267,0.025132,0.093031,0.053010,0.027138,0.001690,0.017107,0.001267,0.000950,0.001690,0.016473,0.090496,0.016262,0.004329,0.015523,0.086800,0.010348,0.096938,0.150264,0.032407,0.078704,0.004630,0.115741,0.000000,0.000000,0.000000,0.106481,0.004630,0.004630,0.000000,0.000000,0.004630,0.000000,0.018519,0.087963,0.106481,0.009259,0.000000,0.000000,0.000000,0.000000,0.000000,0.000000,0.134259,0.000000,0.000000,0.000000,0.134259,0.000000,0.125000,0.032407,0.000000,0.000000,0.000000,0.000000,0.000000,0.000000,0.000000,0.000000,0.000000,0.000000,0.000000,0.000000,0.000000,0.000000,0.000000,0.000000,0.000000,0.000000,0.000000,0.000000,0.000000,0.000000,0.000000,0.000000,0.000000,0.000000,0.000000,0.000000,0.000000,0.000000,0.000000,0.000000,0.000000,0.000000,0.000000,0.000000,0.000000,0.000000,0.000000,0.000000,0.000000,0.000000,0.000000,0.000000
/home/ubuntu/all-idb/dataset/healthy/Im197_0.tif,0,0.000000,0.000000,0.000000,0.000000,0.000000,0.000000,0.000000,0.000000,0.000000,13956.000000,581.906616,0.517922,0.801084,0.957563,0.744558,1.670698,4.925755,0.903266,0.000000,0.000000,0.000000,0.000000,0.000000,0.000000,0.000000,0.000000,0.000000,0.000000,0.000000,0.000000,0.000000,0.000000,0.000000,0.000000,0.000000,0.000000,0.000000,0.000000,0.000000,0.000000,0.000000,0.000000,0.000000,0.000000,0.000000,0.217072,104.722130,112.709618,130.408615,9.424479,10.834658,6.865182,117.089691,9.261542,0.000000,0.000000,0.000000,0.000000,0.000000,0.000000,0.000000,0.000000,0.000000,0.000000,0.000000,0.000000,0.000000,0.000000,0.000000,0.000000,0.000000,0.000000,0.000000,0.000000,0.000000,0.000000,0.000000,0.000000,0.000000,0.000000,0.000000,0.000000,0.000000,0.000000,0.000000,0.000000,0.000000,0.000000,0.000000,0.000000,0.000000,0.000000,0.000000,0.000000,0.000000,0.000000,0.000000,0.000000,0.000000,0.000000,0.000000,0.000000,0.000000,0.000000,0.000000,0.000000,0.000000,0.000000,0.000000,0.000000,0.000000,0.000000,0.000000,0.000000,0.000000,0.000000,0.000000,0.000000,0.000000,0.000000,0.000000,0.000000,0.000000,0.000000,0.000000,0.000000,0.000000,0.000000,0.000000,0.000000,0.000000,0.000000,0.000000,0.000000,0.000000,0.000000,0.000000,0.000000,0.000000,0.000000,0.000000,0.000000,0.000000,0.000000,0.000000,0.000000,0.000000,0.000000,0.000000,0.000000,0.000000,0.000000,0.000000,0.000000,0.000000,0.000000,0.000000,0.000000,0.000000,0.000000,0.000000,0.000000,0.000000,0.000000,0.000000,0.000000,0.000000,0.000000,0.000000,0.000000,0.000000,0.000000,0.000000,0.000000,0.000000,0.000000,0.000000,0.000000,0.000000,0.000000,0.000000,0.000000,0.000000,0.000000,0.000000,0.000000,0.000000,0.000000,0.000000,0.000000,0.000000,0.000000,0.000000,0.000000,0.000000,0.000000,0.000000,0.000000,0.000000,0.000000,0.000000
/home/ubuntu/all-idb/dataset/healthy/Im198_0.tif,0,9120.500000,377.688385,0.803454,0.531753,0.961014,0.644467,1.180777,3.954798,0.938476,9299.500000,380.516815,0.807090,0.539842,0.964478,0.646203,1.187978,3.945882,0.939691,3.000000,40.970562,0.022459,0.991655,0.120000,0.026316,7.756648,23.654366,0.916072,0.000000,0.000000,0.000000,0.000000,0.000000,0.000000,0.000000,0.000000,0.000000,0.141556,115.513962,39.435055,94.348389,7.193138,10.318200,15.709343,64.524200,10.460239,0.144302,115.632126,40.235699,94.649147,7.315176,11.770117,15.788239,65.098236,11.211397,0.002747,121.722221,81.500000,110.150002,10.341962,7.458403,11.506749,94.683334,8.510435,0.000000,0.000000,0.000000,0.000000,0.000000,0.000000,0.000000,0.000000,0.000000,-6.208260,-3.148824,115.513962,7.193138,-42.064945,2.859797,39.435055,10.318200,-15.801613,4.202594,94.348389,15.709343,-30.159134,1.949804,64.524200,10.460239,0.980967,0.019034,0.000000,51.538887,9277000384512.000000,0.037943,0.040746,0.004420,0.079120,0.002803,0.001725,0.006683,0.082246,0.007222,0.002695,0.000970,0.003557,0.008408,0.002156,0.027272,0.087852,0.050016,0.025008,0.002156,0.017031,0.002479,0.000755,0.002048,0.015199,0.095936,0.019726,0.005390,0.015953,0.095828,0.010995,0.084294,0.161367,0.011111,0.088889,0.011111,0.177778,0.005556,0.000000,0.005556,0.166667,0.000000,0.000000,0.000000,0.000000,0.000000,0.000000,0.011111,0.072222,0.066667,0.016667,0.000000,0.000000,0.000000,0.005556,0.000000,0.000000,0.177778,0.000000,0.000000,0.000000,0.127778,0.000000,0.027778,0.027778,0.000000,0.000000,0.000000,0.000000,0.000000,0.000000,0.000000,0.000000,0.000000,0.000000,0.000000,0.000000,0.000000,0.000000,0.000000,0.000000,0.000000,0.000000,0.000000,0.000000,0.000000,0.000000,0.000000,0.000000,0.000000,0.000000,0.000000,0.000000,0.000000,0.000000,0.000000,0.000000,0.000000,0.000000,0.000000,0.000000,0.000000,0.000000,0.000000,0.000000,0.000000,0.000000,0.000000,0.000000
/home/ubuntu/all-idb/dataset/healthy/Im199_0.tif,0,969.000000,139.539108,0.625377,0.584883,0.848883,0.623552,1.232866,4.482642,0.911431,65025.000000,1020.000000,0.785398,0.000000,1.000000,0.992203,0.000000,4.000000,1.000000,2597.500000,202.066010,0.799427,0.522353,0.951988,0.735003,1.172705,3.964747,0.942918,5915.000000,293.078217,0.865361,0.436708,0.981336,0.773203,1.111601,3.810712,0.951660,0.015701,126.757042,63.164238,110.614189,5.172746,14.680638,8.385155,84.590866,11.309960,1.000000,126.343124,133.751984,149.643768,11.969273,18.342518,10.841203,137.654602,14.954016,0.025253,132.264648,114.734741,131.567978,3.789960,10.933763,6.129819,121.758911,8.101277,0.051224,136.008041,140.518921,149.627045,4.831532,11.440331,9.992924,142.730118,9.915874,-5.507607,1.382786,-9.250999,0.341214,-51.570503,3.746876,-77.354683,3.240308,-20.953789,2.255335,-39.012856,-1.607769,-37.168045,3.208683,-58.139252,1.394087,0.015701,0.025253,0.051224,0.621752,0.306524,0.021380,0.045675,0.002915,0.121477,0.001944,0.000000,0.003887,0.110787,0.000972,0.001944,0.000000,0.001944,0.003887,0.003887,0.018465,0.134111,0.047619,0.020408,0.000972,0.014577,0.000972,0.000000,0.000972,0.006803,0.088435,0.006803,0.000000,0.010690,0.089407,0.003887,0.092323,0.142857,0.033837,0.044109,0.004230,0.096677,0.003625,0.000000,0.005438,0.093051,0.008459,0.000604,0.001813,0.001208,0.006647,0.000000,0.021148,0.099094,0.067674,0.028399,0.001208,0.018731,0.001813,0.001208,0.001208,0.007855,0.122054,0.011480,0.003021,0.009668,0.103927,0.007855,0.080363,0.113595,0.048257,0.054811,0.010724,0.089961,0.004170,0.001787,0.010724,0.097408,0.010724,0.003277,0.002383,0.006256,0.007745,0.002383,0.018469,0.095621,0.046768,0.042002,0.002681,0.019660,0.001489,0.000596,0.002979,0.014298,0.080727,0.019958,0.004766,0.019065,0.070897,0.011618,0.066726,0.131069,0.000000,0.000000,0.000000,0.000000,0.000000,0.000000,0.000000,0.000000,0.000000,0.000000,0.000000,0.000000
/home/ubuntu/all-idb/dataset/healthy/Im200_0.tif,0,2135.500000,189.237595,0.749367,0.222932,0.943659,0.669016,1.025816,4.095035,0.907135,64148.500000,1077.982788,0.693702,0.927235,0.989335,0.978828,2.670365,4.256166,0.938167,4219.500000,247.178711,0.867858,0.133862,0.979912,0.721036,1.009082,3.805227,0.950792,8133.000000,339.847748,0.884895,0.132395,0.987974,0.744780,1.008881,3.768418,0.951586,0.033813,122.043320,58.303699,105.532494,4.766944,14.799054,7.848281,79.695396,11.226005,0.986938,119.665565,124.508995,143.700256,12.441289,21.142599,12.494603,129.694000,17.037340,0.032166,128.509018,114.949242,130.342499,4.645131,18.240480,14.263991,121.098198,14.895026,0.060318,131.995193,143.007339,152.804703,7.965885,9.878503,6.706323,144.673157,8.430033,-6.465698,0.121813,-9.951874,-3.198941,-56.645542,-3.441426,-84.703644,4.920551,-24.810005,-6.415710,-47.272209,1.141958,-41.402802,-3.669022,-64.977760,2.795972,0.034261,0.032591,0.061116,1.051233,0.560587,0.028881,0.037004,0.001805,0.074007,0.002256,0.001805,0.005866,0.078069,0.005866,0.000451,0.000451,0.002708,0.003159,0.001354,0.023917,0.107852,0.064531,0.036552,0.001354,0.014440,0.001354,0.000451,0.001354,0.007671,0.099278,0.016697,0.004513,0.009928,0.109206,0.009477,0.090704,0.157040,0.028937,0.074004,0.001423,0.113852,0.000474,0.000949,0.001423,0.116224,0.001898,0.000000,0.000000,0.000474,0.002846,0.000000,0.011385,0.103890,0.073529,0.053131,0.000000,0.005693,0.000949,0.000000,0.000000,0.002372,0.118121,0.006167,0.001423,0.001898,0.120968,0.002372,0.103890,0.051708,0.054642,0.061725,0.011637,0.050089,0.007083,0.000759,0.011131,0.048065,0.016949,0.004806,0.004806,0.005312,0.015684,0.004048,0.024791,0.089299,0.035416,0.030610,0.004048,0.024538,0.001518,0.001771,0.002783,0.017961,0.054136,0.026309,0.006577,0.025803,0.059954,0.014419,0.080698,0.202631,0.000000,0.000000,0.000000,0.000000,0.000000,0.000000,0.000000,0.000000,0.000000,0.000000,0.000000,0.000000
/home/ubuntu/all-idb/dataset/healthy/Im201_0.tif,0,14659.500000,764.364563,0.315303,0.531824,0.805998,0.559630,1.180840,6.313075,0.638465,15941.000000,804.808228,0.309272,0.469425,0.815000,0.593485,1.132538,6.374331,0.623056,239.500000,134.468033,0.166447,0.727938,0.372473,0.163817,1.458486,8.688931,0.856031,109.000000,52.970562,0.488166,0.703272,0.744027,0.432540,1.406626,5.073660,0.935721,0.228607,122.233879,50.305500,101.865036,5.687042,14.683332,12.137856,73.919701,11.835083,0.248505,122.928223,53.289330,103.191208,6.041828,17.400881,12.673113,76.146507,13.696183,0.015503,130.738190,88.649605,119.309052,4.001028,4.919156,6.762343,102.611221,4.341413,0.003174,132.019226,84.841347,112.052887,2.903846,3.847929,9.672130,98.326920,4.735184,-8.504311,1.686014,-9.785347,2.783196,-38.344105,9.764177,-34.535847,10.835403,-17.444016,5.375512,-10.187851,2.465726,-28.691521,7.493670,-24.407219,7.099899,0.919931,0.062385,0.012772,14.746063,72.028847,0.044186,0.049526,0.004606,0.083433,0.002803,0.001535,0.007476,0.099453,0.007008,0.001669,0.001068,0.002870,0.008544,0.001602,0.024296,0.100654,0.061607,0.030770,0.001335,0.016687,0.001735,0.000334,0.001735,0.014618,0.104592,0.016620,0.002470,0.012615,0.082299,0.009678,0.078561,0.123615,0.065945,0.053150,0.008858,0.082677,0.002953,0.000984,0.007874,0.085630,0.013780,0.000984,0.000984,0.002953,0.006890,0.001969,0.029528,0.097441,0.075787,0.028543,0.001969,0.014764,0.003937,0.000000,0.000984,0.011811,0.125000,0.014764,0.006890,0.010827,0.066929,0.009843,0.056102,0.109252,0.028846,0.067308,0.000000,0.081731,0.000000,0.000000,0.000000,0.100962,0.000000,0.004808,0.000000,0.004808,0.009615,0.000000,0.009615,0.173077,0.033654,0.067308,0.000000,0.024038,0.009615,0.000000,0.000000,0.028846,0.038462,0.028846,0.000000,0.014423,0.076923,0.000000,0.033654,0.163462,0.000000,0.000000,0.000000,0.000000,0.000000,0.000000,0.000000,0.000000,0.000000,0.000000,0.000000,0.000000
/home/ubuntu/all-idb/dataset/healthy/Im202_0.tif,0,9703.500000,647.854919,0.290525,0.591752,0.805136,0.575022,1.240510,6.576784,0.628997,10845.000000,488.274170,0.571626,0.569769,0.882353,0.637566,1.216834,4.688663,0.842438,640.000000,206.793930,0.188068,0.946122,0.462094,0.186589,3.088238,8.174248,0.862701,0.000000,0.000000,0.000000,0.000000,0.000000,0.000000,0.000000,0.000000,0.000000,0.152298,109.326317,40.925758,86.746017,8.202796,13.140056,15.697793,62.421803,12.220022,0.168716,110.723434,46.464413,90.816223,9.133462,21.608795,19.816879,67.048111,18.722219,0.016418,123.683083,97.841080,128.571564,6.857345,16.509371,13.059183,109.961899,13.291465,0.000000,0.000000,0.000000,0.000000,0.000000,0.000000,0.000000,0.000000,0.000000,-14.356766,1.345451,109.326317,8.202796,-56.915321,-3.369315,40.925758,13.140056,-41.825546,2.638610,86.746017,15.697793,-47.540096,-1.071443,62.421803,12.220022,0.902686,0.097314,0.000000,9.276022,9980999630848.000000,0.035067,0.057008,0.005110,0.112514,0.001603,0.001002,0.005110,0.098788,0.004008,0.001703,0.000802,0.002805,0.006613,0.000902,0.021942,0.082056,0.049193,0.027552,0.001002,0.014427,0.000902,0.000401,0.000902,0.010219,0.085462,0.016030,0.001803,0.008917,0.121731,0.008917,0.096684,0.118826,0.052974,0.101301,0.005576,0.145911,0.005576,0.000000,0.011152,0.105019,0.009294,0.000000,0.000000,0.001859,0.010223,0.000929,0.008364,0.047398,0.068773,0.026022,0.000929,0.006506,0.002788,0.000000,0.000929,0.001859,0.096654,0.004647,0.001859,0.003717,0.197026,0.000929,0.062268,0.019517,0.000000,0.000000,0.000000,0.000000,0.000000,0.000000,0.000000,0.000000,0.000000,0.000000,0.000000,0.000000,0.000000,0.000000,0.000000,0.000000,0.000000,0.000000,0.000000,0.000000,0.000000,0.000000,0.000000,0.000000,0.000000,0.000000,0.000000,0.000000,0.000000,0.000000,0.000000,0.000000,0.000000,0.000000,0.000000,0.000000,0.000000,0.000000,0.000000,0.000000,0.000000,0.000000,0.000000,0.000000
/home/ubuntu/all-idb/dataset/healthy/Im203_0.tif,0,6161.000000,301.705627,0.850539,0.526997,0.978480,0.707186,1.176654,3.843774,0.944244,65025.000000,1020.000000,0.785398,0.000000,1.000000,0.992203,0.000000,4.000000,1.000000,9359.500000,367.060974,0.872943,0.468968,0.987029,0.728252,1.132227,3.794127,0.948712,14870.000000,458.901581,0.887323,0.423103,0.991366,0.743798,1.103654,3.763259,0.951433,0.095947,99.569656,32.434639,59.805344,10.442023,12.899796,12.716908,48.268925,11.222466,1.000000,122.302322,124.692261,140.690063,15.070413,34.876419,28.818876,129.193466,30.315588,0.049225,131.599197,129.862366,141.151886,8.063118,23.915491,24.281540,133.439865,21.749424,0.084686,130.713150,143.057480,153.400177,9.822252,12.893316,8.329631,144.726303,11.053134,-32.029541,2.378905,-31.143494,0.619771,-97.427727,-11.015695,-110.622841,0.006480,-81.346542,-11.564632,-93.594833,4.387277,-85.170944,-10.526958,-96.457382,0.169332,0.095947,0.049225,0.084686,1.949163,1.132973,0.035146,0.034828,0.005407,0.074746,0.003499,0.001590,0.008747,0.107665,0.006838,0.003022,0.000954,0.004930,0.013041,0.001908,0.028785,0.106711,0.032443,0.015744,0.002226,0.017335,0.001908,0.000795,0.001749,0.019084,0.075859,0.017335,0.004612,0.017335,0.073314,0.012882,0.082061,0.187500,0.039678,0.073466,0.008679,0.119963,0.004340,0.001550,0.004030,0.130502,0.009299,0.000930,0.002480,0.003720,0.005270,0.001240,0.020149,0.116243,0.048977,0.018289,0.001550,0.009919,0.000930,0.000310,0.002790,0.007750,0.084935,0.011469,0.002790,0.008679,0.079975,0.005890,0.080285,0.093924,0.056937,0.017477,0.014595,0.040721,0.009369,0.002342,0.014775,0.059459,0.014955,0.004685,0.001982,0.004865,0.014595,0.003243,0.030270,0.091351,0.023964,0.015856,0.004865,0.022523,0.002162,0.001982,0.004505,0.022342,0.049730,0.023063,0.007207,0.030270,0.045766,0.024505,0.087207,0.252432,0.000000,0.000000,0.000000,0.000000,0.000000,0.000000,0.000000,0.000000,0.000000,0.000000,0.000000,0.000000
/home/ubuntu/all-idb/dataset/healthy/Im204_0.tif,0,10988.000000,397.646759,0.873240,0.262007,0.986090,0.763268,1.036199,3.793483,0.945879,11196.500000,401.060974,0.874725,0.234281,0.987085,0.764945,1.028628,3.790262,0.946114,1.000000,26.970562,0.017275,0.997874,0.125000,0.011905,15.344690,26.970562,0.939734,0.000000,0.000000,0.000000,0.000000,0.000000,0.000000,0.000000,0.000000,0.000000,0.170258,108.545082,38.820309,63.492382,10.802529,14.822438,10.969040,54.144382,11.302384,0.173462,108.790375,39.612774,63.980560,10.873463,15.794192,11.551214,54.782898,12.142719,0.003204,121.823807,81.719048,89.919044,5.182609,4.895296,12.024108,88.709526,4.646187,0.000000,0.000000,0.000000,0.000000,0.000000,0.000000,0.000000,0.000000,0.000000,-13.278725,5.619921,108.545082,10.802529,-42.898739,9.927142,38.820309,14.822438,-26.426662,-1.055068,63.492382,10.969040,-34.565144,6.656198,54.144382,11.302384,0.981527,0.018473,0.000000,53.133335,11157999976448.000000,0.043108,0.049471,0.004481,0.082811,0.002509,0.001434,0.006632,0.086844,0.009141,0.001703,0.001075,0.003674,0.007797,0.001703,0.023750,0.089443,0.055566,0.029037,0.001434,0.022585,0.001613,0.000986,0.001613,0.015056,0.110324,0.022137,0.002958,0.016401,0.078419,0.010486,0.078598,0.137211,0.004762,0.076190,0.000000,0.152381,0.000000,0.000000,0.000000,0.138095,0.000000,0.000000,0.000000,0.000000,0.000000,0.000000,0.009524,0.161905,0.104762,0.023810,0.000000,0.000000,0.000000,0.000000,0.000000,0.000000,0.133333,0.004762,0.000000,0.000000,0.085714,0.000000,0.085714,0.019048,0.000000,0.000000,0.000000,0.000000,0.000000,0.000000,0.000000,0.000000,0.000000,0.000000,0.000000,0.000000,0.000000,0.000000,0.000000,0.000000,0.000000,0.000000,0.000000,0.000000,0.000000,0.000000,0.000000,0.000000,0.000000,0.000000,0.000000,0.000000,0.000000,0.000000,0.000000,0.000000,0.000000,0.000000,0.000000,0.000000,0.000000,0.000000,0.000000,0.000000,0.000000,0.000000,0.000000,0.000000
/home/ubuntu/all-idb/dataset/healthy/Im205_0.tif,0,1733.000000,158.367538,0.868313,0.283288,0.976888,0.736820,1.042715,3.804231,0.957801,65025.000000,1020.000000,0.785398,0.000000,1.000000,0.992203,0.000000,4.000000,1.000000,3560.000000,224.308655,0.889135,0.259449,0.986150,0.758738,1.035457,3.759422,0.958662,7181.000000,317.563477,0.894816,0.189465,0.989937,0.771155,1.018447,3.747469,0.955447,0.027496,124.619308,69.381241,102.819641,3.651649,10.807597,5.475117,85.672028,7.320216,1.000000,121.515503,128.101944,145.373611,13.677882,20.359129,12.989703,132.510376,16.909882,0.028305,129.532608,122.353638,130.555252,4.328416,17.383978,17.445953,125.615097,15.545936,0.055862,133.064743,144.195572,151.960114,6.721315,8.860538,6.596916,145.225082,7.723693,-4.913300,-0.676767,-8.445435,-3.069666,-52.972397,-6.576381,-74.814331,1.947059,-27.735611,-11.970837,-49.140472,-1.121799,-39.943069,-8.225719,-59.553055,-0.403477,0.027496,0.028305,0.055862,0.971429,0.492215,0.031632,0.049945,0.004994,0.085461,0.004994,0.002220,0.007214,0.082131,0.006104,0.003330,0.002220,0.004440,0.009434,0.001665,0.022198,0.100444,0.043285,0.028302,0.001665,0.018313,0.001110,0.000000,0.001665,0.016093,0.109878,0.017758,0.004440,0.010544,0.076027,0.014428,0.088790,0.149279,0.031806,0.096496,0.003235,0.091644,0.001617,0.000539,0.001617,0.120216,0.004313,0.001078,0.001078,0.001078,0.003235,0.001078,0.016173,0.076011,0.051213,0.047439,0.001078,0.004852,0.001078,0.000539,0.000000,0.003235,0.134232,0.007547,0.000539,0.002156,0.076011,0.002695,0.153100,0.063073,0.053264,0.022398,0.013384,0.042338,0.005736,0.002458,0.014750,0.062005,0.011472,0.006009,0.002458,0.006009,0.012838,0.002458,0.036329,0.101338,0.023491,0.019940,0.004097,0.022125,0.001366,0.000819,0.003824,0.023491,0.056815,0.024310,0.006282,0.029227,0.054084,0.020759,0.075662,0.238459,0.000000,0.000000,0.000000,0.000000,0.000000,0.000000,0.000000,0.000000,0.000000,0.000000,0.000000,0.000000
/home/ubuntu/all-idb/dataset/healthy/Im206_0.tif,0,970.500000,124.124893,0.791567,0.618602,0.954747,0.622914,1.272743,3.984383,0.941576,65025.000000,1020.000000,0.785398,0.000000,1.000000,0.992203,0.000000,4.000000,1.000000,2458.500000,188.894440,0.865848,0.499316,0.983203,0.694884,1.154175,3.809641,0.954102,5594.500000,282.149261,0.883107,0.395620,0.989039,0.730925,1.088833,3.772231,0.951991,0.015610,120.583580,59.057674,108.553276,4.684848,13.414935,8.825054,80.867058,10.334197,1.000000,119.008530,128.757004,145.123383,13.109635,19.567215,11.494964,132.527023,15.988480,0.023117,127.828384,118.633667,134.482513,4.727378,17.520864,13.471356,124.427063,14.179767,0.048462,126.575249,138.502197,147.232681,11.103929,15.585345,11.040016,139.738983,13.443470,-7.244804,-0.042530,-5.991669,-6.419080,-59.575993,-4.105929,-79.444519,-2.170410,-25.929237,-4.646302,-38.679405,-2.214962,-43.560005,-3.845570,-58.871925,-3.109273,0.015610,0.023117,0.048462,0.675248,0.322103,0.031281,0.046921,0.004888,0.131965,0.003910,0.001955,0.003910,0.106549,0.002933,0.000978,0.000000,0.003910,0.002933,0.000978,0.008798,0.082111,0.052786,0.047898,0.002933,0.024438,0.000000,0.000978,0.000978,0.012708,0.084066,0.018573,0.001955,0.018573,0.124145,0.008798,0.079179,0.087977,0.036964,0.069307,0.003300,0.138614,0.001320,0.000660,0.003960,0.071947,0.003960,0.000660,0.000000,0.001980,0.005281,0.000000,0.020462,0.125413,0.064026,0.033663,0.000660,0.007261,0.002640,0.000000,0.001320,0.005281,0.093069,0.011881,0.000660,0.007261,0.102310,0.005281,0.099010,0.081848,0.046285,0.025819,0.005982,0.033060,0.005982,0.001259,0.010390,0.038098,0.013224,0.002204,0.001259,0.006297,0.013539,0.001574,0.024244,0.053526,0.061398,0.025504,0.003149,0.018577,0.002834,0.003463,0.003778,0.016688,0.134131,0.021725,0.006297,0.022985,0.117758,0.016373,0.068325,0.194270,0.000000,0.000000,0.000000,0.000000,0.000000,0.000000,0.000000,0.000000,0.000000,0.000000,0.000000,0.000000
/home/ubuntu/all-idb/dataset/healthy/Im207_0.tif,0,966.000000,126.225395,0.761892,0.608848,0.937409,0.657143,1.260578,4.061235,0.943815,65025.000000,1020.000000,0.785398,0.000000,1.000000,0.992203,0.000000,4.000000,1.000000,2493.000000,190.166519,0.866291,0.510837,0.977455,0.731085,1.163227,3.808666,0.959606,5659.000000,283.421356,0.885288,0.430419,0.987523,0.757564,1.107875,3.767582,0.955693,0.015579,117.418221,62.298725,99.900101,4.677495,12.562396,6.419990,79.811951,9.203750,1.000000,114.898834,121.169525,136.839691,14.622579,19.902615,12.133780,125.131866,16.555550,0.023712,124.582367,110.991638,119.080437,3.339437,12.040764,7.183428,114.964607,9.142904,0.048920,129.670624,136.535248,142.602936,3.731731,9.676223,8.992364,137.552094,8.492094,-7.164146,1.338059,-12.252403,0.945764,-48.692913,0.521632,-74.236526,2.886173,-19.180336,-0.763438,-42.702835,-2.572374,-35.152657,0.060845,-57.740143,0.711656,0.015579,0.023712,0.048920,0.657014,0.318465,0.037218,0.046033,0.003918,0.083252,0.004897,0.003918,0.004897,0.110676,0.006856,0.000000,0.002938,0.001959,0.008815,0.000979,0.012733,0.050930,0.049951,0.048972,0.002938,0.019589,0.000979,0.000000,0.001959,0.009794,0.099902,0.017630,0.002938,0.008815,0.098923,0.008815,0.103820,0.144956,0.035393,0.043758,0.003218,0.075290,0.001931,0.001931,0.005148,0.131274,0.007722,0.001287,0.000644,0.003861,0.006435,0.000644,0.007079,0.140927,0.049550,0.028314,0.002574,0.013514,0.003218,0.000000,0.001287,0.005792,0.075933,0.013514,0.003218,0.010940,0.100386,0.009009,0.133205,0.083012,0.047099,0.066438,0.013412,0.089208,0.005926,0.001248,0.009669,0.077043,0.009981,0.002183,0.002495,0.004679,0.010605,0.002183,0.021834,0.072676,0.029008,0.032127,0.001248,0.019963,0.001871,0.003119,0.002495,0.013412,0.089208,0.022146,0.004991,0.024017,0.082969,0.016843,0.065814,0.154086,0.000000,0.000000,0.000000,0.000000,0.000000,0.000000,0.000000,0.000000,0.000000,0.000000,0.000000,0.000000
/home/ubuntu/all-idb/dataset/healthy/Im208_0.tif,0,1076.500000,125.639610,0.856980,0.342122,0.976417,0.707758,1.064220,3.829302,0.947960,65025.000000,1020.000000,0.785398,0.000000,1.000000,0.992203,0.000000,4.000000,1.000000,2582.500000,191.580734,0.884192,0.282724,0.986252,0.741885,1.042534,3.769916,0.952355,5739.500000,284.835571,0.888987,0.224793,0.989313,0.758290,1.026266,3.759735,0.950835,0.017258,111.751549,46.484528,88.030945,6.130124,13.520802,5.932714,66.349251,9.700877,1.000000,120.097427,124.652145,140.066620,13.359470,25.876062,16.997789,128.726257,21.216904,0.023407,126.660362,120.851372,128.748367,5.797880,17.932804,15.606447,123.874184,15.291406,0.048782,130.959656,142.150452,149.689713,8.381276,8.871456,5.969640,143.124176,7.524035,-14.908813,0.332243,-19.208107,-2.251153,-74.366844,-4.412002,-95.665924,4.649346,-40.717422,-9.673733,-61.658768,-0.036926,-57.524933,-5.590528,-76.774925,2.176842,0.017258,0.023407,0.048782,0.737288,0.353769,0.027409,0.067197,0.005305,0.063660,0.005305,0.003537,0.003537,0.124668,0.003537,0.000884,0.001768,0.003537,0.007958,0.000884,0.020336,0.106985,0.043324,0.027409,0.000884,0.013263,0.000000,0.001768,0.000884,0.019452,0.076039,0.009726,0.004421,0.015031,0.063660,0.007958,0.103448,0.166225,0.016297,0.092568,0.001956,0.120600,0.000652,0.000652,0.000000,0.117992,0.003259,0.000000,0.000652,0.000652,0.000652,0.000652,0.013690,0.098435,0.093220,0.033898,0.000000,0.007171,0.000000,0.000000,0.000000,0.000652,0.091265,0.005867,0.000652,0.002608,0.121252,0.000652,0.123859,0.050196,0.048796,0.059118,0.011573,0.063184,0.006881,0.000938,0.010009,0.043165,0.010322,0.003128,0.002190,0.006256,0.011573,0.003128,0.026587,0.074445,0.024085,0.018768,0.003128,0.021583,0.001251,0.001877,0.001251,0.014076,0.073506,0.020332,0.005943,0.022834,0.106037,0.014388,0.100094,0.189553,0.000000,0.000000,0.000000,0.000000,0.000000,0.000000,0.000000,0.000000,0.000000,0.000000,0.000000,0.000000
/home/ubuntu/all-idb/dataset/healthy/Im209_0.tif,0,8232.000000,342.048767,0.884177,0.435956,0.988473,0.769346,1.111151,3.769948,0.951721,8324.000000,344.048767,0.883694,0.436662,0.988188,0.770741,1.111574,3.770978,0.951072,0.000000,28.000000,0.000000,0.000000,0.000000,0.000000,0.000000,28000000000.000000,1.000000,0.000000,0.000000,0.000000,0.000000,0.000000,0.000000,0.000000,0.000000,0.000000,0.127869,138.192841,44.704296,105.675774,6.444497,13.964108,15.495369,73.598572,12.187005,0.129288,138.261658,45.292339,105.862976,6.486301,14.977054,15.538859,74.007553,12.743016,0.001419,144.462372,98.279572,122.731186,7.204477,5.204145,8.682128,110.860214,6.181121,0.000000,0.000000,0.000000,0.000000,0.000000,0.000000,0.000000,0.000000,0.000000,-6.269531,-0.759980,138.192841,6.444497,-53.575275,8.759964,44.704296,13.964108,-17.055412,6.813241,105.675774,15.495369,-37.261642,6.005884,73.598572,12.187005,0.989024,0.010976,0.000000,90.107529,8380000239616.000000,0.031504,0.049761,0.005489,0.090811,0.003819,0.001432,0.006325,0.107160,0.004654,0.002745,0.001432,0.004654,0.006444,0.001671,0.025179,0.111456,0.043675,0.021599,0.001671,0.015752,0.000835,0.000716,0.001671,0.012530,0.085919,0.014081,0.002983,0.011575,0.076969,0.009547,0.087351,0.158592,0.000000,0.075269,0.000000,0.236559,0.000000,0.000000,0.000000,0.075269,0.000000,0.000000,0.000000,0.000000,0.000000,0.000000,0.010753,0.010753,0.161290,0.000000,0.000000,0.000000,0.000000,0.000000,0.000000,0.000000,0.161290,0.000000,0.000000,0.000000,0.129032,0.000000,0.107527,0.032258,0.000000,0.000000,0.000000,0.000000,0.000000,0.000000,0.000000,0.000000,0.000000,0.000000,0.000000,0.000000,0.000000,0.000000,0.000000,0.000000,0.000000,0.000000,0.000000,0.000000,0.000000,0.000000,0.000000,0.000000,0.000000,0.000000,0.000000,0.000000,0.000000,0.000000,0.000000,0.000000,0.000000,0.000000,0.000000,0.000000,0.000000,0.000000,0.000000,0.000000,0.000000,0.000000,0.000000,0.000000
/home/ubuntu/all-idb/dataset/healthy/Im210_0.tif,0,1611.000000,200.651794,0.502828,0.616991,0.850805,0.653815,1.270696,4.999140,0.789789,65025.000000,1020.000000,0.785398,0.000000,1.000000,0.992203,0.000000,4.000000,1.000000,3696.500000,234.551300,0.844355,0.507884,0.972891,0.759971,1.160867,3.857825,0.945738,7436.500000,325.806122,0.880359,0.426978,0.986600,0.777226,1.105874,3.778113,0.952109,0.025894,148.593994,97.987038,130.893936,4.284330,16.774137,10.033618,113.588097,12.047076,1.000000,144.899216,152.740128,167.916840,16.735794,22.847992,12.743982,156.363342,18.622068,0.032059,152.404572,144.070450,152.067581,5.567812,17.461832,17.444117,147.405518,15.610418,0.057663,152.374435,162.192902,171.591690,11.880650,15.257067,8.301939,163.870605,12.587579,-3.810577,-1.283482,-3.780441,-7.596319,-46.083412,-0.687695,-64.205864,1.517071,-21.173645,-7.410499,-40.697754,1.731679,-33.817421,-3.563342,-50.282509,-0.540503,0.025894,0.032059,0.057663,0.807711,0.449061,0.032999,0.042428,0.002357,0.064231,0.001768,0.000589,0.004125,0.119034,0.004714,0.001768,0.000000,0.001179,0.003536,0.001179,0.020035,0.153801,0.053624,0.037714,0.001768,0.009428,0.000589,0.001179,0.000589,0.013553,0.073070,0.021803,0.004714,0.007071,0.084266,0.007071,0.093105,0.136712,0.029034,0.099476,0.002380,0.090909,0.001428,0.001904,0.003332,0.112803,0.006663,0.002380,0.000476,0.002380,0.004284,0.000476,0.017611,0.143741,0.059495,0.026178,0.001428,0.009519,0.000476,0.000000,0.000476,0.008091,0.133746,0.006663,0.002380,0.004760,0.074726,0.004284,0.061399,0.087101,0.043398,0.027256,0.012437,0.053983,0.006880,0.001058,0.013231,0.065361,0.013231,0.004234,0.002911,0.005028,0.011643,0.003440,0.026991,0.104790,0.021699,0.019317,0.002117,0.016936,0.000529,0.001323,0.002646,0.018788,0.041281,0.018523,0.004234,0.020111,0.066420,0.015348,0.129399,0.225456,0.000000,0.000000,0.000000,0.000000,0.000000,0.000000,0.000000,0.000000,0.000000,0.000000,0.000000,0.000000
/home/ubuntu/all-idb/dataset/healthy/Im211_0.tif,0,2712.500000,244.835571,0.568631,0.321806,0.850713,0.578112,1.056183,4.700994,0.844391,65025.000000,1020.000000,0.785398,0.000000,1.000000,0.992203,0.000000,4.000000,1.000000,5301.000000,292.877197,0.776599,0.385921,0.949404,0.676839,1.083974,4.022598,0.922190,9783.500000,379.889404,0.851902,0.314395,0.977617,0.720859,1.053416,3.840697,0.943610,0.042953,144.095917,82.537476,122.281349,4.615908,21.936659,10.448710,101.446182,16.083769,1.000000,145.597107,151.298981,165.074448,14.539618,23.987896,14.210684,154.751587,19.265194,0.039810,149.815643,133.891144,141.926025,4.265630,14.995733,12.626801,138.106171,12.572817,0.068970,155.603104,162.303314,166.900665,5.161249,13.350625,13.890202,162.900879,12.342436,-5.719727,0.350278,-11.507187,-0.545341,-51.353668,6.940926,-79.765839,8.586034,-19.644676,-2.178090,-44.619316,-3.441491,-36.659988,3.510952,-61.454697,3.741333,0.042953,0.039810,0.068970,1.078957,0.622788,0.032327,0.046536,0.002842,0.092718,0.001421,0.000710,0.005329,0.115808,0.003552,0.001421,0.000710,0.001776,0.006039,0.000710,0.023801,0.123268,0.060391,0.032682,0.002131,0.016341,0.001066,0.000000,0.000710,0.007815,0.088099,0.014210,0.001421,0.007460,0.111901,0.007815,0.071048,0.117940,0.037179,0.039479,0.004599,0.120736,0.001916,0.000383,0.003450,0.157148,0.006516,0.001916,0.000767,0.003066,0.008432,0.001150,0.024147,0.123419,0.058643,0.028747,0.000383,0.012649,0.001150,0.000000,0.000383,0.006516,0.074741,0.013415,0.001150,0.008049,0.062859,0.004216,0.093906,0.098888,0.048894,0.034735,0.010177,0.053540,0.005752,0.001106,0.011947,0.051770,0.012389,0.002434,0.001549,0.006195,0.013717,0.002655,0.023009,0.071239,0.056858,0.030752,0.003319,0.019912,0.001770,0.001327,0.001991,0.015929,0.077434,0.023009,0.005310,0.023894,0.086947,0.018584,0.072345,0.209513,0.000000,0.000000,0.000000,0.000000,0.000000,0.000000,0.000000,0.000000,0.000000,0.000000,0.000000,0.000000
/home/ubuntu/all-idb/dataset/healthy/Im212_0.tif,0,13794.500000,526.658936,0.624967,0.377892,0.900042,0.684659,1.080089,4.484112,0.877021,14062.000000,526.416321,0.637673,0.392614,0.912880,0.697935,1.087307,4.439211,0.879341,89.000000,52.284271,0.409127,0.781700,0.642599,0.329630,1.603452,5.542121,0.880717,0.000000,0.000000,0.000000,0.000000,0.000000,0.000000,0.000000,0.000000,0.000000,0.213974,126.401054,52.507736,108.352203,5.490454,17.720167,11.745062,77.630608,13.860308,0.218063,126.482750,53.198376,108.527115,5.648861,18.287962,11.741836,78.097473,14.175977,0.004089,130.757462,89.335823,117.679108,10.276991,8.565328,6.967516,102.526123,7.475037,0.000000,0.000000,0.000000,0.000000,0.000000,0.000000,0.000000,0.000000,0.000000,-4.356407,-4.786537,126.401054,5.490454,-36.828087,9.154840,52.507736,17.720167,-9.326904,4.777546,108.352203,11.745062,-24.895515,6.385271,77.630608,13.860308,0.981247,0.018753,0.000000,52.324627,14023000064000.000000,0.045283,0.053484,0.004421,0.096912,0.003066,0.001569,0.007844,0.096770,0.008700,0.001711,0.000998,0.002852,0.008557,0.001569,0.023533,0.090708,0.049419,0.027312,0.001854,0.017400,0.001783,0.000784,0.001426,0.015118,0.092847,0.019397,0.003423,0.015047,0.088640,0.012194,0.077943,0.127434,0.029851,0.085821,0.011194,0.055970,0.000000,0.000000,0.007463,0.067164,0.003731,0.000000,0.000000,0.000000,0.007463,0.000000,0.026119,0.175373,0.089552,0.022388,0.000000,0.011194,0.000000,0.000000,0.000000,0.003731,0.179104,0.003731,0.007463,0.011194,0.134328,0.003731,0.022388,0.041045,0.000000,0.000000,0.000000,0.000000,0.000000,0.000000,0.000000,0.000000,0.000000,0.000000,0.000000,0.000000,0.000000,0.000000,0.000000,0.000000,0.000000,0.000000,0.000000,0.000000,0.000000,0.000000,0.000000,0.000000,0.000000,0.000000,0.000000,0.000000,0.000000,0.000000,0.000000,0.000000,0.000000,0.000000,0.000000,0.000000,0.000000,0.000000,0.000000,0.000000,0.000000,0.000000,0.000000,0.000000
/home/ubuntu/all-idb/dataset/healthy/Im213_0.tif,0,9422.500000,381.889404,0.811897,0.554719,0.972444,0.732129,1.201868,3.934183,0.928923,9740.000000,381.161469,0.842463,0.555552,0.981311,0.736985,1.202672,3.862153,0.940430,58.000000,91.740112,0.086600,0.980229,0.351515,0.095395,5.053855,12.046067,0.887887,0.000000,0.000000,0.000000,0.000000,0.000000,0.000000,0.000000,0.000000,0.000000,0.146240,119.303322,41.530258,86.766594,7.069749,15.092533,9.406828,63.918198,10.797362,0.151108,119.650208,43.015045,87.329903,7.325349,16.959089,9.868730,64.997276,12.198562,0.004868,130.072098,87.623825,104.253922,7.209220,5.370551,8.302364,97.416931,5.554955,0.000000,0.000000,0.000000,0.000000,0.000000,0.000000,0.000000,0.000000,0.000000,-10.768776,-0.139471,119.303322,7.069749,-46.093567,9.721983,41.530258,15.092533,-17.487328,1.104464,86.766594,9.406828,-33.498734,5.242408,63.918198,10.797362,0.967788,0.032212,0.000000,30.043888,9584000368640.000000,0.039649,0.052901,0.003652,0.074082,0.003130,0.001774,0.006782,0.081490,0.007304,0.001669,0.000939,0.003861,0.007408,0.002191,0.029528,0.097663,0.043614,0.031407,0.001043,0.019199,0.001356,0.001148,0.001669,0.014816,0.094220,0.016068,0.003548,0.015442,0.083681,0.011269,0.089629,0.157867,0.018809,0.137931,0.000000,0.068966,0.000000,0.000000,0.000000,0.112853,0.003135,0.000000,0.000000,0.000000,0.006270,0.000000,0.015674,0.103448,0.097179,0.015674,0.000000,0.009404,0.000000,0.000000,0.003135,0.000000,0.125392,0.006270,0.003135,0.009404,0.097179,0.003135,0.125392,0.037618,0.000000,0.000000,0.000000,0.000000,0.000000,0.000000,0.000000,0.000000,0.000000,0.000000,0.000000,0.000000,0.000000,0.000000,0.000000,0.000000,0.000000,0.000000,0.000000,0.000000,0.000000,0.000000,0.000000,0.000000,0.000000,0.000000,0.000000,0.000000,0.000000,0.000000,0.000000,0.000000,0.000000,0.000000,0.000000,0.000000,0.000000,0.000000,0.000000,0.000000,0.000000,0.000000,0.000000,0.000000
/home/ubuntu/all-idb/dataset/healthy/Im214_0.tif,0,2734.000000,204.852814,0.818699,0.358392,0.959635,0.759655,1.071156,3.917804,0.946235,65025.000000,1020.000000,0.785398,0.000000,1.000000,0.992203,0.000000,4.000000,1.000000,5009.000000,270.793945,0.858387,0.346064,0.978320,0.782779,1.065859,3.826163,0.949764,9227.000000,363.220337,0.878881,0.307621,0.986845,0.791134,1.050962,3.781289,0.951404,0.043106,120.488495,46.503010,106.056282,5.888157,12.952798,7.802973,72.743011,10.126447,1.000000,123.408569,131.277679,149.879181,13.458381,25.368122,13.005284,135.928268,19.697554,0.035141,131.559265,121.631348,138.275726,4.399387,19.087635,11.425150,127.743813,14.695031,0.064972,133.935883,148.373657,156.146072,8.264837,9.220138,5.070363,149.013153,7.533443,-11.070770,1.488770,-13.447388,-2.376680,-75.128342,-6.134837,-101.870651,3.732660,-32.219444,-3.622177,-50.089790,2.732610,-55.000801,-4.568584,-76.270142,2.593004,0.043106,0.035141,0.064972,1.226661,0.663457,0.029381,0.053805,0.002832,0.071858,0.002478,0.001062,0.007080,0.085664,0.007434,0.001416,0.000708,0.003540,0.008850,0.001062,0.021239,0.087434,0.054513,0.026195,0.003186,0.017345,0.001770,0.000354,0.003894,0.015575,0.089558,0.021239,0.004248,0.014513,0.094159,0.010619,0.107965,0.149027,0.019974,0.092922,0.001303,0.103778,0.000868,0.000868,0.006079,0.113765,0.003908,0.000434,0.000434,0.001303,0.004342,0.000868,0.020408,0.119844,0.072080,0.029961,0.000434,0.005211,0.000000,0.000000,0.000000,0.003908,0.099436,0.007382,0.000434,0.002605,0.105515,0.002171,0.102475,0.077290,0.061766,0.061766,0.013856,0.077266,0.004932,0.002114,0.012212,0.053077,0.012447,0.004462,0.002818,0.006576,0.009864,0.002818,0.021606,0.054486,0.036167,0.030061,0.003523,0.027243,0.001879,0.001174,0.002583,0.023955,0.065993,0.028417,0.004932,0.028652,0.052842,0.014561,0.062705,0.213246,0.000000,0.000000,0.000000,0.000000,0.000000,0.000000,0.000000,0.000000,0.000000,0.000000,0.000000,0.000000
/home/ubuntu/all-idb/dataset/healthy/Im215_0.tif,0,1202.000000,135.882248,0.818067,0.631454,0.959298,0.681792,1.289635,3.919318,0.947092,65025.000000,1020.000000,0.785398,0.000000,1.000000,0.992203,0.000000,4.000000,1.000000,2812.500000,201.237595,0.872739,0.527793,0.982018,0.731850,1.177339,3.794572,0.954317,6110.000000,293.906647,0.888858,0.432047,0.988193,0.754414,1.108830,3.760008,0.954124,0.019241,121.816017,53.159397,107.671692,5.997575,15.901934,8.248811,77.278351,11.905832,1.000000,126.477676,136.860214,151.584000,13.368200,20.489569,10.177949,140.057755,16.137997,0.024994,133.835159,128.358368,138.793655,5.381280,18.456043,13.018637,132.098907,14.725863,0.050919,135.829788,150.092606,155.971527,8.053897,8.220960,4.783546,150.203476,6.846903,-12.019142,0.616294,-14.013771,-2.056322,-75.198975,-2.554110,-96.933212,7.680974,-31.121964,-4.769826,-48.299835,3.465264,-54.820557,-2.820031,-72.925125,5.058929,0.019241,0.024994,0.050919,0.769841,0.377884,0.036479,0.076130,0.004758,0.113402,0.000793,0.000000,0.002379,0.095163,0.003965,0.003172,0.000000,0.003172,0.008723,0.000000,0.018239,0.107851,0.039651,0.046788,0.000793,0.015860,0.000000,0.000793,0.000793,0.009516,0.065028,0.017446,0.002379,0.008723,0.068200,0.008723,0.103093,0.137986,0.021978,0.067155,0.001832,0.130037,0.000611,0.000000,0.001832,0.079976,0.004274,0.000000,0.000611,0.001832,0.001832,0.000611,0.012210,0.126984,0.097070,0.047619,0.001221,0.007326,0.000000,0.000000,0.000000,0.003053,0.087912,0.006716,0.002442,0.003663,0.107448,0.003053,0.123321,0.057387,0.047048,0.046449,0.012586,0.112976,0.005694,0.002997,0.013185,0.061732,0.008690,0.002397,0.001498,0.009589,0.011987,0.002397,0.027869,0.079113,0.018580,0.022775,0.004495,0.026371,0.001199,0.002098,0.002397,0.017980,0.034162,0.022775,0.003896,0.031166,0.035361,0.017980,0.058136,0.254420,0.000000,0.000000,0.000000,0.000000,0.000000,0.000000,0.000000,0.000000,0.000000,0.000000,0.000000,0.000000
/home/ubuntu/all-idb/dataset/healthy/Im216_0.tif,0,10661.000000,1054.396118,0.120504,0.535377,0.662544,0.467670,1.183974,10.211859,0.440414,15338.000000,733.009216,0.358723,0.602225,0.852064,0.636960,1.252621,5.918683,0.661248,2212.500000,657.109741,0.064390,0.526064,0.308083,0.225950,1.175855,13.969995,0.480607,298.000000,75.254837,0.661237,0.841031,0.885587,0.496667,1.848472,4.359396,0.937756,0.169312,108.374641,45.550919,96.579941,9.376861,20.113407,24.202457,67.964760,19.494886,0.239136,112.184792,59.625065,108.619637,10.263889,28.724470,28.186417,80.261742,25.871290,0.060715,121.451118,94.644638,138.198288,5.248038,12.866136,9.778607,110.720032,9.895661,0.008865,121.265060,88.015488,135.330460,4.871707,19.877371,9.862789,105.960411,14.529932,-13.076477,4.128822,-12.890419,4.505154,-49.093719,7.247272,-42.464569,0.236036,-41.618347,14.423850,-38.750519,14.339668,-42.755272,9.599225,-37.995651,4.964954,0.708014,0.253892,0.037072,2.788640,19.098106,0.037942,0.064798,0.002884,0.095890,0.002523,0.001712,0.006669,0.088140,0.005407,0.001532,0.000901,0.002794,0.006759,0.001262,0.026136,0.094178,0.051911,0.033345,0.001352,0.017484,0.001532,0.000631,0.001081,0.010364,0.093097,0.014600,0.002523,0.009553,0.083544,0.009553,0.101838,0.128064,0.056296,0.077406,0.008545,0.097261,0.001508,0.002011,0.007540,0.088716,0.007037,0.001759,0.001005,0.004524,0.007288,0.001005,0.024629,0.088716,0.078412,0.034179,0.002011,0.015833,0.000754,0.000503,0.001005,0.007037,0.123147,0.011561,0.001257,0.007791,0.078412,0.005780,0.080422,0.076652,0.041308,0.061962,0.003442,0.113597,0.000000,0.001721,0.005164,0.120482,0.005164,0.001721,0.000000,0.001721,0.001721,0.000000,0.041308,0.094664,0.058520,0.037866,0.003442,0.015491,0.000000,0.000000,0.001721,0.017212,0.079174,0.018933,0.003442,0.008606,0.055077,0.029260,0.080895,0.096386,0.000000,0.000000,0.000000,0.000000,0.000000,0.000000,0.000000,0.000000,0.000000,0.000000,0.000000,0.000000
/home/ubuntu/all-idb/dataset/healthy/Im217_0.tif,0,8364.500000,353.605133,0.840645,0.449138,0.976534,0.725078,1.119242,3.866327,0.941849,8545.500000,356.433533,0.845260,0.462080,0.977690,0.727772,1.127601,3.855759,0.944360,8.500000,51.698483,0.039964,0.910173,0.114094,0.044737,2.414132,17.732433,0.817719,0.000000,0.000000,0.000000,0.000000,0.000000,0.000000,0.000000,0.000000,0.000000,0.129944,117.233208,36.915100,91.639854,6.353369,10.896863,8.628457,62.434124,8.627079,0.132721,117.483788,37.962406,91.982643,6.563924,12.965352,8.917086,63.180042,9.968126,0.002777,129.208786,86.967033,108.021980,5.471237,4.987788,7.328970,98.082420,4.689106,0.000000,0.000000,0.000000,0.000000,0.000000,0.000000,0.000000,0.000000,0.000000,-11.975578,0.882133,117.233208,6.353369,-50.051933,5.909075,36.915100,10.896863,-16.382126,1.299487,91.639854,8.628457,-35.648296,3.937973,62.434124,8.627079,0.979076,0.020924,0.000000,46.791210,8516000022528.000000,0.038633,0.040982,0.005519,0.072569,0.003875,0.001057,0.005989,0.069399,0.008924,0.002701,0.001761,0.005167,0.009394,0.001644,0.023603,0.081494,0.044504,0.029004,0.002114,0.019610,0.001292,0.000587,0.002818,0.015853,0.094763,0.022663,0.003992,0.019140,0.091592,0.013152,0.092767,0.173438,0.038462,0.131868,0.000000,0.093407,0.000000,0.000000,0.000000,0.104396,0.000000,0.000000,0.000000,0.000000,0.000000,0.000000,0.005495,0.065934,0.038462,0.027473,0.000000,0.000000,0.005495,0.000000,0.000000,0.000000,0.186813,0.010989,0.000000,0.005495,0.115385,0.000000,0.126374,0.043956,0.000000,0.000000,0.000000,0.000000,0.000000,0.000000,0.000000,0.000000,0.000000,0.000000,0.000000,0.000000,0.000000,0.000000,0.000000,0.000000,0.000000,0.000000,0.000000,0.000000,0.000000,0.000000,0.000000,0.000000,0.000000,0.000000,0.000000,0.000000,0.000000,0.000000,0.000000,0.000000,0.000000,0.000000,0.000000,0.000000,0.000000,0.000000,0.000000,0.000000,0.000000,0.000000,0.000000,0.000000
/home/ubuntu/all-idb/dataset/healthy/Im218_0.tif,0,8788.500000,423.345245,0.616219,0.397638,0.955116,0.733108,1.089868,4.515827,0.808877,9253.500000,363.261963,0.881203,0.254774,0.985831,0.764815,1.034126,3.776304,0.951839,199.000000,69.254829,0.521390,0.902433,0.830898,0.393281,2.321096,4.909345,0.922659,0.000000,0.000000,0.000000,0.000000,0.000000,0.000000,0.000000,0.000000,0.000000,0.136826,119.311699,40.505184,88.409950,7.684098,16.253242,8.079792,63.818668,11.746264,0.143570,120.050697,43.029545,89.379745,8.301260,19.585974,9.158215,65.673401,14.254259,0.006744,135.042984,94.242081,109.054298,5.762687,7.401097,7.405620,103.300903,6.362891,0.000000,0.000000,0.000000,0.000000,0.000000,0.000000,0.000000,0.000000,0.000000,-15.731285,1.921412,119.311699,7.684098,-53.736897,8.852146,40.505184,16.253242,-20.644348,0.674172,88.409950,8.079792,-39.482235,5.383373,63.818668,11.746264,0.953024,0.046976,0.000000,20.287331,8967000424448.000000,0.040593,0.045277,0.006245,0.082748,0.003011,0.001784,0.007360,0.092562,0.008364,0.002007,0.001004,0.005018,0.007918,0.002230,0.022416,0.101260,0.047396,0.025538,0.002453,0.020966,0.002119,0.000892,0.001896,0.014832,0.088881,0.020743,0.003346,0.017397,0.069254,0.012825,0.079960,0.161704,0.056561,0.099548,0.009050,0.097285,0.002262,0.000000,0.009050,0.088235,0.004525,0.002262,0.000000,0.004525,0.000000,0.000000,0.022624,0.072398,0.085973,0.049774,0.002262,0.015837,0.000000,0.002262,0.002262,0.002262,0.081448,0.006787,0.004525,0.002262,0.076923,0.002262,0.074661,0.122172,0.000000,0.000000,0.000000,0.000000,0.000000,0.000000,0.000000,0.000000,0.000000,0.000000,0.000000,0.000000,0.000000,0.000000,0.000000,0.000000,0.000000,0.000000,0.000000,0.000000,0.000000,0.000000,0.000000,0.000000,0.000000,0.000000,0.000000,0.000000,0.000000,0.000000,0.000000,0.000000,0.000000,0.000000,0.000000,0.000000,0.000000,0.000000,0.000000,0.000000,0.000000,0.000000,0.000000,0.000000
/home/ubuntu/all-idb/dataset/healthy/Im219_0.tif,0,10216.000000,409.788879,0.764488,0.579582,0.952141,0.692610,1.227123,4.054336,0.923282,10421.000000,408.132019,0.786173,0.563857,0.955135,0.700571,1.210841,3.998029,0.933612,3.500000,15.071068,0.193638,0.829174,0.411765,0.125000,1.788938,8.055824,0.942926,0.000000,0.000000,0.000000,0.000000,0.000000,0.000000,0.000000,0.000000,0.000000,0.158539,121.356400,40.939171,96.383347,5.684868,11.914548,10.310409,66.690857,9.352838,0.161667,121.509010,41.840115,96.661064,5.848100,13.460792,10.473121,67.320053,10.322738,0.003128,129.243896,87.502441,110.736588,8.282748,6.604968,8.891151,99.209755,6.061466,0.000000,0.000000,0.000000,0.000000,0.000000,0.000000,0.000000,0.000000,0.000000,-7.887497,-2.597880,121.356400,5.684868,-46.563271,5.309580,40.939171,11.914548,-14.353241,1.419257,96.383347,10.310409,-32.518898,3.291372,66.690857,9.352838,0.980651,0.019349,0.000000,50.682926,10389999845376.000000,0.046295,0.041482,0.005197,0.084216,0.003272,0.001829,0.008951,0.106930,0.008951,0.003176,0.001732,0.005486,0.009432,0.001925,0.022233,0.091530,0.040231,0.025409,0.002887,0.021944,0.001540,0.000866,0.001444,0.016747,0.068142,0.018768,0.003561,0.017806,0.079307,0.013474,0.074976,0.170260,0.014634,0.092683,0.000000,0.073171,0.000000,0.000000,0.000000,0.170732,0.000000,0.000000,0.000000,0.000000,0.004878,0.000000,0.014634,0.048780,0.165854,0.034146,0.000000,0.000000,0.000000,0.000000,0.000000,0.000000,0.102439,0.000000,0.000000,0.000000,0.170732,0.000000,0.082927,0.024390,0.000000,0.000000,0.000000,0.000000,0.000000,0.000000,0.000000,0.000000,0.000000,0.000000,0.000000,0.000000,0.000000,0.000000,0.000000,0.000000,0.000000,0.000000,0.000000,0.000000,0.000000,0.000000,0.000000,0.000000,0.000000,0.000000,0.000000,0.000000,0.000000,0.000000,0.000000,0.000000,0.000000,0.000000,0.000000,0.000000,0.000000,0.000000,0.000000,0.000000,0.000000,0.000000,0.000000,0.000000
/home/ubuntu/all-idb/dataset/healthy/Im220_0.tif,0,1447.000000,155.053818,0.756334,0.606723,0.922537,0.685133,1.257999,4.076132,0.928076,64956.500000,1017.071045,0.789096,0.757485,0.999646,0.991158,1.531740,3.990617,0.997732,3243.500000,219.237595,0.847996,0.501727,0.973878,0.745290,1.156034,3.849533,0.945336,6770.000000,311.078217,0.879143,0.404312,0.985803,0.766531,1.093349,3.780726,0.950347,0.023132,124.761871,63.651054,105.302109,3.839030,14.623967,7.184326,83.068604,10.468790,0.998917,123.846878,131.206055,146.475693,12.661952,20.166092,12.035727,134.917114,16.356483,0.027817,130.009323,117.748764,127.373009,4.057246,16.674038,15.877244,122.025230,14.434729,0.054413,134.641891,146.435226,152.510101,3.026046,5.329484,5.674701,146.874924,4.884482,-5.247452,-0.218216,-9.880020,0.812984,-54.097710,-2.050071,-82.784172,9.294483,-22.070900,-8.692919,-47.207993,1.509625,-38.956627,-3.965939,-63.806320,5.584308,0.023157,0.027847,0.054472,0.831596,0.425126,0.030343,0.058707,0.001979,0.075198,0.003958,0.001979,0.003958,0.134565,0.003958,0.001319,0.000000,0.004617,0.004617,0.001979,0.012533,0.116095,0.048813,0.035620,0.000660,0.018470,0.000660,0.000660,0.001319,0.015172,0.127309,0.012533,0.001979,0.011214,0.094987,0.007916,0.074538,0.092348,0.024136,0.065826,0.002194,0.105869,0.001646,0.001646,0.002743,0.105869,0.002194,0.000549,0.000000,0.001097,0.003840,0.001646,0.013714,0.129457,0.046626,0.026330,0.002194,0.010971,0.000000,0.000000,0.000000,0.002743,0.132748,0.010422,0.004937,0.003291,0.118486,0.001646,0.112452,0.064728,0.047112,0.033090,0.012619,0.057487,0.006730,0.003085,0.012619,0.063096,0.017106,0.003646,0.004487,0.007572,0.014302,0.002804,0.024117,0.075435,0.039821,0.019630,0.003926,0.021593,0.002243,0.000841,0.003365,0.019910,0.069265,0.021593,0.005889,0.023275,0.055805,0.019069,0.068704,0.239764,0.000000,0.000000,0.000000,0.000000,0.000000,0.000000,0.000000,0.000000,0.000000,0.000000,0.000000,0.000000
/home/ubuntu/all-idb/dataset/healthy/Im221_0.tif,0,1788.000000,173.681244,0.744855,0.704544,0.941053,0.629134,1.409124,4.107420,0.942018,13489.000000,625.328003,0.433485,0.878175,0.814725,0.504224,2.090565,5.384161,0.802565,3592.500000,237.036575,0.803482,0.646839,0.970290,0.708580,1.311258,3.954731,0.945130,1394.000000,407.445740,0.105520,0.583364,0.270207,0.211854,1.231207,10.912855,0.657806,0.028427,107.904991,49.769188,96.916801,6.529514,14.522324,11.065028,70.494904,11.863142,0.209961,109.347527,105.406830,125.213005,8.153810,24.368999,14.490856,111.774780,18.421967,0.027939,117.654831,101.813766,117.561989,4.180254,11.881066,8.875703,108.327141,8.721212,0.023895,119.585571,115.855042,121.739464,3.394462,6.994437,6.735834,118.029373,5.659938,-9.749840,2.349260,-11.680580,3.135052,-52.044579,2.641257,-66.085854,7.527886,-20.645187,2.189325,-24.822662,4.329195,-37.832237,3.141930,-47.534470,6.203204,0.135392,0.133067,0.113808,1.017477,1.189655,0.024155,0.055824,0.003221,0.098765,0.002147,0.001610,0.005904,0.064949,0.005368,0.001074,0.001610,0.002684,0.005368,0.000537,0.023081,0.103596,0.026302,0.018250,0.002147,0.013956,0.002147,0.000537,0.001074,0.006441,0.064949,0.012346,0.001610,0.007515,0.086420,0.009125,0.151369,0.195921,0.025669,0.066630,0.002731,0.177499,0.000546,0.002185,0.004369,0.056253,0.003823,0.002185,0.001638,0.007100,0.005461,0.001092,0.024577,0.066630,0.054615,0.018023,0.001638,0.013654,0.002185,0.000546,0.003277,0.004915,0.111415,0.016931,0.001092,0.010923,0.079192,0.007646,0.105407,0.120153,0.030013,0.029374,0.004470,0.043423,0.001916,0.001277,0.005109,0.056194,0.001916,0.000639,0.001277,0.003193,0.010217,0.001277,0.022350,0.100255,0.040868,0.021711,0.002554,0.015964,0.001277,0.000639,0.002554,0.009579,0.068966,0.019796,0.006386,0.010856,0.118135,0.014049,0.180077,0.173691,0.000000,0.000000,0.000000,0.000000,0.000000,0.000000,0.000000,0.000000,0.000000,0.000000,0.000000,0.000000
/home/ubuntu/all-idb/dataset/healthy/Im222_0.tif,0,9498.000000,767.778809,0.202474,0.717136,0.668614,0.446607,1.434857,7.878073,0.583653,10897.000000,715.352356,0.267594,0.724034,0.700997,0.474608,1.449770,6.852776,0.651258,307.500000,292.977692,0.045018,0.385697,0.130462,0.075739,1.083863,16.707521,0.677091,0.000000,0.000000,0.000000,0.000000,0.000000,0.000000,0.000000,0.000000,0.000000,0.149872,106.974442,38.529423,93.175629,7.688304,12.660620,16.109602,62.665955,12.402702,0.170914,108.609764,44.340328,98.312653,8.776645,19.883934,20.773523,67.801804,18.257734,0.020706,120.221809,85.788506,134.869568,7.091685,10.845138,11.472177,104.403831,9.328473,0.000000,0.000000,0.000000,0.000000,0.000000,0.000000,0.000000,0.000000,0.000000,-13.247368,0.596619,106.974442,7.688304,-47.259083,1.815482,38.529423,12.660620,-41.693939,4.637425,93.175629,16.109602,-41.737877,3.074229,62.665955,12.402702,0.876886,0.121150,0.001964,7.238025,446.454559,0.035838,0.055080,0.003869,0.074018,0.002240,0.000814,0.005498,0.103950,0.004683,0.001934,0.000611,0.002545,0.006109,0.001425,0.023315,0.100489,0.055182,0.030951,0.001120,0.017308,0.000713,0.000916,0.001222,0.012116,0.108430,0.017003,0.003054,0.008959,0.093260,0.006923,0.087559,0.132865,0.048637,0.081061,0.000737,0.068534,0.000737,0.001474,0.003685,0.086957,0.003685,0.000737,0.001474,0.004422,0.007369,0.000000,0.028003,0.093589,0.116433,0.057480,0.002211,0.008843,0.000000,0.000000,0.000737,0.005158,0.163596,0.007369,0.001474,0.006632,0.073692,0.000737,0.074429,0.050111,0.000000,0.000000,0.000000,0.000000,0.000000,0.000000,0.000000,0.000000,0.000000,0.000000,0.000000,0.000000,0.000000,0.000000,0.000000,0.000000,0.000000,0.000000,0.000000,0.000000,0.000000,0.000000,0.000000,0.000000,0.000000,0.000000,0.000000,0.000000,0.000000,0.000000,0.000000,0.000000,0.000000,0.000000,0.000000,0.000000,0.000000,0.000000,0.000000,0.000000,0.000000,0.000000,0.000000,0.000000
/home/ubuntu/all-idb/dataset/healthy/Im223_0.tif,0,9681.000000,428.617310,0.662202,0.507999,0.911625,0.657141,1.160958,4.356218,0.882799,10267.000000,465.931030,0.594306,0.555522,0.885163,0.629105,1.202643,4.598327,0.860270,107.000000,301.279205,0.014813,0.898764,0.041561,0.023475,2.280856,29.125761,0.814730,44.000000,28.485281,0.681430,0.801729,0.888889,0.571429,1.673116,4.294318,0.953699,0.150513,109.526360,46.319443,96.995033,10.212211,27.806559,25.248131,68.676804,24.443285,0.160599,110.319618,48.859856,99.424896,10.498750,28.742500,26.349463,70.985275,25.374285,0.009155,122.313332,87.190002,135.613327,7.188312,9.086285,12.186898,105.675003,8.433428,0.000931,120.622948,82.639343,136.393448,4.791263,7.915606,6.990107,103.065575,7.056839,-12.786972,3.023899,-11.096588,5.420948,-40.870560,18.720274,-36.319901,19.890953,-38.618294,13.061233,-39.398415,18.258024,-36.998199,16.009857,-34.388771,17.386446,0.937197,0.057007,0.005796,16.440001,161.704926,0.037713,0.053629,0.004258,0.082624,0.001723,0.000811,0.005272,0.087490,0.005981,0.001217,0.001014,0.002230,0.007705,0.001318,0.025852,0.110300,0.066403,0.027778,0.000811,0.012672,0.001622,0.001014,0.001723,0.011760,0.113950,0.015308,0.002636,0.009732,0.071979,0.007806,0.089720,0.135949,0.018333,0.098333,0.003333,0.115000,0.000000,0.000000,0.001667,0.105000,0.008333,0.000000,0.000000,0.001667,0.003333,0.000000,0.018333,0.073333,0.096667,0.028333,0.000000,0.001667,0.000000,0.000000,0.000000,0.000000,0.161667,0.001667,0.000000,0.005000,0.093333,0.000000,0.110000,0.055000,0.000000,0.000000,0.000000,0.081967,0.000000,0.000000,0.000000,0.114754,0.000000,0.000000,0.000000,0.000000,0.000000,0.000000,0.000000,0.196721,0.065574,0.016393,0.000000,0.032787,0.000000,0.000000,0.016393,0.032787,0.180328,0.016393,0.000000,0.000000,0.065574,0.000000,0.032787,0.147541,0.000000,0.000000,0.000000,0.000000,0.000000,0.000000,0.000000,0.000000,0.000000,0.000000,0.000000,0.000000
/home/ubuntu/all-idb/dataset/healthy/Im224_0.tif,0,2300.500000,256.007141,0.441091,0.616529,0.792866,0.493458,1.270112,5.337538,0.792268,15399.000000,693.729980,0.402088,0.806194,0.762761,0.549101,1.690185,5.590417,0.796642,3665.500000,285.320862,0.565817,0.643501,0.865015,0.550375,1.306429,4.712668,0.862937,434.000000,102.911690,0.514956,0.914500,0.840271,0.459259,2.471656,4.939919,0.922104,0.036758,126.753006,71.587379,116.975090,3.896760,14.755118,7.431617,91.458282,10.849246,0.239716,116.708145,112.914192,139.378235,13.218496,24.703215,13.869200,121.253532,18.891466,0.021027,129.468063,104.439041,129.219162,4.687250,6.176608,5.653249,114.700287,4.804843,0.007629,106.459999,109.944000,137.162003,8.247691,5.986390,5.034656,117.674004,5.246306,-2.715057,-0.790490,20.293007,-4.350931,-32.851662,8.578510,-38.356621,8.768728,-12.244072,1.778368,-20.186913,2.396961,-23.242004,6.044403,-26.215721,5.602940,0.153342,0.087715,0.031827,1.748186,4.818000,0.033624,0.051889,0.003736,0.093400,0.001245,0.000415,0.003736,0.115816,0.002906,0.001660,0.000415,0.002076,0.005396,0.001245,0.021586,0.110419,0.058531,0.041096,0.001660,0.017020,0.000415,0.000000,0.000830,0.012453,0.081777,0.017020,0.001245,0.012453,0.095890,0.010793,0.086343,0.112910,0.033382,0.051524,0.005806,0.083454,0.005080,0.001451,0.008708,0.118287,0.005806,0.001451,0.000726,0.003628,0.007983,0.000726,0.022496,0.094340,0.050798,0.037010,0.000726,0.013062,0.000726,0.000000,0.002177,0.009434,0.111756,0.013062,0.002177,0.010885,0.106676,0.006531,0.084180,0.105951,0.032000,0.006000,0.010000,0.012000,0.004000,0.002000,0.012000,0.040000,0.008000,0.004000,0.006000,0.000000,0.022000,0.000000,0.042000,0.112000,0.016000,0.002000,0.004000,0.012000,0.008000,0.000000,0.006000,0.018000,0.054000,0.022000,0.004000,0.018000,0.094000,0.024000,0.146000,0.260000,0.000000,0.000000,0.000000,0.000000,0.000000,0.000000,0.000000,0.000000,0.000000,0.000000,0.000000,0.000000
/home/ubuntu/all-idb/dataset/healthy/Im225_0.tif,0,9075.500000,366.007141,0.851337,0.456814,0.985022,0.805279,1.124149,3.841973,0.954048,9240.000000,369.421356,0.850820,0.483792,0.986336,0.805861,1.142618,3.843138,0.953317,2.000000,21.313707,0.055325,0.747773,0.210526,0.040000,1.506127,15.071068,0.953732,0.000000,0.000000,0.000000,0.000000,0.000000,0.000000,0.000000,0.000000,0.000000,0.140976,115.950424,38.093517,98.932137,5.742643,10.331265,9.830176,65.163330,9.100968,0.143509,116.126740,38.898991,99.323761,5.876859,11.885203,10.197544,65.773209,10.115396,0.002533,125.939758,83.728912,121.120483,4.828004,4.106123,5.463786,99.716866,3.794172,0.000000,0.000000,0.000000,0.000000,0.000000,0.000000,0.000000,0.000000,0.000000,-9.989334,0.914639,115.950424,5.742643,-45.635395,6.225142,38.093517,10.331265,-22.188347,4.366391,98.932137,9.830176,-34.553535,5.306797,65.163330,9.100968,0.982350,0.017650,0.000000,55.656628,9238999990272.000000,0.044377,0.045676,0.005195,0.059206,0.004546,0.001191,0.007468,0.087131,0.008118,0.003788,0.001299,0.004221,0.008875,0.002056,0.021539,0.111484,0.047299,0.026085,0.001840,0.023271,0.001515,0.001082,0.001732,0.014612,0.091027,0.020998,0.004329,0.016560,0.078039,0.009633,0.080420,0.165386,0.012048,0.186747,0.006024,0.048193,0.000000,0.000000,0.000000,0.240964,0.000000,0.000000,0.000000,0.000000,0.000000,0.000000,0.012048,0.084337,0.054217,0.000000,0.000000,0.000000,0.000000,0.000000,0.000000,0.000000,0.156627,0.000000,0.000000,0.000000,0.132530,0.000000,0.060241,0.006024,0.000000,0.000000,0.000000,0.000000,0.000000,0.000000,0.000000,0.000000,0.000000,0.000000,0.000000,0.000000,0.000000,0.000000,0.000000,0.000000,0.000000,0.000000,0.000000,0.000000,0.000000,0.000000,0.000000,0.000000,0.000000,0.000000,0.000000,0.000000,0.000000,0.000000,0.000000,0.000000,0.000000,0.000000,0.000000,0.000000,0.000000,0.000000,0.000000,0.000000,0.000000,0.000000,0.000000,0.000000
/home/ubuntu/all-idb/dataset/healthy/Im226_0.tif,0,1812.500000,172.409164,0.766244,0.587175,0.936209,0.635965,1.235391,4.049686,0.930526,65025.000000,1020.000000,0.785398,0.000000,1.000000,0.992203,0.000000,4.000000,1.000000,3775.500000,235.521866,0.855307,0.496039,0.974323,0.700464,1.151676,3.833045,0.950157,7536.000000,328.190918,0.879220,0.433073,0.986904,0.732361,1.109436,3.780560,0.951159,0.028763,114.952782,50.474800,108.398941,4.886879,11.793809,10.113520,75.146950,9.793851,1.000000,115.197739,123.609009,142.324936,12.657936,21.587141,10.912925,128.239548,16.685171,0.030365,126.576881,113.864319,135.855774,4.014905,14.987221,7.832275,121.898994,10.792857,0.057983,127.337105,133.501053,142.162888,4.718641,11.757641,8.483765,135.394470,9.470393,-11.624100,0.871974,-12.384323,0.168239,-63.389519,-3.193412,-83.026253,0.036168,-27.456833,2.281245,-33.763947,1.629755,-46.752045,-0.999006,-60.247520,0.323458,0.028763,0.030365,0.057983,0.947236,0.496053,0.032891,0.051989,0.005836,0.076923,0.001592,0.000531,0.002122,0.112467,0.002122,0.002653,0.000531,0.001061,0.004244,0.002653,0.025995,0.122546,0.063130,0.031300,0.000000,0.016446,0.002653,0.001061,0.000531,0.016446,0.093899,0.018568,0.002122,0.009019,0.064191,0.011141,0.084350,0.138992,0.046734,0.055276,0.006533,0.081910,0.004523,0.000503,0.012060,0.101005,0.009045,0.002513,0.001508,0.004523,0.006030,0.000503,0.024623,0.066332,0.086432,0.039196,0.001508,0.014070,0.000503,0.000503,0.001508,0.008040,0.100000,0.010553,0.003015,0.010553,0.093467,0.010050,0.090955,0.106030,0.035526,0.044211,0.006316,0.089737,0.003947,0.001579,0.007368,0.103684,0.005000,0.001842,0.001053,0.005000,0.009211,0.002368,0.018158,0.083158,0.062895,0.032632,0.002368,0.020526,0.001316,0.000526,0.002895,0.013421,0.096842,0.018684,0.004211,0.012632,0.087895,0.012105,0.076842,0.136053,0.000000,0.000000,0.000000,0.000000,0.000000,0.000000,0.000000,0.000000,0.000000,0.000000,0.000000,0.000000
/home/ubuntu/all-idb/dataset/healthy/Im227_0.tif,0,1129.000000,131.539108,0.819963,0.463652,0.962900,0.673226,1.128646,3.914785,0.946100,65025.000000,1020.000000,0.785398,0.000000,1.000000,0.992203,0.000000,4.000000,1.000000,2689.000000,196.651794,0.873785,0.419154,0.981924,0.723433,1.101425,3.792299,0.954991,5930.000000,289.906647,0.886642,0.344601,0.988251,0.749021,1.065247,3.764704,0.952650,0.018082,114.083542,51.748524,107.095360,5.483441,14.373706,9.709894,75.415192,11.592363,1.000000,120.791473,130.692734,145.509766,12.332610,19.446913,9.893248,133.971725,15.385581,0.024231,126.190804,113.511963,134.433243,4.807450,16.397358,7.790064,121.212219,11.936374,0.050064,128.448944,140.060654,148.301437,7.041517,9.483635,5.896726,141.170380,7.806088,-12.107262,0.675991,-14.365402,-1.558076,-61.763439,-2.023652,-88.312134,4.890071,-27.337883,1.919830,-41.206078,3.813169,-45.797028,-0.344010,-65.755188,3.786275,0.018082,0.024231,0.050064,0.746222,0.361170,0.024473,0.061603,0.000000,0.075949,0.000844,0.001688,0.000000,0.105485,0.002532,0.000844,0.000000,0.002532,0.008439,0.000000,0.019409,0.069198,0.054852,0.038819,0.000000,0.014346,0.000844,0.000844,0.004219,0.012658,0.101266,0.021941,0.005063,0.005907,0.129114,0.009283,0.096203,0.131646,0.027078,0.079345,0.003778,0.091940,0.003778,0.001259,0.006927,0.098866,0.003778,0.003778,0.000000,0.002519,0.005038,0.000000,0.024559,0.117128,0.065491,0.036524,0.002519,0.011335,0.000630,0.001259,0.000630,0.007557,0.078086,0.006297,0.001889,0.007557,0.102645,0.002519,0.102645,0.102645,0.046327,0.039317,0.013411,0.090826,0.004267,0.002133,0.009753,0.085949,0.012496,0.004267,0.003353,0.005486,0.007620,0.002743,0.024383,0.082597,0.032307,0.020116,0.002743,0.025602,0.002438,0.000000,0.001829,0.017373,0.054252,0.019506,0.007315,0.020725,0.043279,0.014325,0.084730,0.218531,0.000000,0.000000,0.000000,0.000000,0.000000,0.000000,0.000000,0.000000,0.000000,0.000000,0.000000,0.000000
/home/ubuntu/all-idb/dataset/healthy/Im228_0.tif,0,24758.000000,614.641724,0.823534,0.513653,0.972561,0.739288,1.165504,3.906288,0.934209,27097.000000,699.553406,0.695808,0.407549,0.930241,0.700398,1.095070,4.249720,0.874111,26556.500000,645.369629,0.801242,0.447543,0.961896,0.732189,1.118240,3.960254,0.924449,297.000000,86.911690,0.494094,0.918368,0.796247,0.379310,2.526997,5.043128,0.923942,0.381805,72.039124,23.277836,40.728920,7.797566,7.890447,9.222223,34.051956,7.867403,0.418030,73.964996,26.775806,43.761280,9.836278,13.737649,13.362196,37.231602,12.860979,0.027649,93.076157,62.442055,75.626930,4.924905,5.639409,7.348011,69.868103,5.351315,0.008011,98.356194,67.699051,76.156189,2.268791,4.350468,4.289343,73.748573,3.076427,-21.037033,2.872662,-26.317070,5.528775,-39.164219,2.251038,-44.421215,3.539979,-34.898010,1.874212,-35.427269,4.932880,-35.816147,2.516088,-39.696617,4.790976,0.913345,0.066141,0.019163,13.809051,47.660954,0.017664,0.032611,0.003037,0.059068,0.000959,0.000440,0.003477,0.056390,0.002838,0.001679,0.000999,0.004436,0.003037,0.000919,0.016585,0.115378,0.027696,0.022101,0.001199,0.018464,0.000360,0.000320,0.001079,0.009831,0.072216,0.018624,0.004556,0.025458,0.062665,0.010431,0.101271,0.304212,0.011038,0.072296,0.002759,0.067881,0.001656,0.000552,0.000552,0.081678,0.001656,0.001104,0.000000,0.002208,0.002759,0.000552,0.014901,0.246137,0.047461,0.019316,0.000000,0.003311,0.000552,0.000552,0.000552,0.004415,0.101545,0.005519,0.002208,0.004967,0.082781,0.002759,0.084437,0.131898,0.020952,0.017143,0.007619,0.017143,0.001905,0.000000,0.005714,0.043810,0.015238,0.001905,0.000000,0.007619,0.003810,0.000000,0.022857,0.142857,0.026667,0.020952,0.000000,0.015238,0.000000,0.000000,0.000000,0.022857,0.137143,0.026667,0.003810,0.007619,0.072381,0.005714,0.081905,0.270476,0.000000,0.000000,0.000000,0.000000,0.000000,0.000000,0.000000,0.000000,0.000000,0.000000,0.000000,0.000000
/home/ubuntu/all-idb/dataset/healthy/Im229_0.tif,0,29122.000000,733.151367,0.680838,0.450995,0.953475,0.725186,1.120415,4.296185,0.858272,31894.000000,680.925964,0.864409,0.362488,0.984094,0.767291,1.072975,3.812812,0.950174,31865.500000,683.511780,0.857114,0.360138,0.983518,0.766606,1.071927,3.829002,0.946539,12.500000,30.384777,0.170141,0.902813,0.471698,0.115741,2.325404,8.594112,0.950063,0.449249,68.507034,24.837749,37.689491,8.096698,9.069672,7.347631,33.656509,8.022376,0.491135,70.182030,27.897568,39.803307,9.546014,13.315274,9.941523,36.274303,11.555098,0.041367,88.152344,60.684986,62.436001,3.544109,4.392114,4.233617,64.322021,3.680823,0.000519,87.764709,63.205883,65.617645,3.134803,1.490744,2.301083,66.735291,1.335242,-19.645309,4.552588,-19.257675,4.961895,-35.847237,4.677558,-38.368134,7.578927,-24.746510,3.114014,-27.928154,5.046548,-30.665512,4.341553,-33.078781,6.687134,0.914717,0.084227,0.001056,10.860199,865.941162,0.018545,0.027138,0.003261,0.063277,0.000679,0.000611,0.003125,0.063922,0.003397,0.001460,0.000747,0.003906,0.003566,0.000713,0.015182,0.108077,0.034475,0.020753,0.000985,0.018375,0.000476,0.000306,0.000577,0.010699,0.082263,0.021941,0.004517,0.025542,0.067285,0.009578,0.093132,0.291488,0.024345,0.063814,0.004426,0.083364,0.001107,0.000000,0.001844,0.078200,0.005533,0.000369,0.000369,0.004795,0.003689,0.000738,0.007746,0.119882,0.053486,0.055330,0.001475,0.015492,0.000369,0.000000,0.000000,0.008484,0.128366,0.020288,0.001844,0.015124,0.119144,0.005902,0.087790,0.086684,0.000000,0.000000,0.000000,0.000000,0.000000,0.000000,0.000000,0.000000,0.000000,0.000000,0.000000,0.000000,0.000000,0.000000,0.000000,0.000000,0.000000,0.000000,0.000000,0.000000,0.000000,0.000000,0.000000,0.000000,0.000000,0.000000,0.000000,0.000000,0.000000,0.000000,0.000000,0.000000,0.000000,0.000000,0.000000,0.000000,0.000000,0.000000,0.000000,0.000000,0.000000,0.000000,0.000000,0.000000
/home/ubuntu/all-idb/dataset/healthy/Im230_0.tif,0,30426.500000,683.796021,0.817728,0.344921,0.974818,0.749421,1.065381,3.920131,0.924106,31871.500000,688.482300,0.844942,0.351098,0.982279,0.751049,1.067990,3.856484,0.935678,31871.500000,688.482300,0.844942,0.351098,0.982279,0.751049,1.067990,3.856484,0.935678,0.000000,0.000000,0.000000,0.000000,0.000000,0.000000,0.000000,0.000000,0.000000,0.468704,68.990135,26.060293,41.784355,7.547215,9.251208,8.309822,35.653610,7.933589,0.490814,69.761459,27.636728,42.749706,8.241193,11.670972,9.374248,36.955139,9.851673,0.022110,86.112488,61.055210,63.213940,4.496656,6.321258,6.954732,64.545891,4.802317,0.000000,0.000000,0.000000,0.000000,0.000000,0.000000,0.000000,0.000000,0.000000,-17.122353,3.050558,68.990135,7.547215,-34.994919,2.929950,26.060293,9.251208,-21.429585,1.355090,41.784355,8.309822,-28.892281,3.131272,35.653610,7.933589,0.954952,0.045048,0.000000,21.198757,30717000024064.000000,0.018849,0.026370,0.003060,0.071849,0.000912,0.000423,0.004135,0.079695,0.004167,0.001465,0.000749,0.004297,0.004362,0.000684,0.016701,0.115864,0.026956,0.016506,0.001107,0.018264,0.000586,0.000228,0.000912,0.011166,0.064232,0.018003,0.004265,0.021584,0.060357,0.008953,0.093336,0.299964,0.008972,0.077985,0.000000,0.139406,0.000000,0.000690,0.000000,0.157350,0.000000,0.000000,0.000000,0.001380,0.000690,0.000000,0.013112,0.173223,0.055901,0.016563,0.000000,0.003451,0.000000,0.000690,0.000000,0.002070,0.094548,0.002070,0.000000,0.000690,0.057971,0.001380,0.116632,0.075224,0.000000,0.000000,0.000000,0.000000,0.000000,0.000000,0.000000,0.000000,0.000000,0.000000,0.000000,0.000000,0.000000,0.000000,0.000000,0.000000,0.000000,0.000000,0.000000,0.000000,0.000000,0.000000,0.000000,0.000000,0.000000,0.000000,0.000000,0.000000,0.000000,0.000000,0.000000,0.000000,0.000000,0.000000,0.000000,0.000000,0.000000,0.000000,0.000000,0.000000,0.000000,0.000000,0.000000,0.000000
/home/ubuntu/all-idb/dataset/healthy/Im231_0.tif,0,6942.500000,340.776703,0.751253,0.493243,0.959638,0.731251,1.149569,4.089893,0.897180,7473.500000,328.291412,0.871395,0.387801,0.983097,0.755815,1.084901,3.797498,0.953498,245.000000,424.215302,0.017108,0.485140,0.044304,0.026327,1.143594,27.102121,0.674274,0.000000,0.000000,0.000000,0.000000,0.000000,0.000000,0.000000,0.000000,0.000000,0.108154,77.567863,29.251129,47.727989,8.825156,10.323882,8.974251,40.294582,9.138983,0.116180,78.987785,31.977148,49.698845,10.062857,14.196961,11.416215,42.646702,12.401001,0.008026,98.121674,68.711029,76.256653,4.796666,5.639364,6.606304,74.342209,4.631764,0.000000,0.000000,0.000000,0.000000,0.000000,0.000000,0.000000,0.000000,0.000000,-20.553810,4.028490,77.567863,8.825156,-39.459900,4.684518,29.251129,10.323882,-28.528664,2.367947,47.727989,8.974251,-34.047626,4.507219,40.294582,9.138983,0.930917,0.069083,0.000000,13.475286,7087999942656.000000,0.037528,0.038657,0.005643,0.071953,0.003104,0.002257,0.005079,0.078866,0.007336,0.003668,0.001270,0.004374,0.008324,0.001552,0.020739,0.105672,0.050508,0.029063,0.001834,0.017918,0.002257,0.000988,0.001552,0.015096,0.096219,0.022714,0.004515,0.018623,0.077173,0.009453,0.076891,0.179176,0.038023,0.096958,0.000000,0.110266,0.001901,0.001901,0.000000,0.077947,0.019011,0.001901,0.001901,0.003802,0.003802,0.000000,0.009506,0.134981,0.053232,0.039924,0.000000,0.007605,0.000000,0.000000,0.003802,0.015209,0.085551,0.007605,0.003802,0.003802,0.096958,0.009506,0.098859,0.072243,0.000000,0.000000,0.000000,0.000000,0.000000,0.000000,0.000000,0.000000,0.000000,0.000000,0.000000,0.000000,0.000000,0.000000,0.000000,0.000000,0.000000,0.000000,0.000000,0.000000,0.000000,0.000000,0.000000,0.000000,0.000000,0.000000,0.000000,0.000000,0.000000,0.000000,0.000000,0.000000,0.000000,0.000000,0.000000,0.000000,0.000000,0.000000,0.000000,0.000000,0.000000,0.000000,0.000000,0.000000
/home/ubuntu/all-idb/dataset/healthy/Im232_0.tif,0,7120.000000,327.705627,0.833148,0.310163,0.973609,0.741435,1.051875,3.883684,0.932139,7427.000000,330.048767,0.856776,0.335684,0.978718,0.742774,1.061600,3.829759,0.943025,32.000000,102.911690,0.037969,0.403109,0.156863,0.050794,1.092715,18.192389,0.909054,0.000000,0.000000,0.000000,0.000000,0.000000,0.000000,0.000000,0.000000,0.000000,0.110779,79.637329,30.283747,54.487328,8.019433,10.098628,9.320701,43.153030,8.735736,0.115494,80.214424,31.699167,55.272823,8.650302,12.148181,10.176262,44.284714,10.316228,0.004715,93.773460,64.954689,73.728157,11.412271,8.115542,11.848171,70.873787,8.765201,0.000000,0.000000,0.000000,0.000000,0.000000,0.000000,0.000000,0.000000,0.000000,-14.136131,-3.392838,79.637329,8.019433,-34.670944,1.983086,30.283747,10.098628,-19.240829,-2.527471,54.487328,9.320701,-27.720757,-0.029465,43.153030,8.735736,0.959176,0.040824,0.000000,23.495146,7259999961088.000000,0.034435,0.043664,0.004408,0.081818,0.003030,0.001653,0.005785,0.100000,0.008678,0.001653,0.001102,0.004545,0.008540,0.001102,0.025482,0.111846,0.034298,0.023278,0.001377,0.016942,0.001515,0.000826,0.001653,0.018595,0.072590,0.021212,0.002617,0.018457,0.064601,0.012948,0.090634,0.180716,0.016181,0.110032,0.000000,0.126214,0.000000,0.000000,0.012945,0.155340,0.003236,0.003236,0.000000,0.000000,0.000000,0.000000,0.012945,0.122977,0.064725,0.019417,0.000000,0.003236,0.000000,0.000000,0.000000,0.006472,0.090615,0.000000,0.000000,0.003236,0.093851,0.000000,0.100324,0.055016,0.000000,0.000000,0.000000,0.000000,0.000000,0.000000,0.000000,0.000000,0.000000,0.000000,0.000000,0.000000,0.000000,0.000000,0.000000,0.000000,0.000000,0.000000,0.000000,0.000000,0.000000,0.000000,0.000000,0.000000,0.000000,0.000000,0.000000,0.000000,0.000000,0.000000,0.000000,0.000000,0.000000,0.000000,0.000000,0.000000,0.000000,0.000000,0.000000,0.000000,0.000000,0.000000,0.000000,0.000000
/home/ubuntu/all-idb/dataset/healthy/Im233_0.tif,0,8099.000000,559.244751,0.325415,0.376845,0.749006,0.531082,1.079591,6.214214,0.698034,65025.000000,1020.000000,0.785398,0.000000,1.000000,0.992203,0.000000,4.000000,1.000000,13535.000000,562.215271,0.538100,0.205538,0.901012,0.657358,1.021817,4.832519,0.807028,21135.500000,588.399048,0.767147,0.294353,0.958222,0.718650,1.046357,4.047303,0.921317,0.127319,71.173180,27.375120,52.333775,7.268204,8.303463,14.664715,39.841801,9.462187,1.000000,89.878265,90.572876,103.693130,12.617704,28.536465,21.271492,94.426453,23.829657,0.082932,94.919044,83.348663,101.002762,4.802912,14.101043,12.047674,89.946823,11.161024,0.116089,96.736069,96.412857,111.103180,3.971938,13.968250,3.641752,100.842667,9.274927,-23.745865,2.465292,-25.562889,3.296266,-55.973541,-5.797580,-69.037735,-5.664787,-48.668987,2.617041,-58.769405,11.022963,-50.105022,-1.698837,-61.000866,0.187260,0.127319,0.082932,0.116089,1.535235,1.096740,0.025407,0.055729,0.004794,0.108701,0.001438,0.000959,0.005153,0.084612,0.004195,0.001678,0.000719,0.001918,0.005393,0.001198,0.020374,0.077661,0.032478,0.020254,0.001318,0.017617,0.001318,0.000360,0.001438,0.007910,0.066755,0.015460,0.003236,0.014022,0.111457,0.013423,0.131472,0.161553,0.041950,0.092732,0.007912,0.128795,0.003128,0.001656,0.009568,0.060534,0.005336,0.001472,0.001288,0.004416,0.007544,0.001472,0.020423,0.052990,0.039558,0.030359,0.002392,0.013983,0.002024,0.000184,0.001840,0.005520,0.092364,0.013983,0.005336,0.008648,0.128795,0.006992,0.103956,0.102852,0.058228,0.038644,0.016956,0.062697,0.004469,0.002892,0.012487,0.049159,0.009201,0.003286,0.003155,0.005652,0.006835,0.002892,0.021030,0.057177,0.031809,0.030757,0.007098,0.031283,0.002103,0.001446,0.002497,0.015379,0.047976,0.027997,0.009069,0.029837,0.070452,0.029180,0.079916,0.228444,0.000000,0.000000,0.000000,0.000000,0.000000,0.000000,0.000000,0.000000,0.000000,0.000000,0.000000,0.000000
/home/ubuntu/all-idb/dataset/healthy/Im234_0.tif,0,9589.000000,453.244720,0.586567,0.703037,0.898225,0.602551,1.406167,4.628562,0.858363,65025.000000,1020.000000,0.785398,0.000000,1.000000,0.992203,0.000000,4.000000,1.000000,14107.000000,495.043732,0.723365,0.670934,0.948529,0.658775,1.348587,4.167986,0.913859,21248.500000,574.884338,0.807936,0.630903,0.970850,0.697633,1.288889,3.943813,0.940674,0.149246,84.503014,36.408649,68.305595,6.362408,9.273296,9.553511,51.431961,8.544572,1.000000,93.687149,92.487473,106.959961,12.298484,28.037489,18.116467,96.948669,22.555220,0.069214,100.336861,90.243607,101.259697,6.343859,14.199028,10.284854,94.689156,11.366138,0.109482,96.556793,100.447525,110.734917,11.595016,15.425820,8.738364,103.078743,12.154123,-15.833847,0.018549,-12.053780,-5.232608,-53.834957,-4.925732,-64.038879,-6.152524,-32.954102,-0.731343,-42.429321,0.815146,-43.257195,-2.821566,-51.646782,-3.609551,0.149246,0.069214,0.109482,2.156305,1.363206,0.040896,0.042634,0.005316,0.074737,0.004192,0.001840,0.008077,0.085472,0.009099,0.003987,0.001329,0.005930,0.009304,0.002045,0.024844,0.103773,0.026480,0.025253,0.002760,0.020448,0.001840,0.001125,0.002351,0.016052,0.079440,0.021061,0.003885,0.020755,0.076577,0.011860,0.075555,0.191085,0.031085,0.055996,0.004630,0.121032,0.001984,0.001323,0.004630,0.108466,0.006393,0.001102,0.000661,0.004189,0.006393,0.000882,0.020944,0.139330,0.038801,0.024912,0.000441,0.010362,0.000441,0.000220,0.001984,0.005732,0.100750,0.010141,0.002866,0.005071,0.076499,0.005071,0.097884,0.109788,0.045854,0.020767,0.012265,0.044739,0.005017,0.002369,0.012962,0.057143,0.009477,0.004599,0.002927,0.006132,0.012404,0.002787,0.037352,0.093380,0.025087,0.013519,0.004042,0.018397,0.002230,0.001672,0.003763,0.021463,0.055192,0.019233,0.005296,0.022997,0.060070,0.020627,0.093380,0.262857,0.000000,0.000000,0.000000,0.000000,0.000000,0.000000,0.000000,0.000000,0.000000,0.000000,0.000000,0.000000
/home/ubuntu/all-idb/dataset/healthy/Im235_0.tif,0,6568.000000,355.362488,0.653582,0.856859,0.955276,0.573875,1.939675,4.384852,0.937465,7335.000000,413.303589,0.539600,0.896320,0.911124,0.488609,2.255255,4.825798,0.927408,7239.500000,387.404114,0.606164,0.877904,0.943134,0.532003,2.088396,4.553129,0.934402,76.500000,39.556351,0.614383,0.766621,0.900000,0.534965,1.557391,4.522572,0.945333,0.102554,76.026337,30.847641,47.817287,12.896531,14.763523,10.749156,41.085106,13.010242,0.114624,78.071754,34.887245,51.110092,13.909204,18.486610,14.196964,44.671993,16.355003,0.010437,94.736839,68.318710,78.421051,9.715442,9.030206,7.819299,74.346489,8.253733,0.001633,100.018692,74.915886,83.355141,3.474826,2.998821,3.571047,80.280373,2.490334,-18.710503,3.181089,-23.992355,9.421705,-37.471069,5.733317,-44.068245,11.764702,-30.603764,2.929857,-35.537853,7.178109,-33.261383,4.756509,-39.195267,10.519907,0.894702,0.091054,0.014244,9.826023,62.813084,0.033328,0.042256,0.004315,0.066359,0.003868,0.001190,0.007439,0.066657,0.007588,0.002678,0.001488,0.005059,0.009374,0.001339,0.025591,0.090463,0.054159,0.029609,0.001488,0.016813,0.002232,0.000744,0.001190,0.016218,0.085404,0.018450,0.005059,0.015771,0.085702,0.009820,0.101919,0.186431,0.024854,0.128655,0.001462,0.026316,0.004386,0.000000,0.004386,0.089181,0.002924,0.001462,0.001462,0.004386,0.002924,0.002924,0.023392,0.100877,0.127193,0.059942,0.001462,0.013158,0.001462,0.001462,0.000000,0.002924,0.051170,0.007310,0.002924,0.000000,0.067251,0.001462,0.156433,0.086257,0.009346,0.018692,0.009346,0.018692,0.000000,0.009346,0.018692,0.056075,0.000000,0.000000,0.018692,0.009346,0.009346,0.000000,0.028037,0.093458,0.018692,0.000000,0.000000,0.037383,0.037383,0.000000,0.009346,0.018692,0.028037,0.009346,0.009346,0.018692,0.056075,0.065421,0.093458,0.299065,0.000000,0.000000,0.000000,0.000000,0.000000,0.000000,0.000000,0.000000,0.000000,0.000000,0.000000,0.000000
/home/ubuntu/all-idb/dataset/healthy/Im236_0.tif,0,6799.500000,345.948273,0.713945,0.735728,0.944506,0.683298,1.476500,4.195393,0.905729,65025.000000,1020.000000,0.785398,0.000000,1.000000,0.992203,0.000000,4.000000,1.000000,10398.500000,398.575684,0.822544,0.683019,0.975652,0.724584,1.369111,3.908638,0.945082,19411.000000,698.724976,0.499626,0.808128,0.885781,0.602228,1.697772,5.015131,0.820398,0.108704,73.111595,34.265583,60.809517,11.524137,17.511885,21.061840,46.636723,17.317184,1.000000,88.416077,92.506775,106.713989,13.503731,26.079435,18.420034,96.290237,21.570250,0.067429,94.306404,84.312744,104.939804,4.327902,13.257931,10.868424,91.620728,10.276493,0.124619,97.134933,103.424271,113.840454,4.293780,12.325208,2.981949,105.823807,7.957533,-21.194809,7.196236,-24.023338,7.230357,-50.047161,4.253954,-69.158691,5.186677,-44.130287,10.193416,-53.030937,18.079891,-44.984005,7.040691,-59.187084,9.359652,0.108704,0.067429,0.124619,1.612129,0.872291,0.025828,0.040848,0.004211,0.095592,0.000983,0.000842,0.004773,0.120017,0.004211,0.001544,0.000561,0.002807,0.005615,0.001123,0.016283,0.100365,0.057131,0.024144,0.001825,0.014318,0.000983,0.000421,0.001123,0.010107,0.092504,0.014599,0.003369,0.011370,0.101909,0.007299,0.102471,0.130825,0.038923,0.037339,0.007015,0.093686,0.004300,0.001810,0.009278,0.088934,0.007241,0.001584,0.002037,0.002037,0.007241,0.001358,0.020140,0.079882,0.068794,0.023308,0.003168,0.009731,0.002489,0.000226,0.002489,0.006789,0.121068,0.014709,0.004526,0.012673,0.086445,0.010636,0.102286,0.127857,0.051059,0.029264,0.010040,0.049712,0.006857,0.002204,0.010898,0.053263,0.014816,0.003306,0.002326,0.006979,0.012734,0.003184,0.022897,0.076160,0.035876,0.024244,0.003918,0.023509,0.003184,0.001714,0.004530,0.022652,0.061222,0.027672,0.008081,0.028162,0.077629,0.023019,0.088037,0.210849,0.000000,0.000000,0.000000,0.000000,0.000000,0.000000,0.000000,0.000000,0.000000,0.000000,0.000000,0.000000
/home/ubuntu/all-idb/dataset/healthy/Im237_0.tif,0,8271.500000,356.232544,0.819081,0.727037,0.976737,0.685635,1.456455,3.916891,0.945226,8494.500000,361.404114,0.817262,0.706643,0.974475,0.684930,1.413288,3.921247,0.943979,9.000000,55.112698,0.037235,0.287945,0.121622,0.039130,1.044226,18.370899,0.901704,0.000000,0.000000,0.000000,0.000000,0.000000,0.000000,0.000000,0.000000,0.000000,0.128494,99.047028,37.571072,68.540077,6.045932,9.235861,10.840926,53.830898,8.757722,0.131943,99.273849,38.501446,69.131378,6.265285,10.793925,11.370516,54.580086,9.843227,0.003448,107.725662,73.168144,91.163719,8.156379,6.731122,8.314861,82.495575,7.003949,0.000000,0.000000,0.000000,0.000000,0.000000,0.000000,0.000000,0.000000,0.000000,-8.678635,-2.110446,99.047028,6.045932,-35.597073,2.504739,37.571072,9.235861,-22.623642,2.526065,68.540077,10.840926,-28.664677,1.753773,53.830898,8.757722,0.973864,0.026136,0.000000,37.261063,8421000085504.000000,0.040494,0.038950,0.006294,0.078494,0.002019,0.001781,0.005581,0.103551,0.006413,0.002613,0.001425,0.004631,0.010450,0.001544,0.023275,0.099632,0.045957,0.023631,0.002138,0.020425,0.002494,0.000713,0.002375,0.017219,0.089301,0.019831,0.004513,0.017813,0.084194,0.012350,0.074219,0.155682,0.004425,0.057522,0.000000,0.123894,0.000000,0.000000,0.008850,0.190265,0.000000,0.000000,0.000000,0.000000,0.004425,0.000000,0.022124,0.106195,0.061947,0.026549,0.000000,0.004425,0.000000,0.004425,0.000000,0.000000,0.146018,0.004425,0.000000,0.008850,0.092920,0.004425,0.075221,0.053097,0.000000,0.000000,0.000000,0.000000,0.000000,0.000000,0.000000,0.000000,0.000000,0.000000,0.000000,0.000000,0.000000,0.000000,0.000000,0.000000,0.000000,0.000000,0.000000,0.000000,0.000000,0.000000,0.000000,0.000000,0.000000,0.000000,0.000000,0.000000,0.000000,0.000000,0.000000,0.000000,0.000000,0.000000,0.000000,0.000000,0.000000,0.000000,0.000000,0.000000,0.000000,0.000000,0.000000,0.000000
/home/ubuntu/all-idb/dataset/healthy/Im238_0.tif,0,7425.000000,625.612244,0.238394,0.803016,0.667026,0.498322,1.677972,7.260341,0.632718,8414.000000,600.298523,0.293412,0.809854,0.722294,0.542699,1.704648,6.544343,0.672980,364.000000,674.381836,0.010058,0.803305,0.060561,0.046847,1.679069,35.347210,0.440342,0.000000,0.000000,0.000000,0.000000,0.000000,0.000000,0.000000,0.000000,0.000000,0.117371,84.258194,31.328133,55.052784,8.480907,10.946685,17.791151,44.450600,11.783077,0.132294,86.302422,36.269089,60.759056,10.083521,17.562403,23.813660,49.291809,17.827515,0.014923,102.380371,75.129860,105.639061,6.656370,9.469815,16.354883,87.368095,9.558210,0.000000,0.000000,0.000000,0.000000,0.000000,0.000000,0.000000,0.000000,0.000000,-18.122177,1.824538,84.258194,8.480907,-43.801727,1.476870,31.328133,10.946685,-50.586277,1.436268,55.052784,17.791151,-42.917496,2.224867,44.450600,11.783077,0.887197,0.112803,0.000000,7.865031,7692000165888.000000,0.030681,0.042642,0.002990,0.064613,0.001170,0.001690,0.005460,0.095684,0.004680,0.001300,0.000780,0.002600,0.005460,0.001560,0.022491,0.114795,0.070723,0.027041,0.002210,0.013651,0.001040,0.000260,0.001300,0.012480,0.118565,0.020671,0.003510,0.012350,0.083983,0.007540,0.089574,0.136505,0.018405,0.072597,0.002045,0.064417,0.001022,0.000000,0.005112,0.114519,0.005112,0.001022,0.001022,0.001022,0.008180,0.000000,0.012270,0.121677,0.150307,0.021472,0.001022,0.000000,0.000000,0.000000,0.000000,0.000000,0.186094,0.000000,0.000000,0.000000,0.098160,0.002045,0.082822,0.029652,0.000000,0.000000,0.000000,0.000000,0.000000,0.000000,0.000000,0.000000,0.000000,0.000000,0.000000,0.000000,0.000000,0.000000,0.000000,0.000000,0.000000,0.000000,0.000000,0.000000,0.000000,0.000000,0.000000,0.000000,0.000000,0.000000,0.000000,0.000000,0.000000,0.000000,0.000000,0.000000,0.000000,0.000000,0.000000,0.000000,0.000000,0.000000,0.000000,0.000000,0.000000,0.000000,0.000000,0.000000
/home/ubuntu/all-idb/dataset/healthy/Im239_0.tif,0,7940.500000,346.090393,0.833064,0.542878,0.973936,0.706953,1.190744,3.883878,0.939086,8215.500000,350.918823,0.838360,0.537498,0.974035,0.704891,1.185867,3.871593,0.943069,11.000000,98.225395,0.014327,0.990750,0.078014,0.012776,7.369261,29.616072,0.920804,0.000000,0.000000,0.000000,0.000000,0.000000,0.000000,0.000000,0.000000,0.000000,0.123398,95.419189,35.860271,66.999382,5.381236,8.570803,9.374944,51.961296,7.882632,0.127625,95.796745,37.111309,67.844574,5.773011,10.839561,10.366110,52.991390,9.584826,0.004227,106.819496,73.635376,92.519859,5.936783,4.844206,6.998489,83.064980,4.952055,0.000000,0.000000,0.000000,0.000000,0.000000,0.000000,0.000000,0.000000,0.000000,-11.400307,-0.555547,95.419189,5.381236,-37.775105,3.726597,35.860271,8.570803,-25.520477,2.376455,66.999382,9.374944,-31.103683,2.930576,51.961296,7.882632,0.966882,0.033118,0.000000,29.194946,8086999793664.000000,0.033140,0.035860,0.003462,0.088537,0.003833,0.000989,0.007419,0.093483,0.005688,0.001608,0.001855,0.005070,0.008780,0.002473,0.023247,0.090392,0.042043,0.024236,0.001731,0.019043,0.001113,0.000618,0.001855,0.014344,0.089032,0.020650,0.002844,0.015828,0.089279,0.011624,0.090268,0.169655,0.010830,0.086643,0.003610,0.184116,0.000000,0.000000,0.000000,0.158845,0.000000,0.000000,0.000000,0.000000,0.000000,0.000000,0.014440,0.090253,0.075812,0.014440,0.000000,0.000000,0.000000,0.000000,0.000000,0.000000,0.093863,0.000000,0.000000,0.000000,0.108303,0.000000,0.115523,0.043321,0.000000,0.000000,0.000000,0.000000,0.000000,0.000000,0.000000,0.000000,0.000000,0.000000,0.000000,0.000000,0.000000,0.000000,0.000000,0.000000,0.000000,0.000000,0.000000,0.000000,0.000000,0.000000,0.000000,0.000000,0.000000,0.000000,0.000000,0.000000,0.000000,0.000000,0.000000,0.000000,0.000000,0.000000,0.000000,0.000000,0.000000,0.000000,0.000000,0.000000,0.000000,0.000000,0.000000,0.000000
/home/ubuntu/all-idb/dataset/healthy/Im240_0.tif,0,5938.500000,486.114777,0.315798,0.755773,0.695823,0.469447,1.527106,6.308127,0.730964,7068.500000,433.889404,0.471823,0.750325,0.778598,0.525461,1.512702,5.160780,0.841209,381.000000,176.852814,0.153077,0.959689,0.384460,0.189552,3.557920,9.060444,0.864035,0.000000,0.000000,0.000000,0.000000,0.000000,0.000000,0.000000,0.000000,0.000000,0.093735,84.023117,32.875957,54.935047,6.956069,9.314948,15.821130,45.299690,10.046005,0.110718,86.293823,39.295204,63.108185,8.629194,17.782667,24.763712,51.770123,18.180040,0.016983,98.826591,74.725067,108.218330,5.732078,9.997478,14.586605,87.482483,9.552799,0.000000,0.000000,0.000000,0.000000,0.000000,0.000000,0.000000,0.000000,0.000000,-14.803474,1.223991,84.023117,6.956069,-41.849110,-0.682530,32.875957,9.314948,-53.283283,1.234525,54.935047,15.821130,-42.182793,0.493206,45.299690,10.046005,0.846610,0.153390,0.000000,5.519317,6143000182784.000000,0.030930,0.056161,0.002116,0.085951,0.002116,0.001465,0.004884,0.123067,0.004721,0.001140,0.000488,0.004070,0.007814,0.000814,0.019534,0.086114,0.040534,0.027837,0.001140,0.015139,0.000977,0.000163,0.001140,0.012372,0.106137,0.015953,0.002279,0.012697,0.101742,0.008302,0.088231,0.133974,0.042228,0.120395,0.005391,0.131177,0.001797,0.001797,0.001797,0.190476,0.002695,0.003594,0.000898,0.000898,0.001797,0.000898,0.018868,0.075472,0.072776,0.038634,0.000000,0.005391,0.000000,0.000000,0.000898,0.000898,0.097035,0.000898,0.001797,0.000898,0.115005,0.000898,0.038634,0.026056,0.000000,0.000000,0.000000,0.000000,0.000000,0.000000,0.000000,0.000000,0.000000,0.000000,0.000000,0.000000,0.000000,0.000000,0.000000,0.000000,0.000000,0.000000,0.000000,0.000000,0.000000,0.000000,0.000000,0.000000,0.000000,0.000000,0.000000,0.000000,0.000000,0.000000,0.000000,0.000000,0.000000,0.000000,0.000000,0.000000,0.000000,0.000000,0.000000,0.000000,0.000000,0.000000,0.000000,0.000000
/home/ubuntu/all-idb/dataset/healthy/Im241_0.tif,0,8514.000000,379.646759,0.742308,0.685681,0.944164,0.675714,1.373810,4.114460,0.924688,8890.500000,390.232544,0.733650,0.673961,0.935596,0.680326,1.353607,4.138666,0.920921,44.000000,79.254829,0.088026,0.749568,0.254335,0.095652,1.510739,11.948115,0.807460,0.000000,0.000000,0.000000,0.000000,0.000000,0.000000,0.000000,0.000000,0.000000,0.132370,85.513542,35.139481,71.031700,5.331427,8.071676,7.498075,51.619137,7.256071,0.138199,85.962898,36.516174,71.890472,5.755762,10.319313,8.506591,52.735233,8.918900,0.005829,96.167542,67.780106,91.392670,5.590118,4.973629,6.467619,78.081154,4.431705,0.000000,0.000000,0.000000,0.000000,0.000000,0.000000,0.000000,0.000000,0.000000,-10.653999,-0.258691,85.513542,5.331427,-32.640625,3.098047,35.139481,8.071676,-20.360970,1.030456,71.031700,7.498075,-26.462017,2.824366,51.619137,7.256071,0.957823,0.042177,0.000000,22.709425,8674999795712.000000,0.038271,0.046225,0.006110,0.088069,0.003112,0.001037,0.006686,0.083458,0.007608,0.003112,0.001499,0.005072,0.008761,0.001844,0.020865,0.094294,0.033314,0.026282,0.001844,0.019827,0.001499,0.000692,0.001268,0.017522,0.084957,0.020519,0.004265,0.017291,0.091873,0.010836,0.081499,0.170490,0.031414,0.104712,0.000000,0.143979,0.000000,0.000000,0.002618,0.078534,0.002618,0.000000,0.002618,0.000000,0.000000,0.000000,0.018325,0.120419,0.060209,0.031414,0.000000,0.013089,0.000000,0.000000,0.000000,0.002618,0.109948,0.007853,0.002618,0.002618,0.154450,0.000000,0.062827,0.047120,0.000000,0.000000,0.000000,0.000000,0.000000,0.000000,0.000000,0.000000,0.000000,0.000000,0.000000,0.000000,0.000000,0.000000,0.000000,0.000000,0.000000,0.000000,0.000000,0.000000,0.000000,0.000000,0.000000,0.000000,0.000000,0.000000,0.000000,0.000000,0.000000,0.000000,0.000000,0.000000,0.000000,0.000000,0.000000,0.000000,0.000000,0.000000,0.000000,0.000000,0.000000,0.000000,0.000000,0.000000
/home/ubuntu/all-idb/dataset/healthy/Im242_0.tif,0,6194.000000,309.220337,0.814039,0.421477,0.968645,0.748068,1.102731,3.929004,0.925147,6559.000000,317.563477,0.817309,0.332848,0.965553,0.734490,1.060467,3.921134,0.926615,56.000000,154.852814,0.029347,0.610587,0.087981,0.041667,1.262707,20.693077,0.881376,0.000000,0.000000,0.000000,0.000000,0.000000,0.000000,0.000000,0.000000,0.000000,0.096527,85.423805,31.359310,54.252926,9.441391,12.475726,9.805502,44.364368,10.751770,0.102173,86.530022,33.573475,55.636200,10.300300,15.218401,11.221551,46.204899,12.961290,0.005646,105.443245,71.429733,79.286484,4.167866,3.650499,6.553652,77.672974,3.954959,0.000000,0.000000,0.000000,0.000000,0.000000,0.000000,0.000000,0.000000,0.000000,-20.019440,5.273525,85.423805,9.441391,-40.070423,8.825227,31.359310,12.475726,-25.033558,3.251850,54.252926,9.805502,-33.308605,6.796811,44.364368,10.751770,0.944743,0.055257,0.000000,17.097298,6325999763456.000000,0.032880,0.046159,0.005375,0.071767,0.002687,0.000474,0.006165,0.096902,0.006165,0.001897,0.000948,0.002687,0.008852,0.001265,0.025609,0.094847,0.048846,0.028454,0.000632,0.014543,0.001581,0.000948,0.001739,0.013437,0.101802,0.018653,0.002687,0.016756,0.082833,0.009169,0.089156,0.164085,0.045946,0.100000,0.005405,0.102703,0.000000,0.000000,0.005405,0.089189,0.013514,0.000000,0.000000,0.002703,0.008108,0.005405,0.018919,0.113514,0.064865,0.021622,0.000000,0.005405,0.000000,0.000000,0.005405,0.008108,0.100000,0.018919,0.000000,0.002703,0.102703,0.002703,0.078378,0.078378,0.000000,0.000000,0.000000,0.000000,0.000000,0.000000,0.000000,0.000000,0.000000,0.000000,0.000000,0.000000,0.000000,0.000000,0.000000,0.000000,0.000000,0.000000,0.000000,0.000000,0.000000,0.000000,0.000000,0.000000,0.000000,0.000000,0.000000,0.000000,0.000000,0.000000,0.000000,0.000000,0.000000,0.000000,0.000000,0.000000,0.000000,0.000000,0.000000,0.000000,0.000000,0.000000,0.000000,0.000000
/home/ubuntu/all-idb/dataset/healthy/Im243_0.tif,0,15865.500000,686.423462,0.423135,0.546902,0.922011,0.692938,1.194463,5.449607,0.685872,17333.000000,519.386841,0.807424,0.467512,0.971826,0.741995,1.131239,3.945064,0.919853,335.000000,327.705627,0.039200,0.945556,0.172148,0.075349,3.072577,17.904470,0.747949,0.000000,0.000000,0.000000,0.000000,0.000000,0.000000,0.000000,0.000000,0.000000,0.246490,89.343445,51.681690,95.190231,10.110062,15.707005,19.557053,68.986877,14.424096,0.267883,89.522728,53.824390,96.971008,10.047495,16.929218,19.765823,70.797104,15.264064,0.021393,91.588448,78.512840,117.489304,9.043386,9.153013,5.266800,91.654778,6.893468,0.000000,0.000000,0.000000,0.000000,0.000000,0.000000,0.000000,0.000000,0.000000,-2.245003,1.066676,89.343445,10.110062,-26.831150,6.553991,51.681690,15.707005,-22.299072,14.290253,95.190231,19.557053,-22.667900,7.530628,68.986877,14.424096,0.920141,0.079859,0.000000,11.522111,16154000097280.000000,0.045933,0.053857,0.005881,0.086418,0.003652,0.001114,0.007986,0.093104,0.007738,0.001919,0.001114,0.003714,0.007800,0.001919,0.026557,0.091371,0.052123,0.033614,0.001919,0.020676,0.001919,0.000371,0.001424,0.011452,0.085428,0.017581,0.002724,0.010895,0.077814,0.009967,0.091432,0.140584,0.052068,0.082026,0.007846,0.121969,0.001427,0.001427,0.005706,0.077746,0.006419,0.001427,0.000713,0.002140,0.005706,0.002140,0.027817,0.068474,0.079173,0.041369,0.002853,0.015692,0.002853,0.000713,0.000713,0.009272,0.087019,0.013552,0.002853,0.005706,0.096291,0.007133,0.092725,0.077033,0.000000,0.000000,0.000000,0.000000,0.000000,0.000000,0.000000,0.000000,0.000000,0.000000,0.000000,0.000000,0.000000,0.000000,0.000000,0.000000,0.000000,0.000000,0.000000,0.000000,0.000000,0.000000,0.000000,0.000000,0.000000,0.000000,0.000000,0.000000,0.000000,0.000000,0.000000,0.000000,0.000000,0.000000,0.000000,0.000000,0.000000,0.000000,0.000000,0.000000,0.000000,0.000000,0.000000,0.000000
/home/ubuntu/all-idb/dataset/healthy/Im244_0.tif,0,5937.500000,544.600037,0.251570,0.625978,0.672233,0.463505,1.282313,7.067664,0.646222,7282.000000,521.043701,0.337064,0.604605,0.744276,0.512528,1.255453,6.105888,0.710694,882.500000,1048.330078,0.010091,0.588127,0.090198,0.062113,1.236448,35.289108,0.353231,0.000000,0.000000,0.000000,0.000000,0.000000,0.000000,0.000000,0.000000,0.000000,0.094147,82.577148,31.879093,60.519936,7.851682,9.980596,15.904140,46.220261,11.010350,0.114517,85.320587,39.327782,69.480476,9.483804,18.796606,24.429983,53.583344,19.037325,0.020370,98.000000,73.753555,110.893631,5.015481,9.180582,10.001008,87.613480,8.277968,0.000000,0.000000,0.000000,0.000000,0.000000,0.000000,0.000000,0.000000,0.000000,-15.422852,2.836201,82.577148,7.851682,-41.874462,0.800014,31.879093,9.980596,-50.373695,5.903132,60.519936,15.904140,-41.393219,2.732382,46.220261,11.010350,0.822119,0.177881,0.000000,4.621723,6169999966208.000000,0.030470,0.054619,0.003890,0.094652,0.002107,0.001297,0.004700,0.116045,0.003241,0.000810,0.000324,0.002755,0.006159,0.001459,0.021880,0.093031,0.049433,0.025932,0.000162,0.013938,0.001621,0.000162,0.001459,0.010373,0.093031,0.015073,0.002107,0.009887,0.096921,0.006483,0.093031,0.142950,0.038202,0.082397,0.002996,0.118352,0.001498,0.000000,0.004494,0.114607,0.004494,0.000749,0.000000,0.001498,0.004494,0.001498,0.020225,0.074157,0.094382,0.026217,0.000000,0.004494,0.000000,0.000000,0.000749,0.001498,0.140075,0.008989,0.001498,0.002996,0.114607,0.001498,0.082397,0.050936,0.000000,0.000000,0.000000,0.000000,0.000000,0.000000,0.000000,0.000000,0.000000,0.000000,0.000000,0.000000,0.000000,0.000000,0.000000,0.000000,0.000000,0.000000,0.000000,0.000000,0.000000,0.000000,0.000000,0.000000,0.000000,0.000000,0.000000,0.000000,0.000000,0.000000,0.000000,0.000000,0.000000,0.000000,0.000000,0.000000,0.000000,0.000000,0.000000,0.000000,0.000000,0.000000,0.000000,0.000000
/home/ubuntu/all-idb/dataset/healthy/Im245_0.tif,0,6801.000000,343.906647,0.722606,0.407953,0.939300,0.753908,1.095286,4.170174,0.894331,8135.000000,389.019348,0.675500,0.461937,0.922336,0.719912,1.127507,4.313128,0.891900,7860.000000,361.220337,0.756986,0.226936,0.943408,0.770588,1.026789,4.074374,0.916699,145.000000,79.112701,0.291129,0.974886,0.792350,0.402778,4.490250,6.569952,0.939306,0.106079,81.768990,29.640823,53.420456,7.541685,10.218105,8.476497,42.689442,8.655124,0.126709,84.986633,36.796967,57.940872,10.401880,18.995600,13.685217,48.609825,15.898726,0.016266,100.514069,73.532829,83.179176,6.926869,8.166843,11.453012,79.495308,7.957348,0.004364,105.325172,73.821678,73.751747,4.024731,6.673165,9.028583,77.402100,6.762390,-18.745079,0.614816,-23.556183,3.516954,-43.892006,2.051262,-44.180855,3.544940,-29.758720,-2.976515,-20.331291,-0.552086,-36.805866,0.697775,-34.712658,1.892734,0.837187,0.128372,0.034441,6.521576,24.307692,0.039557,0.035386,0.005754,0.070339,0.004171,0.002158,0.007048,0.065017,0.007192,0.002733,0.001582,0.006185,0.009062,0.002158,0.023015,0.084868,0.035529,0.024453,0.002014,0.018700,0.001295,0.000863,0.002589,0.016110,0.083285,0.020282,0.005610,0.018987,0.091197,0.014816,0.110472,0.187572,0.046904,0.097561,0.006567,0.090994,0.003752,0.002814,0.007505,0.100375,0.005629,0.002814,0.000000,0.000000,0.007505,0.000000,0.025328,0.078799,0.076923,0.026266,0.001876,0.009381,0.000938,0.000000,0.000938,0.006567,0.109756,0.011257,0.003752,0.015009,0.091932,0.006567,0.083490,0.078799,0.034965,0.031469,0.000000,0.034965,0.000000,0.003497,0.003497,0.048951,0.000000,0.000000,0.000000,0.000000,0.000000,0.003497,0.027972,0.069930,0.027972,0.034965,0.000000,0.024476,0.000000,0.003497,0.000000,0.003497,0.094406,0.010490,0.003497,0.003497,0.157343,0.006993,0.195804,0.174825,0.000000,0.000000,0.000000,0.000000,0.000000,0.000000,0.000000,0.000000,0.000000,0.000000,0.000000,0.000000
/home/ubuntu/all-idb/dataset/healthy/Im246_0.tif,0,22358.500000,768.908691,0.475229,0.537298,0.912424,0.684165,1.185688,5.142253,0.731319,24038.000000,662.582825,0.688062,0.473365,0.961732,0.718840,1.135246,4.273572,0.855019,638.500000,248.208145,0.130238,0.765907,0.383138,0.229346,1.555329,9.822806,0.671012,21.500000,21.071068,0.608521,0.832788,0.860000,0.447917,1.806383,4.544303,0.952366,0.346176,87.024948,52.788467,93.766960,8.929678,12.943182,16.570206,68.947548,12.008250,0.371109,87.192055,54.258625,94.776733,8.792904,13.851425,16.591507,70.131409,12.585208,0.024445,89.594879,75.089264,109.404495,6.115721,8.633480,7.465773,87.005615,7.496106,0.000488,85.375000,53.718750,78.375000,6.693047,7.961761,7.936270,64.687500,7.510149,-2.569931,2.813957,1.649948,2.236631,-22.300797,4.309702,-0.930283,4.981421,-15.637535,9.104433,15.391960,8.633936,-18.058067,4.512144,4.260048,4.498101,0.932815,0.065869,0.001316,14.161673,708.968750,0.047428,0.049456,0.005951,0.076696,0.003879,0.001895,0.007714,0.090492,0.007890,0.002160,0.000793,0.002733,0.009477,0.001058,0.028386,0.100983,0.055318,0.032089,0.001851,0.017014,0.001499,0.000617,0.001675,0.013488,0.095429,0.018689,0.002997,0.012827,0.080883,0.009300,0.080663,0.138670,0.068040,0.064295,0.011236,0.102372,0.002497,0.000624,0.007491,0.088639,0.009363,0.003121,0.002497,0.003121,0.007491,0.000624,0.028090,0.073034,0.043695,0.023720,0.003121,0.021848,0.002497,0.000000,0.001248,0.007491,0.106117,0.016854,0.000624,0.006866,0.099875,0.011236,0.086767,0.095506,0.000000,0.000000,0.000000,0.000000,0.000000,0.000000,0.000000,0.000000,0.000000,0.000000,0.000000,0.000000,0.000000,0.000000,0.000000,0.000000,0.000000,0.000000,0.000000,0.000000,0.000000,0.000000,0.000000,0.000000,0.000000,0.000000,0.000000,0.000000,0.000000,0.000000,0.000000,0.000000,0.000000,0.000000,0.000000,0.000000,0.000000,0.000000,0.000000,0.000000,0.000000,0.000000,0.000000,0.000000
/home/ubuntu/all-idb/dataset/healthy/Im247_0.tif,0,8097.000000,344.877197,0.855471,0.471833,0.984139,0.748613,1.134188,3.832679,0.940228,8917.000000,383.161469,0.763247,0.575814,0.957839,0.701022,1.223121,4.057630,0.913745,363.500000,389.747253,0.030071,0.597204,0.069503,0.041157,1.246744,20.442352,0.724888,158.000000,86.769554,0.263713,0.967882,0.656965,0.305019,3.977649,6.903015,0.932297,0.125824,86.756973,32.756851,64.080162,6.342735,8.316833,10.054014,48.282196,7.851940,0.139404,88.397003,36.608582,65.797287,7.977318,14.226727,11.122284,51.242996,11.789819,0.009735,102.641068,72.177116,83.934166,5.183892,5.626987,7.033868,79.166145,5.093851,0.003845,106.000000,72.595238,76.067459,3.332143,3.283384,4.136487,77.432541,3.070503,-15.884094,1.158844,-19.243027,3.010593,-39.420265,2.689846,-39.838387,5.033449,-19.854004,3.020146,-11.987297,5.917527,-30.883949,2.758089,-29.150345,4.781437,0.902583,0.069834,0.027583,12.924765,32.722221,0.035169,0.045840,0.004487,0.076522,0.002789,0.001819,0.007155,0.083919,0.007276,0.001819,0.001091,0.003759,0.008974,0.001334,0.024254,0.108780,0.046689,0.027043,0.002304,0.018312,0.001940,0.000606,0.001577,0.013704,0.077856,0.016735,0.004487,0.015886,0.076279,0.011399,0.102595,0.167596,0.034483,0.086207,0.001567,0.101881,0.003135,0.001567,0.014107,0.086207,0.006270,0.000000,0.000000,0.004702,0.007837,0.003135,0.028213,0.098746,0.084639,0.014107,0.001567,0.006270,0.001567,0.001567,0.000000,0.000000,0.101881,0.006270,0.000000,0.007837,0.062696,0.004702,0.115987,0.112853,0.023810,0.031746,0.003968,0.051587,0.000000,0.003968,0.007937,0.095238,0.019841,0.003968,0.000000,0.003968,0.027778,0.007937,0.019841,0.099206,0.027778,0.039683,0.003968,0.023810,0.003968,0.000000,0.000000,0.047619,0.043651,0.035714,0.003968,0.027778,0.051587,0.019841,0.075397,0.194444,0.000000,0.000000,0.000000,0.000000,0.000000,0.000000,0.000000,0.000000,0.000000,0.000000,0.000000,0.000000
/home/ubuntu/all-idb/dataset/healthy/Im248_0.tif,0,5998.500000,589.712769,0.216756,0.787756,0.622412,0.419476,1.623410,7.614111,0.640133,7149.500000,507.144226,0.349319,0.812907,0.702377,0.478708,1.717052,5.997823,0.762177,349.500000,669.653870,0.009794,0.723652,0.050833,0.030028,1.448929,35.820103,0.499603,0.000000,0.000000,0.000000,0.000000,0.000000,0.000000,0.000000,0.000000,0.000000,0.095352,76.843658,30.279406,59.262604,6.976680,7.946715,12.951612,44.257160,8.699954,0.112411,79.081985,36.390388,65.730827,8.813379,17.088799,20.104193,50.031086,16.534378,0.017059,91.593025,70.547409,101.884613,7.432933,13.995942,13.592923,82.304115,12.268193,0.000000,0.000000,0.000000,0.000000,0.000000,0.000000,0.000000,0.000000,0.000000,-14.749367,-0.456253,76.843658,6.976680,-40.268005,-6.049227,30.279406,7.946715,-42.622009,-0.641311,59.262604,12.951612,-38.046955,-3.568239,44.257160,8.699954,0.848242,0.151758,0.000000,5.589446,6249000206336.000000,0.031365,0.052968,0.003681,0.082413,0.002880,0.001120,0.005121,0.084333,0.006241,0.001760,0.000480,0.004481,0.005921,0.001120,0.020003,0.090895,0.051848,0.032325,0.001600,0.015843,0.001920,0.000800,0.001920,0.012482,0.103377,0.019043,0.002560,0.014402,0.088974,0.008961,0.097296,0.151864,0.040250,0.067979,0.001789,0.079606,0.003578,0.000000,0.005367,0.131485,0.009839,0.000000,0.000000,0.000894,0.008945,0.000000,0.008945,0.074240,0.101968,0.036673,0.001789,0.003578,0.000000,0.000000,0.000000,0.000894,0.198569,0.008050,0.000894,0.003578,0.125224,0.000894,0.073345,0.011628,0.000000,0.000000,0.000000,0.000000,0.000000,0.000000,0.000000,0.000000,0.000000,0.000000,0.000000,0.000000,0.000000,0.000000,0.000000,0.000000,0.000000,0.000000,0.000000,0.000000,0.000000,0.000000,0.000000,0.000000,0.000000,0.000000,0.000000,0.000000,0.000000,0.000000,0.000000,0.000000,0.000000,0.000000,0.000000,0.000000,0.000000,0.000000,0.000000,0.000000,0.000000,0.000000,0.000000,0.000000
/home/ubuntu/all-idb/dataset/healthy/Im249_0.tif,0,6633.500000,321.806122,0.804941,0.690593,0.968748,0.751331,1.382661,3.951145,0.939277,7103.000000,354.534058,0.710127,0.567382,0.915630,0.695554,1.214396,4.206656,0.905928,99.000000,50.284271,0.492018,0.785487,0.750000,0.372180,1.615827,5.053760,0.919829,17.000000,21.313709,0.470263,0.886379,0.790698,0.314815,2.160010,5.169333,0.958209,0.103333,75.264763,27.162138,56.305965,6.062534,7.625636,8.287135,41.359863,6.753726,0.110718,76.629959,29.730154,57.505787,7.935738,12.235275,9.506683,43.381752,10.101255,0.006927,95.255508,65.544052,74.825989,6.122890,7.071165,9.651556,71.709251,5.997360,0.000458,102.933334,67.433334,66.233330,2.293953,2.011357,2.431506,71.099998,1.868154,-19.990746,-0.060356,-27.668571,3.768581,-38.381912,0.554471,-40.271194,5.614279,-18.520023,-1.364421,-9.927364,5.855629,-30.349388,0.756367,-29.740135,4.885572,0.933297,0.062569,0.004135,14.916300,225.733337,0.032044,0.032339,0.005611,0.059067,0.002510,0.001624,0.008269,0.076491,0.008860,0.001181,0.001181,0.004135,0.012699,0.001772,0.026728,0.099084,0.051388,0.018754,0.002658,0.018606,0.001772,0.001329,0.002806,0.015357,0.101742,0.020378,0.005611,0.016686,0.069403,0.012699,0.084318,0.202894,0.028634,0.059471,0.000000,0.094714,0.002203,0.002203,0.000000,0.099119,0.004405,0.000000,0.002203,0.002203,0.002203,0.000000,0.011013,0.176211,0.092511,0.030837,0.000000,0.004405,0.002203,0.000000,0.000000,0.004405,0.121145,0.006608,0.000000,0.004405,0.112335,0.000000,0.059471,0.077093,0.000000,0.000000,0.000000,0.000000,0.000000,0.000000,0.000000,0.000000,0.000000,0.000000,0.000000,0.000000,0.000000,0.000000,0.000000,0.000000,0.000000,0.000000,0.000000,0.000000,0.000000,0.000000,0.000000,0.000000,0.000000,0.000000,0.000000,0.000000,0.000000,0.000000,0.000000,0.000000,0.000000,0.000000,0.000000,0.000000,0.000000,0.000000,0.000000,0.000000,0.000000,0.000000,0.000000,0.000000
/home/ubuntu/all-idb/dataset/healthy/Im250_0.tif,0,12929.000000,726.239685,0.308046,0.680011,0.745768,0.565573,1.363881,6.387009,0.682223,21642.000000,1187.862061,0.192742,0.573581,0.673670,0.491651,1.220779,8.074531,0.595533,1666.500000,188.610168,0.588688,0.823802,0.870008,0.600974,1.764048,4.620218,0.902443,392.000000,94.769554,0.548477,0.932561,0.918033,0.542936,2.769984,4.786585,0.944495,0.202560,87.102371,43.845501,80.554276,5.085454,9.539420,10.137412,59.754047,8.634473,0.338272,83.493073,58.868465,91.296227,9.779939,21.032000,15.905898,71.376610,16.730688,0.035400,91.055176,84.093536,104.880173,10.823047,15.314726,10.317475,91.104744,12.288653,0.012360,87.206169,90.861725,111.067902,14.254935,12.210526,4.032777,96.493828,9.689403,-3.952805,-5.737593,-0.103798,-9.169481,-40.248035,-5.775306,-47.016224,-2.671105,-24.325897,-0.180063,-30.513626,6.104635,-31.350697,-3.654181,-36.739780,-1.054930,0.598809,0.104651,0.036538,5.721983,16.388889,0.043540,0.050245,0.005574,0.069755,0.003842,0.002034,0.007684,0.072618,0.010471,0.002863,0.001055,0.005273,0.009266,0.002260,0.024859,0.083315,0.049416,0.026516,0.002034,0.020565,0.001582,0.001205,0.001733,0.018230,0.094840,0.021695,0.004369,0.018682,0.082712,0.012279,0.080527,0.168964,0.037500,0.092241,0.007759,0.093103,0.003879,0.000862,0.006897,0.076293,0.009483,0.000862,0.001293,0.003448,0.009914,0.002155,0.028017,0.103879,0.038362,0.019828,0.000862,0.012931,0.001724,0.000000,0.001293,0.006897,0.108190,0.008190,0.003879,0.012500,0.077586,0.010345,0.106466,0.113362,0.051852,0.038272,0.009877,0.069136,0.006173,0.001235,0.013580,0.082716,0.012346,0.006173,0.003704,0.009877,0.009877,0.000000,0.019753,0.090123,0.025926,0.007407,0.002469,0.024691,0.001235,0.002469,0.003704,0.018519,0.059259,0.024691,0.003704,0.023457,0.056790,0.014815,0.061728,0.244444,0.000000,0.000000,0.000000,0.000000,0.000000,0.000000,0.000000,0.000000,0.000000,0.000000,0.000000,0.000000
/home/ubuntu/all-idb/dataset/healthy/Im251_0.tif,0,8040.000000,685.009216,0.215314,0.582372,0.624030,0.488101,1.230130,7.639561,0.616453,65025.000000,1020.000000,0.785398,0.000000,1.000000,0.992203,0.000000,4.000000,1.000000,14820.000000,708.666077,0.370830,0.561415,0.849381,0.672658,1.208409,5.821268,0.685270,23800.000000,623.470154,0.769406,0.492492,0.956361,0.763800,1.149007,4.041357,0.920664,0.127075,68.615997,30.594860,56.023655,6.999863,8.732269,13.480758,42.531460,8.994954,1.000000,84.766968,87.899719,99.664658,11.823750,25.379961,18.237089,91.066864,21.075193,0.103622,91.343544,91.424530,102.245323,5.739594,12.746010,11.033232,94.650124,10.165083,0.136551,93.121468,99.867691,106.817184,3.244859,7.093231,2.915982,101.181137,4.909772,-22.727547,1.260268,-24.505470,3.755004,-60.829670,-4.013741,-69.272827,1.639038,-46.221668,2.447526,-50.793530,10.564775,-52.118664,-1.170129,-58.649677,4.085182,0.127075,0.103622,0.136551,1.226329,0.930607,0.036623,0.055355,0.004683,0.082853,0.003002,0.000720,0.006124,0.088377,0.004323,0.001561,0.000720,0.003602,0.005884,0.001681,0.021134,0.074087,0.046830,0.029179,0.001321,0.015730,0.001681,0.000480,0.001201,0.014169,0.105307,0.017891,0.002882,0.014649,0.116595,0.009246,0.095701,0.136407,0.049772,0.049772,0.008835,0.081873,0.003976,0.002062,0.011486,0.093948,0.013253,0.003092,0.001178,0.007510,0.009866,0.002503,0.026211,0.088941,0.045060,0.020763,0.003681,0.015462,0.001767,0.000736,0.003240,0.011486,0.093801,0.014873,0.003829,0.015167,0.068178,0.012075,0.099691,0.135915,0.059448,0.038105,0.013968,0.067047,0.007375,0.002794,0.012068,0.067270,0.014080,0.004246,0.003129,0.007487,0.013968,0.004246,0.023131,0.082020,0.023802,0.018550,0.004246,0.024919,0.001788,0.001676,0.003352,0.021567,0.046039,0.023355,0.007040,0.023690,0.059224,0.018997,0.075874,0.225500,0.000000,0.000000,0.000000,0.000000,0.000000,0.000000,0.000000,0.000000,0.000000,0.000000,0.000000,0.000000
/home/ubuntu/all-idb/dataset/healthy/Im252_0.tif,0,1382.500000,144.124893,0.836367,0.573650,0.966108,0.700355,1.220851,3.876202,0.949914,10473.500000,453.203094,0.640790,0.574340,0.909119,0.753543,1.221573,4.428401,0.868758,637.000000,335.705627,0.071028,0.555657,0.277499,0.207222,1.202774,13.301141,0.517877,1380.500000,247.722870,0.282692,0.630962,0.526908,0.285936,1.288969,6.667268,0.850557,0.022049,93.305885,37.427681,73.410378,6.206749,9.808537,13.018848,54.564014,9.631815,0.162796,98.015091,54.650200,85.484863,9.563991,30.232136,23.206774,68.815071,25.392660,0.011917,108.516006,91.700386,113.490395,7.166490,19.888288,12.157269,100.131882,15.572860,0.022720,101.390869,69.275352,95.490936,9.649899,35.201263,25.405062,80.778374,29.175056,-15.210121,-0.959741,-8.084984,-3.443151,-54.272705,-10.079752,-31.847672,-25.392727,-40.080017,0.861579,-22.080559,-12.386213,-45.567867,-5.941045,-26.214359,-19.543242,0.135439,0.073203,0.139563,1.850192,0.970450,0.032526,0.047059,0.001384,0.094810,0.008304,0.001384,0.005536,0.111419,0.007612,0.000692,0.000692,0.004152,0.004844,0.000692,0.022145,0.102422,0.060208,0.038062,0.002076,0.020761,0.004152,0.000000,0.001384,0.016609,0.086505,0.022837,0.004152,0.011765,0.089273,0.008997,0.066436,0.121107,0.053777,0.069142,0.005122,0.089629,0.001280,0.000000,0.005122,0.166453,0.011524,0.002561,0.001280,0.002561,0.008963,0.002561,0.019206,0.075544,0.069142,0.014085,0.003841,0.014085,0.000000,0.000000,0.002561,0.008963,0.108835,0.008963,0.003841,0.006402,0.081946,0.002561,0.072983,0.087068,0.047011,0.049698,0.009402,0.115514,0.001343,0.000672,0.008059,0.126259,0.009402,0.004030,0.000000,0.006044,0.010745,0.005373,0.027535,0.058428,0.040967,0.031565,0.001343,0.020148,0.000672,0.002015,0.002015,0.010074,0.051041,0.016118,0.004030,0.011417,0.096038,0.006044,0.061786,0.165212,0.000000,0.000000,0.000000,0.000000,0.000000,0.000000,0.000000,0.000000,0.000000,0.000000,0.000000,0.000000
/home/ubuntu/all-idb/dataset/healthy/Im253_0.tif,0,5916.500000,293.521851,0.862966,0.427035,0.977772,0.774006,1.105907,3.815997,0.950587,64766.000000,1022.627441,0.778255,0.923383,0.997536,0.988251,2.604974,4.018314,0.992093,9037.500000,359.462982,0.878921,0.386613,0.985551,0.782874,1.084314,3.781203,0.952448,14454.500000,452.717804,0.886253,0.358427,0.989628,0.787797,1.071171,3.765529,0.951473,0.092239,80.769562,28.487841,43.216709,7.542589,9.188643,7.987585,38.846485,7.739509,0.996017,95.991882,97.533974,114.984680,14.693954,27.825600,24.147890,102.584221,24.232801,0.048050,112.683708,111.835182,114.045097,7.985716,20.987177,20.381496,112.599876,18.984774,0.083267,110.673996,121.152832,126.005867,8.744884,10.622934,4.327355,121.428810,8.242639,-31.914146,-0.443127,-29.904434,-1.202294,-83.347343,-11.798533,-92.664993,-1.434291,-70.828384,-12.393911,-82.789154,3.660229,-73.753387,-11.245264,-82.582321,-0.503129,0.092608,0.048242,0.083600,1.919657,1.107751,0.033747,0.052936,0.004632,0.071795,0.004467,0.001489,0.005294,0.084367,0.006452,0.002481,0.001158,0.004632,0.005790,0.002481,0.022002,0.097270,0.043672,0.024483,0.002316,0.019686,0.001158,0.000993,0.001158,0.015385,0.091811,0.019024,0.003474,0.019024,0.074276,0.008768,0.086683,0.187097,0.046681,0.067005,0.008574,0.082566,0.003176,0.000635,0.006669,0.076215,0.012067,0.002858,0.001270,0.004128,0.006986,0.002540,0.023817,0.086694,0.067323,0.026993,0.002540,0.011115,0.001270,0.000635,0.002223,0.010162,0.100349,0.012067,0.003493,0.013655,0.092728,0.009844,0.086694,0.127024,0.045080,0.025838,0.007880,0.051310,0.005131,0.001833,0.009529,0.068902,0.013194,0.002932,0.002932,0.005314,0.011362,0.002566,0.024739,0.073850,0.033352,0.023639,0.003115,0.024739,0.002016,0.001833,0.003299,0.019241,0.087594,0.024372,0.006231,0.026938,0.071651,0.018325,0.068902,0.232362,0.000000,0.000000,0.000000,0.000000,0.000000,0.000000,0.000000,0.000000,0.000000,0.000000,0.000000,0.000000
/home/ubuntu/all-idb/dataset/healthy/Im254_0.tif,0,14687.000000,535.445740,0.643742,0.852284,0.922695,0.676571,1.911757,4.418236,0.929604,65025.000000,1020.000000,0.785398,0.000000,1.000000,0.992203,0.000000,4.000000,1.000000,20051.000000,596.901611,0.707197,0.818414,0.946561,0.718571,1.740252,4.215360,0.936574,7524.500000,1240.531128,0.061443,0.771718,0.258850,0.207905,1.572414,14.301080,0.513496,0.227707,104.110901,53.524158,94.759972,5.248457,8.268820,8.269129,71.622795,7.405523,1.000000,102.363602,94.705109,115.622208,12.458241,26.602625,13.460401,101.836472,19.773603,0.082260,104.757370,98.168800,115.399551,12.985607,14.082082,6.602380,104.067337,10.575313,0.123154,103.840042,105.488419,119.331062,14.576738,13.768961,5.616314,109.440964,10.386590,-0.646469,-7.737150,0.270859,-9.328281,-44.644642,-5.813262,-51.964260,-5.500141,-20.639580,1.666749,-24.571091,2.652815,-32.444542,-3.169790,-37.818169,-2.981067,0.227707,0.082260,0.123154,2.768132,1.848965,0.047444,0.052335,0.008242,0.090263,0.004155,0.002077,0.008309,0.074181,0.010722,0.004155,0.002144,0.005629,0.010119,0.002613,0.021711,0.086243,0.029485,0.027675,0.002412,0.025464,0.002680,0.001608,0.002546,0.019433,0.059975,0.021845,0.003887,0.019902,0.082088,0.014206,0.078335,0.178114,0.050977,0.069767,0.010233,0.137488,0.004465,0.001674,0.010419,0.058977,0.009860,0.002977,0.001302,0.004651,0.011163,0.002233,0.026233,0.085395,0.033116,0.018233,0.002605,0.018233,0.002419,0.000558,0.001302,0.013023,0.060279,0.015442,0.003907,0.017488,0.096000,0.008558,0.081860,0.139163,0.058025,0.040593,0.009588,0.062508,0.006475,0.002366,0.012701,0.061636,0.016561,0.004234,0.001494,0.006973,0.012576,0.004358,0.027394,0.074337,0.031876,0.023658,0.002988,0.027892,0.002615,0.001245,0.003985,0.024530,0.052422,0.028265,0.005105,0.026771,0.055784,0.017308,0.071473,0.222264,0.000000,0.000000,0.000000,0.000000,0.000000,0.000000,0.000000,0.000000,0.000000,0.000000,0.000000,0.000000
/home/ubuntu/all-idb/dataset/healthy/Im255_0.tif,0,10637.500000,442.717804,0.682017,0.472827,0.934179,0.659567,1.134874,4.292470,0.886666,11049.000000,455.303589,0.669778,0.337567,0.938025,0.685082,1.062359,4.331513,0.878441,119.500000,119.497475,0.105162,0.908158,0.275029,0.153205,2.388759,10.931375,0.787241,22.500000,21.071068,0.636824,0.822761,0.900000,0.500000,1.759362,4.442171,0.962680,0.165237,98.855667,44.990211,88.634407,5.390927,9.237486,10.677837,64.175179,8.647842,0.171616,98.735748,46.054504,89.309769,5.484272,10.677984,11.423042,64.988976,9.599856,0.005875,95.519478,74.620781,109.298698,7.036105,7.739364,13.375172,87.394806,8.026255,0.000504,96.909088,62.030304,77.727272,2.789196,3.494453,4.992557,70.636360,3.208117,3.336189,-1.645178,1.946579,2.601731,-29.630569,1.498122,-17.040092,5.743033,-20.664291,-2.697334,10.907135,5.685281,-23.219627,0.621588,-6.461182,5.439726,0.962835,0.034231,0.002934,28.127274,328.151520,0.040632,0.043864,0.004894,0.071936,0.003140,0.001016,0.007111,0.083018,0.006095,0.002863,0.001200,0.005356,0.008865,0.001385,0.022717,0.088004,0.055314,0.032321,0.002401,0.021332,0.001847,0.001016,0.001847,0.014960,0.097978,0.023179,0.004340,0.014960,0.084957,0.011543,0.087820,0.152092,0.046753,0.070130,0.000000,0.075325,0.000000,0.000000,0.000000,0.202597,0.002597,0.002597,0.000000,0.005195,0.007792,0.000000,0.007792,0.119481,0.119481,0.046753,0.000000,0.005195,0.000000,0.000000,0.000000,0.002597,0.109091,0.005195,0.000000,0.002597,0.044156,0.002597,0.093506,0.028571,0.000000,0.000000,0.000000,0.000000,0.000000,0.000000,0.000000,0.000000,0.000000,0.000000,0.000000,0.000000,0.000000,0.000000,0.000000,0.000000,0.000000,0.000000,0.000000,0.000000,0.000000,0.000000,0.000000,0.000000,0.000000,0.000000,0.000000,0.000000,0.000000,0.000000,0.000000,0.000000,0.000000,0.000000,0.000000,0.000000,0.000000,0.000000,0.000000,0.000000,0.000000,0.000000,0.000000,0.000000
/home/ubuntu/all-idb/dataset/healthy/Im256_0.tif,0,9507.500000,767.536133,0.202805,0.727162,0.668883,0.447054,1.456738,7.871648,0.584450,10894.500000,715.109741,0.267714,0.723822,0.700836,0.474499,1.449303,6.851238,0.651479,302.000000,292.735077,0.044286,0.461445,0.128374,0.075462,1.127181,16.845011,0.676945,0.000000,0.000000,0.000000,0.000000,0.000000,0.000000,0.000000,0.000000,0.000000,0.150024,106.997154,38.571602,93.203110,7.699278,12.716328,16.117556,62.702602,12.440258,0.170883,108.611397,44.335117,98.305031,8.774353,19.877253,20.763372,67.796318,18.247972,0.020508,120.182289,85.850449,134.965027,7.155290,10.862196,11.461613,104.453125,9.337307,0.000000,0.000000,0.000000,0.000000,0.000000,0.000000,0.000000,0.000000,0.000000,-13.185135,0.543988,106.997154,7.699278,-47.278847,1.854132,38.571602,12.716328,-41.761917,4.655943,93.203110,16.117556,-41.750523,3.102951,62.702602,12.440258,0.877936,0.120011,0.002054,7.315476,427.478271,0.036513,0.054109,0.003763,0.076383,0.002543,0.000915,0.005492,0.103845,0.003865,0.002136,0.000610,0.002644,0.006408,0.001322,0.024105,0.099776,0.056448,0.029292,0.001322,0.016884,0.000814,0.000712,0.001119,0.012103,0.107099,0.016782,0.003153,0.009154,0.093775,0.006814,0.086859,0.133238,0.047619,0.081101,0.000744,0.066964,0.000744,0.001488,0.003720,0.087054,0.004464,0.001488,0.000744,0.004464,0.006696,0.000000,0.029018,0.095982,0.110119,0.058780,0.002232,0.008929,0.000000,0.000000,0.000744,0.003720,0.165923,0.006696,0.001488,0.005208,0.077381,0.002232,0.072917,0.051339,0.000000,0.000000,0.000000,0.000000,0.000000,0.000000,0.000000,0.000000,0.000000,0.000000,0.000000,0.000000,0.000000,0.000000,0.000000,0.000000,0.000000,0.000000,0.000000,0.000000,0.000000,0.000000,0.000000,0.000000,0.000000,0.000000,0.000000,0.000000,0.000000,0.000000,0.000000,0.000000,0.000000,0.000000,0.000000,0.000000,0.000000,0.000000,0.000000,0.000000,0.000000,0.000000,0.000000,0.000000
/home/ubuntu/all-idb/dataset/healthy/Im257_0.tif,0,9681.000000,428.617310,0.662202,0.507999,0.911625,0.657141,1.160958,4.356218,0.882799,10267.000000,465.931030,0.594306,0.555522,0.885163,0.629105,1.202643,4.598327,0.860270,107.000000,301.279205,0.014813,0.898764,0.041561,0.023475,2.280856,29.125761,0.814730,44.000000,28.485281,0.681430,0.801729,0.888889,0.571429,1.673116,4.294318,0.953699,0.150513,109.526360,46.319443,96.995033,10.212211,27.806559,25.248131,68.676804,24.443285,0.160599,110.319618,48.859856,99.424896,10.498750,28.742500,26.349463,70.985275,25.374285,0.009155,122.313332,87.190002,135.613327,7.188312,9.086285,12.186898,105.675003,8.433428,0.000931,120.622948,82.639343,136.393448,4.791263,7.915606,6.990107,103.065575,7.056839,-12.786972,3.023899,-11.096588,5.420948,-40.870560,18.720274,-36.319901,19.890953,-38.618294,13.061233,-39.398415,18.258024,-36.998199,16.009857,-34.388771,17.386446,0.937197,0.057007,0.005796,16.440001,161.704926,0.037713,0.053629,0.004258,0.082624,0.001723,0.000811,0.005272,0.087490,0.005981,0.001217,0.001014,0.002230,0.007705,0.001318,0.025852,0.110300,0.066403,0.027778,0.000811,0.012672,0.001622,0.001014,0.001723,0.011760,0.113950,0.015308,0.002636,0.009732,0.071979,0.007806,0.089720,0.135949,0.018333,0.098333,0.003333,0.115000,0.000000,0.000000,0.001667,0.105000,0.008333,0.000000,0.000000,0.001667,0.003333,0.000000,0.018333,0.073333,0.096667,0.028333,0.000000,0.001667,0.000000,0.000000,0.000000,0.000000,0.161667,0.001667,0.000000,0.005000,0.093333,0.000000,0.110000,0.055000,0.000000,0.000000,0.000000,0.081967,0.000000,0.000000,0.000000,0.114754,0.000000,0.000000,0.000000,0.000000,0.000000,0.000000,0.000000,0.196721,0.065574,0.016393,0.000000,0.032787,0.000000,0.000000,0.016393,0.032787,0.180328,0.016393,0.000000,0.000000,0.065574,0.000000,0.032787,0.147541,0.000000,0.000000,0.000000,0.000000,0.000000,0.000000,0.000000,0.000000,0.000000,0.000000,0.000000,0.000000
/home/ubuntu/all-idb/dataset/healthy/Im258_0.tif,0,2259.500000,226.350281,0.554192,0.713458,0.862405,0.512358,1.427149,4.761841,0.849173,15922.500000,717.286377,0.388898,0.803500,0.765965,0.547843,1.679811,5.684430,0.789157,3490.000000,257.421356,0.661830,0.547037,0.920844,0.582249,1.194589,4.357444,0.890228,257.000000,79.740112,0.507913,0.876042,0.846787,0.407937,2.073682,4.974051,0.930304,0.035919,126.695839,71.127014,116.901016,3.889086,14.594447,7.490349,91.156754,10.789150,0.247849,117.386932,114.288002,140.057129,13.349191,25.269865,14.115553,122.337189,19.376169,0.018997,130.303619,103.300400,128.852203,3.042039,5.926704,5.124695,114.012848,4.610952,0.004745,120.446945,109.154343,131.614151,10.341263,7.751069,9.169307,117.151123,6.668036,-3.607780,0.847046,6.248894,-6.452177,-32.173386,8.667743,-38.027328,6.843378,-11.951187,2.365654,-14.713135,-1.678958,-22.856094,6.178198,-25.994370,4.121115,0.144924,0.076648,0.019147,1.890763,7.569132,0.031011,0.053526,0.002974,0.097281,0.000850,0.000425,0.005523,0.119796,0.002549,0.001274,0.000000,0.002124,0.005523,0.000425,0.022515,0.115548,0.059048,0.039507,0.001274,0.016568,0.000425,0.000425,0.000850,0.011895,0.080714,0.019966,0.001274,0.012319,0.093033,0.008496,0.081563,0.111300,0.036948,0.056225,0.004016,0.082731,0.005622,0.001606,0.008032,0.115663,0.007229,0.001606,0.000000,0.001606,0.008835,0.002410,0.019277,0.096386,0.049799,0.036145,0.001606,0.011245,0.000803,0.000000,0.001606,0.010442,0.099598,0.013655,0.002410,0.009639,0.115663,0.004016,0.081928,0.113253,0.028939,0.006431,0.006431,0.035370,0.000000,0.000000,0.003215,0.077170,0.006431,0.000000,0.000000,0.000000,0.019293,0.000000,0.028939,0.048232,0.041801,0.022508,0.000000,0.022508,0.000000,0.000000,0.006431,0.006431,0.160772,0.016077,0.000000,0.022508,0.093248,0.009646,0.151125,0.186495,0.000000,0.000000,0.000000,0.000000,0.000000,0.000000,0.000000,0.000000,0.000000,0.000000,0.000000,0.000000
/home/ubuntu/all-idb/dataset/healthy/Im259_0.tif,0,9070.500000,366.007141,0.850868,0.445760,0.985228,0.804836,1.117128,3.843031,0.953851,9241.000000,369.421356,0.850912,0.485735,0.986338,0.805948,1.144026,3.842930,0.953575,1.000000,25.313707,0.019611,0.999875,0.074074,0.016667,63.377567,25.313707,0.955348,0.000000,0.000000,0.000000,0.000000,0.000000,0.000000,0.000000,0.000000,0.000000,0.140900,115.942276,38.069958,98.917259,5.731164,10.267817,9.816757,65.143921,9.057393,0.143524,116.129494,38.909100,99.323624,5.880103,11.900195,10.197313,65.779610,10.124066,0.002625,126.180229,83.959305,121.139534,4.951752,4.123610,5.299545,99.906975,3.815903,0.000000,0.000000,0.000000,0.000000,0.000000,0.000000,0.000000,0.000000,0.000000,-10.237953,0.779413,115.942276,5.731164,-45.889347,6.144207,38.069958,10.267817,-22.222275,4.517212,98.917259,9.816757,-34.763054,5.241490,65.143921,9.057393,0.981714,0.018286,0.000000,53.686047,9234000379904.000000,0.043535,0.047325,0.005631,0.059238,0.004440,0.001083,0.007147,0.086961,0.008122,0.003899,0.000975,0.004332,0.009313,0.002382,0.020793,0.110678,0.048300,0.026099,0.001733,0.022309,0.001083,0.001191,0.002058,0.014728,0.090318,0.020576,0.004332,0.016786,0.079056,0.009855,0.078947,0.166775,0.011628,0.162791,0.000000,0.046512,0.000000,0.000000,0.000000,0.220930,0.000000,0.000000,0.000000,0.000000,0.000000,0.000000,0.005814,0.081395,0.081395,0.005814,0.000000,0.000000,0.000000,0.000000,0.000000,0.000000,0.151163,0.000000,0.000000,0.000000,0.139535,0.000000,0.093023,0.000000,0.000000,0.000000,0.000000,0.000000,0.000000,0.000000,0.000000,0.000000,0.000000,0.000000,0.000000,0.000000,0.000000,0.000000,0.000000,0.000000,0.000000,0.000000,0.000000,0.000000,0.000000,0.000000,0.000000,0.000000,0.000000,0.000000,0.000000,0.000000,0.000000,0.000000,0.000000,0.000000,0.000000,0.000000,0.000000,0.000000,0.000000,0.000000,0.000000,0.000000,0.000000,0.000000,0.000000,0.000000
/home/ubuntu/all-idb/dataset/healthy/Im260_0.tif,0,0.000000,0.000000,0.000000,0.000000,0.000000,0.000000,0.000000,0.000000,0.000000,15765.000000,626.735046,0.504354,0.889044,0.885301,0.631509,2.184259,4.991568,0.875688,0.000000,0.000000,0.000000,0.000000,0.000000,0.000000,0.000000,0.000000,0.000000,0.000000,0.000000,0.000000,0.000000,0.000000,0.000000,0.000000,0.000000,0.000000,0.000000,0.000000,0.000000,0.000000,0.000000,0.000000,0.000000,0.000000,0.000000,0.245010,108.495979,116.406113,138.390671,9.044822,10.933044,6.301136,122.074799,9.040977,0.000000,0.000000,0.000000,0.000000,0.000000,0.000000,0.000000,0.000000,0.000000,0.000000,0.000000,0.000000,0.000000,0.000000,0.000000,0.000000,0.000000,0.000000,0.000000,0.000000,0.000000,0.000000,0.000000,0.000000,0.000000,0.000000,0.000000,0.000000,0.000000,0.000000,0.000000,0.000000,0.000000,0.000000,0.000000,0.000000,0.000000,0.000000,0.000000,0.000000,0.000000,0.000000,0.000000,0.000000,0.000000,0.000000,0.000000,0.000000,0.000000,0.000000,0.000000,0.000000,0.000000,0.000000,0.000000,0.000000,0.000000,0.000000,0.000000,0.000000,0.000000,0.000000,0.000000,0.000000,0.000000,0.000000,0.000000,0.000000,0.000000,0.000000,0.000000,0.000000,0.000000,0.000000,0.000000,0.000000,0.000000,0.000000,0.000000,0.000000,0.000000,0.000000,0.000000,0.000000,0.000000,0.000000,0.000000,0.000000,0.000000,0.000000,0.000000,0.000000,0.000000,0.000000,0.000000,0.000000,0.000000,0.000000,0.000000,0.000000,0.000000,0.000000,0.000000,0.000000,0.000000,0.000000,0.000000,0.000000,0.000000,0.000000,0.000000,0.000000,0.000000,0.000000,0.000000,0.000000,0.000000,0.000000,0.000000,0.000000,0.000000,0.000000,0.000000,0.000000,0.000000,0.000000,0.000000,0.000000,0.000000,0.000000,0.000000,0.000000,0.000000,0.000000,0.000000,0.000000,0.000000,0.000000,0.000000,0.000000,0.000000,0.000000,0.000000,0.000000,0.000000,0.000000,0.000000
